id,x,y,elevation,slope,road_density,gdp_per_capita,pop_density,river_dist,farmland_ratio,y_area_change,t1_PD,t1_AI,t1_CONN,t1_FRAC,t2_PD,t2_AI,t2_CONN,t2_FRAC,true_type
0,0.0,0.0,554.0203179333494,30.0,0.29218469380561324,2.347279585044489,1.9819396148005097,4.7073468979283035,0.24121219070515562,2.687652400739632,2000.0,25.0,0.3333333333333333,1.3652123889719707,400.0,56.25,1.0,1.2090619551221675,aggregating
1,4.137931034482759,0.0,424.06871298623713,22.78159516590206,0.0,1.2688460953232337,117.49447734556702,0.0,0.202870858976982,4.914075542838092,2000.0,25.0,0.5,1.3652123889719707,2500.0,35.59322033898305,0.8,1.0459431618637296,expanding
2,8.275862068965518,0.0,294.11710803912484,15.562061557729157,0.0,0.0,233.0070150763335,0.0,0.3726367076876039,2.1288369086520347,2000.0,25.0,0.5,1.3652123889719707,2500.0,35.59322033898305,0.8,1.0459431618637296,expanding
3,12.413793103448278,0.0,579.5781602890982,30.0,0.0,1.3189480912818312,0.0,0.0,0.17103842089767227,5.34083059163147,2000.0,25.0,0.5,1.3652123889719707,2500.0,35.59322033898305,0.8,1.0459431618637296,expanding
4,16.551724137931036,0.0,896.9940323234624,30.0,0.0,0.0,0.0,0.0,0.28286879266806664,10.425460797011034,2000.0,25.0,0.5,1.3652123889719707,2500.0,35.59322033898305,0.8,1.0459431618637296,expanding
5,20.689655172413794,0.0,1003.74355922538,30.0,0.03700110915112276,0.0,0.0,1.7395053693111266,0.10099689303491052,12.464500101783418,2000.0,25.0,0.5,1.3652123889719707,2500.0,35.59322033898305,0.8,1.0459431618637296,expanding
6,24.827586206896555,0.0,1003.2138435021848,30.0,0.24948600467123255,0.0,0.0,9.943325046893715,0.0,11.540522911476371,2000.0,25.0,0.5,1.3652123889719707,2500.0,35.59322033898305,0.8,1.0459431618637296,expanding
7,28.965517241379313,0.0,657.1707593160139,30.0,0.0,1.5855697664281962,0.0,9.173948834131073,0.1150196457399951,5.461357053576122,2000.0,25.0,0.5,1.3652123889719707,2500.0,35.59322033898305,0.8,1.0459431618637296,expanding
8,33.10344827586207,0.0,216.89675645812255,11.272042025451253,0.0,0.0,301.6473275927799,5.957337378547008,0.22673235323587235,1.9032305999929233,2000.0,25.0,0.5,1.3652123889719707,2500.0,35.59322033898305,0.8,1.0459431618637296,expanding
9,37.24137931034483,0.0,137.48302448006274,6.860168026670151,0.0,0.0,372.23731157327757,6.77311474088909,0.19075246170553736,0.29500408714243936,2000.0,25.0,0.5,1.3652123889719707,2500.0,35.59322033898305,0.8,1.0459431618637296,expanding
10,41.37931034482759,0.0,181.11663396472633,9.284257442484796,0.0,1.7008778215829756,333.4518809202433,9.344493243033925,0.19281873456586437,0.37473121543767873,769.2307692307693,44.44444444444444,0.5,1.2549471261506067,769.2307692307693,44.44444444444444,0.5,1.2549471261506067,stable
11,45.51724137931035,0.0,253.81472522313297,13.323040290174054,0.0,2.3435277513325223,268.83135535721516,10.549244104683734,0.18533986861604523,2.9739151919088824,400.0,56.25,1.0,1.2090619551221675,10000.0,0.0,0.25,1.0,fragmenting
12,49.65517241379311,0.0,366.32282512162817,19.5734902845349,0.0,1.7150546413611156,168.82415544744163,10.836262263133754,0.18524742924718554,3.246858897988089,2000.0,25.0,0.3333333333333333,1.3652123889719707,400.0,56.25,1.0,1.2090619551221675,aggregating
13,53.793103448275865,0.0,326.0168556298541,17.334269757214116,0.0,0.0,204.65168388457414,12.807020793488691,0.18021822770859575,0.9052660288294401,769.2307692307693,44.44444444444444,0.5,1.2549471261506067,769.2307692307693,44.44444444444444,0.5,1.2549471261506067,stable
14,57.931034482758626,0.0,171.10033409537812,8.727796338632118,0.0,0.0,342.3552585818861,16.04058460277232,0.17321575381463808,0.5180641359813432,2000.0,25.0,0.3333333333333333,1.3652123889719707,400.0,56.25,1.0,1.2090619551221675,aggregating
15,62.06896551724138,0.0,119.7543143687952,5.87523968715529,0.0,0.0,387.99616500551537,16.04310272897806,0.3168327831012596,-0.6117916054852781,400.0,56.25,1.0,1.2090619551221675,10000.0,0.0,0.25,1.0,fragmenting
16,66.20689655172414,0.0,171.9787964501053,8.776599802783629,0.0,0.0,341.57440315546194,12.814575172105922,0.5452018090852209,-1.1043806153669644,769.2307692307693,44.44444444444444,0.5,1.2549471261506067,769.2307692307693,44.44444444444444,0.5,1.2549471261506067,stable
17,70.3448275862069,0.0,154.75063893198353,7.819479940665752,0.52584358297874,0.0,356.888320949348,4.316409393850561,0.49709387300132263,-0.5580875978591269,769.2307692307693,44.44444444444444,0.5,1.2549471261506067,769.2307692307693,44.44444444444444,0.5,1.2549471261506067,stable
18,74.48275862068967,0.0,44.91896194795317,1.7177201082196207,1.563416047676054,0.0,454.5164782684861,0.0,0.0,-1.3056106115291102,769.2307692307693,44.44444444444444,0.5,1.2549471261506067,769.2307692307693,44.44444444444444,0.5,1.2549471261506067,stable
19,78.62068965517241,0.0,65.9936364193163,2.8885353566286835,1.203891659234701,0.0,435.78343429394107,0.0,0.0,0.8571733085909352,769.2307692307693,44.44444444444444,0.5,1.2549471261506067,769.2307692307693,44.44444444444444,0.5,1.2549471261506067,stable
20,82.75862068965517,0.0,287.19079766985675,15.177266537214264,0.0,5.925033201489448,239.16373540457178,0.0,0.0,5.3704117225083,2000.0,25.0,0.3333333333333333,1.3652123889719707,400.0,56.25,1.0,1.2090619551221675,aggregating
21,86.89655172413794,0.0,415.8594891653054,22.3255271758503,0.0,6.562483880720803,124.7915651863952,4.564947009278678,0.08107655198801358,5.489281961216264,400.0,56.25,1.0,1.2090619551221675,10000.0,0.0,0.25,1.0,fragmenting
22,91.0344827586207,0.0,357.59318857368606,19.088510476315893,0.0,10.240946560271903,176.58383237894571,0.0,0.04521661729526025,3.8361948452970625,769.2307692307693,44.44444444444444,0.5,1.2549471261506067,769.2307692307693,44.44444444444444,0.5,1.2549471261506067,stable
23,95.17241379310346,0.0,280.66990177349425,14.814994542971903,0.0,14.454615937486775,244.96008731244956,0.0,0.01712932477631704,6.934810119650483,2000.0,25.0,0.3333333333333333,1.3652123889719707,400.0,56.25,1.0,1.2090619551221675,aggregating
24,99.31034482758622,0.0,135.3376655418703,6.740981418992796,0.0,15.989152676380966,374.14429729611527,0.0,0.0,10.325577151778829,769.2307692307693,44.44444444444444,0.5,1.2549471261506067,769.2307692307693,44.44444444444444,0.5,1.2549471261506067,stable
25,103.44827586206897,0.0,78.3531182541518,3.575173236341766,0.3795824368551073,11.158213864275528,424.79722821853176,0.0,0.0,7.546063667273728,2000.0,25.0,0.3333333333333333,1.3652123889719707,400.0,56.25,1.0,1.2090619551221675,aggregating
26,107.58620689655173,0.0,248.66149116411992,13.036749509117774,0.6164140022678545,10.253032028695547,273.4120078541156,0.0,0.18820226276888324,8.8798627097935,2000.0,25.0,0.3333333333333333,1.3652123889719707,400.0,56.25,1.0,1.2090619551221675,aggregating
27,111.72413793103449,0.0,401.42919124080856,21.5238439578227,0.8121761675018847,5.959547539893715,137.61849667483682,2.5749521073280084,0.2379419509921429,5.308311572951414,2000.0,25.0,0.5,1.3652123889719707,2500.0,35.59322033898305,0.8,1.0459431618637296,expanding
28,115.86206896551725,0.0,326.1681444848766,17.34267469360426,0.4740361304126118,1.708710131794499,204.51720490233188,1.98767060031363,0.2872331704358625,5.671934175200888,769.2307692307693,44.44444444444444,0.5,1.2549471261506067,769.2307692307693,44.44444444444444,0.5,1.2549471261506067,stable
29,120.0,0.0,250.90709772894462,13.161505429385812,0.13589609332333896,0.0,271.415913129827,1.4003890932992515,0.3541210598620608,0.29602687663715277,2000.0,25.0,0.3333333333333333,1.3652123889719707,400.0,56.25,1.0,1.2090619551221675,aggregating
30,0.0,4.137931034482759,372.34428866421996,19.90801603690111,0.0,0.0,163.47174340958225,0.0,0.11916066937731648,1.6992068136165472,400.0,56.25,1.0,1.2090619551221675,10000.0,0.0,0.25,1.0,fragmenting
31,4.137931034482759,4.137931034482759,412.40703526159746,22.13372418119986,0.0,1.0682072668174794,127.86041310080228,0.0,0.20482207795658158,4.874157927365026,2000.0,25.0,0.5,1.3652123889719707,2500.0,35.59322033898305,0.8,1.0459431618637296,expanding
32,8.275862068965518,4.137931034482759,452.46978185897495,24.35943232549861,0.0,1.7430015976152895,92.24908279202225,0.3063630934149492,0.23533218334611705,4.498162904533488,769.2307692307693,44.44444444444444,0.5,1.2549471261506067,769.2307692307693,44.44444444444444,0.5,1.2549471261506067,stable
33,12.413793103448278,4.137931034482759,543.9231833243589,29.44017685135327,0.22785024763068867,1.9539859766546313,10.95717037834767,0.0,0.17650553124216078,3.4215584348290218,769.2307692307693,44.44444444444444,0.5,1.2549471261506067,769.2307692307693,44.44444444444444,0.5,1.2549471261506067,stable
34,16.551724137931036,4.137931034482759,639.3297120872815,30.0,1.0942117378410194,0.9415947603518535,0.0,0.0,0.16412916734778593,4.358070850700291,2000.0,25.0,0.3333333333333333,1.3652123889719707,400.0,56.25,1.0,1.2090619551221675,aggregating
35,20.689655172413794,4.137931034482759,805.5519461431704,30.0,0.5113495927896379,0.0,0.0,0.0,0.09460882363321703,7.33423990242424,2000.0,25.0,0.3333333333333333,1.3652123889719707,400.0,56.25,1.0,1.2090619551221675,aggregating
36,24.827586206896555,4.137931034482759,911.9421332723431,30.0,0.0,0.0,0.0,3.7134920779292475,0.008187513019036835,10.329159029447736,2000.0,25.0,0.3333333333333333,1.3652123889719707,400.0,56.25,1.0,1.2090619551221675,aggregating
37,28.965517241379313,4.137931034482759,689.9228717059053,30.0,0.0,0.0,0.0,3.6781721593031333,0.12277250999515502,4.613669373812328,2000.0,25.0,0.3333333333333333,1.3652123889719707,400.0,56.25,1.0,1.2090619551221675,aggregating
38,33.10344827586207,4.137931034482759,378.3373968588465,20.24096649215814,0.0,4.304305399918146,158.14453612546976,1.7991882528874323,0.23632951203762634,2.7671820134007263,400.0,56.25,1.0,1.2090619551221675,10000.0,0.0,0.25,1.0,fragmenting
39,37.24137931034483,4.137931034482759,292.4450545124183,15.469169695134353,0.0,3.3653823278132284,234.49328487785036,3.2452395088419186,0.23465000770687205,4.390171514467918,400.0,56.25,1.0,1.2090619551221675,10000.0,0.0,0.25,1.0,fragmenting
40,41.37931034482759,4.137931034482759,284.1778283367022,15.009879352039011,0.0,0.0,241.84193036737582,6.165521615552876,0.2090695181241293,0.23421810785958846,769.2307692307693,44.44444444444444,0.5,1.2549471261506067,769.2307692307693,44.44444444444444,0.5,1.2549471261506067,stable
41,45.51724137931035,4.137931034482759,271.67829899265917,14.315461055147733,0.0,0.0,252.95262311763628,8.188342129433043,0.18166184475486943,2.961228960306285,2000.0,25.0,0.3333333333333333,1.3652123889719707,400.0,56.25,1.0,1.2090619551221675,aggregating
42,49.65517241379311,4.137931034482759,270.8854199212568,14.271412217847601,0.0,0.0,253.6574045144384,9.552331996397882,0.1497717190068103,0.20998685363282166,2000.0,25.0,0.5,1.3652123889719707,2500.0,35.59322033898305,0.8,1.0459431618637296,expanding
43,53.793103448275865,4.137931034482759,285.5063541256213,15.083686340312298,0.0,0.0,240.66101855500324,9.555455145489654,0.17551837595416672,2.287920577316594,2000.0,25.0,0.5,1.3652123889719707,2500.0,35.59322033898305,0.8,1.0459431618637296,expanding
44,57.931034482758626,4.137931034482759,311.6876482868109,16.538202682600605,0.0,0.0,217.38875707839034,8.537928256176631,0.23275793058252672,0.7235185359489048,400.0,56.25,1.0,1.2090619551221675,10000.0,0.0,0.25,1.0,fragmenting
45,62.06896551724138,4.137931034482759,286.68415460718904,15.149119700399389,0.0,0.0,239.61408479360978,8.725501760336394,0.30022855911417434,1.393290646180502,2000.0,25.0,0.3333333333333333,1.3652123889719707,400.0,56.25,1.0,1.2090619551221675,aggregating
46,66.20689655172414,4.137931034482759,210.49587308675618,10.916437393708676,0.0,1.8900369229236673,307.3370017006612,10.118175657968925,0.4239537202971818,1.5280319140455414,400.0,56.25,1.0,1.2090619551221675,10000.0,0.0,0.25,1.0,fragmenting
47,70.3448275862069,4.137931034482759,130.95578003405177,6.497543335225098,0.48302528514976967,2.861911467702418,378.03930663639846,6.300244096852012,0.4325811088317215,2.3943999463866494,2000.0,25.0,0.5,1.3652123889719707,2500.0,35.59322033898305,0.8,1.0459431618637296,expanding
48,74.48275862068967,4.137931034482759,46.94660493831891,1.8303669410177175,1.6411351208371865,0.0,452.7141289437165,0.0,0.1505188528691824,1.3070707171935296,2000.0,25.0,0.5,1.3652123889719707,2500.0,35.59322033898305,0.8,1.0459431618637296,expanding
49,78.62068965517241,4.137931034482759,39.25831916928502,1.4032399538491678,1.7805038460258302,0.0,459.54816073841334,0.0,0.0,1.8876016414951644,2000.0,25.0,0.5,1.3652123889719707,2500.0,35.59322033898305,0.8,1.0459431618637296,expanding
50,82.75862068965517,4.137931034482759,155.4531164176762,7.858506467648677,0.0,5.19842708086171,356.26389651762116,0.0,0.12953607460340233,5.210385433458158,769.2307692307693,44.44444444444444,0.5,1.2549471261506067,769.2307692307693,44.44444444444444,0.5,1.2549471261506067,stable
51,86.89655172413794,4.137931034482759,242.13242223123234,12.674023457290685,0.0,12.496584130182079,279.215624683349,0.0,0.12920500355926,5.96521485617803,769.2307692307693,44.44444444444444,0.5,1.2549471261506067,769.2307692307693,44.44444444444444,0.5,1.2549471261506067,stable
52,91.0344827586207,4.137931034482759,271.89114667099045,14.327285926166134,0.1557885466427557,14.785250126538752,252.76342518134186,0.0,0.0,6.572919169436098,2000.0,25.0,0.5,1.3652123889719707,2500.0,35.59322033898305,0.8,1.0459431618637296,expanding
53,95.17241379310346,4.137931034482759,276.48079910823964,14.582266617124423,1.0608301331278116,15.587951538720368,248.68373412600923,0.0,0.0,7.071716124935138,769.2307692307693,44.44444444444444,0.5,1.2549471261506067,769.2307692307693,44.44444444444444,0.5,1.2549471261506067,stable
54,99.31034482758622,4.137931034482759,188.7838542029566,9.710214122386478,0.9250047277698217,10.297312885925995,326.63657404181635,0.0,0.0,5.7382001297955885,400.0,56.25,1.0,1.2090619551221675,10000.0,0.0,0.25,1.0,fragmenting
55,103.44827586206897,4.137931034482759,148.08672991893616,7.44926277327423,0.9463100448897472,1.0450973491717241,362.8117956276123,0.0,0.0,2.8753619904419887,769.2307692307693,44.44444444444444,0.5,1.2549471261506067,769.2307692307693,44.44444444444444,0.5,1.2549471261506067,stable
56,107.58620689655173,4.137931034482759,237.43889777909874,12.413272098838819,0.8534937003894365,3.854048403361612,283.3876464185789,0.0,0.0441282995894581,6.995739418684417,769.2307692307693,44.44444444444444,0.5,1.2549471261506067,769.2307692307693,44.44444444444444,0.5,1.2549471261506067,stable
57,111.72413793103449,4.137931034482759,317.5746242234802,16.865256901304456,0.7908819801571509,4.76225489991591,212.1558895791287,0.0,0.1443174216807182,6.44874555370712,2000.0,25.0,0.3333333333333333,1.3652123889719707,400.0,56.25,1.0,1.2090619551221675,aggregating
58,115.86206896551725,4.137931034482759,277.8966122627134,14.660922903484078,1.1209303754091748,2.265368495499779,247.42523354425475,0.0,0.18252668434499875,2.0086493614095873,769.2307692307693,44.44444444444444,0.5,1.2549471261506067,769.2307692307693,44.44444444444444,0.5,1.2549471261506067,stable
59,120.0,4.137931034482759,238.2186003019467,12.456588905663706,1.450978770661199,0.0,282.6945775093807,0.0,0.23871507299837802,0.44111206554930504,400.0,56.25,1.0,1.2090619551221675,10000.0,0.0,0.25,1.0,fragmenting
60,0.0,8.275862068965518,190.66825939509047,9.814903299727249,0.0,0.0,324.961547204364,0.0,0.0442145022283513,0.17314367361116978,2000.0,25.0,0.3333333333333333,1.3652123889719707,400.0,56.25,1.0,1.2090619551221675,aggregating
61,4.137931034482759,8.275862068965518,400.7453575369578,21.485853196497654,0.0,0.8440443697191777,138.22634885603753,0.0,0.20717544591630163,4.4360397710116075,769.2307692307693,44.44444444444444,0.5,1.2549471261506067,769.2307692307693,44.44444444444444,0.5,1.2549471261506067,stable
62,8.275862068965518,8.275862068965518,610.8224556788251,30.0,0.49466181971401646,1.7766358233321982,0.0,6.786101694235338,0.12816420716174703,2.777213942481197,2000.0,25.0,0.3333333333333333,1.3652123889719707,400.0,56.25,1.0,1.2090619551221675,aggregating
63,12.413793103448278,8.275862068965518,508.2682063596195,27.45934479775664,1.638436317016679,2.0534380148889184,42.65048323589377,0.0,0.1941638096403214,2.9261071544111683,2000.0,25.0,0.3333333333333333,1.3652123889719707,400.0,56.25,1.0,1.2090619551221675,aggregating
64,16.551724137931036,8.275862068965518,381.66539185110076,20.42585510283893,2.751659381256704,0.03034758387863823,155.1863183545771,0.0,0.2856324093734506,3.4572815544485325,2000.0,25.0,0.3333333333333333,1.3652123889719707,400.0,56.25,1.0,1.2090619551221675,aggregating
65,20.689655172413794,8.275862068965518,607.3603330609609,30.0,0.985698076428153,1.4600944523338781,0.0,0.0,0.14703844254261295,5.18333094861262,400.0,56.25,1.0,1.2090619551221675,10000.0,0.0,0.25,1.0,fragmenting
66,24.827586206896555,8.275862068965518,820.6704230425015,30.0,0.0,0.0,0.0,0.0,0.14787613040656253,8.499700590320458,2000.0,25.0,0.3333333333333333,1.3652123889719707,400.0,56.25,1.0,1.2090619551221675,aggregating
67,28.965517241379313,8.275862068965518,722.6749840957966,30.0,0.0,0.0,0.0,0.0,0.13930703633369337,5.681052658390701,2000.0,25.0,0.3333333333333333,1.3652123889719707,400.0,56.25,1.0,1.2090619551221675,aggregating
68,33.10344827586207,8.275862068965518,539.7780372595703,29.209890958865014,0.3910610318985487,0.0,14.641744658159794,0.0,0.17999995129124347,2.880020820078185,2000.0,25.0,0.5,1.3652123889719707,2500.0,35.59322033898305,0.8,1.0459431618637296,expanding
69,37.24137931034483,8.275862068965518,447.40708454477397,24.078171363598553,0.0,3.6604163326595636,96.74925818242315,0.0,0.21890172663166052,4.688126137263793,2000.0,25.0,0.3333333333333333,1.3652123889719707,400.0,56.25,1.0,1.2090619551221675,aggregating
70,41.37931034482759,8.275862068965518,387.239022708678,20.735501261593225,0.0,0.0,150.2319798145084,2.986549988071826,0.21201651459855533,0.03674644369505731,400.0,56.25,1.0,1.2090619551221675,10000.0,0.0,0.25,1.0,fragmenting
71,45.51724137931035,8.275862068965518,289.54187276218545,15.30788182012141,0.0,0.0,237.07389087805743,5.827440154182352,0.1787258022867229,1.4279880227104063,2000.0,25.0,0.3333333333333333,1.3652123889719707,400.0,56.25,1.0,1.2090619551221675,aggregating
72,49.65517241379311,8.275862068965518,175.4480147208855,8.969334151160306,0.0,0.0,338.4906535814351,8.268401729662008,0.0935158313510126,-1.6825392472209422,2000.0,25.0,0.3333333333333333,1.3652123889719707,400.0,56.25,1.0,1.2090619551221675,aggregating
73,53.793103448275865,8.275862068965518,244.99585262138868,12.83310292341048,0.0,0.0,276.67035322543234,6.303889497490616,0.17078308028317854,0.5988735037190116,2000.0,25.0,0.5,1.3652123889719707,2500.0,35.59322033898305,0.8,1.0459431618637296,expanding
74,57.931034482758626,8.275862068965518,452.2749624782436,24.34860902656909,0.0,0.8642319299229688,92.42225557489459,1.0352719095809495,0.2204905781419862,2.7319221364642097,2000.0,25.0,0.3333333333333333,1.3652123889719707,400.0,56.25,1.0,1.2090619551221675,aggregating
75,62.06896551724138,8.275862068965518,453.6139948455828,24.422999713643488,0.0,1.765660157951069,91.23200458170419,1.4079007916947321,0.22933746613005151,2.593184701337534,400.0,56.25,1.0,1.2090619551221675,10000.0,0.0,0.25,1.0,fragmenting
76,66.20689655172414,8.275862068965518,249.01294972340702,13.056274984633724,0.0,7.687678130418464,273.0996002458604,7.421776143831929,0.3241827192638236,4.881444226072013,769.2307692307693,44.44444444444444,0.5,1.2549471261506067,769.2307692307693,44.44444444444444,0.5,1.2549471261506067,stable
77,70.3448275862069,8.275862068965518,107.16092113611998,5.175606729784443,0.44020698732079916,10.849544669170335,399.19029232344894,8.284078799853459,0.35710871314112663,5.086210174387831,769.2307692307693,44.44444444444444,0.5,1.2549471261506067,769.2307692307693,44.44444444444444,0.5,1.2549471261506067,stable
78,74.48275862068967,8.275862068965518,48.974247928684605,1.9430137738158115,1.7188541939983193,0.0,450.911779618947,2.277617861054117,0.3633642872974723,-0.5085613565933329,2000.0,25.0,0.5,1.3652123889719707,2500.0,35.59322033898305,0.8,1.0459431618637296,expanding
79,78.62068965517241,8.275862068965518,12.523001919253687,0.0,2.357116032816959,0.0,483.3128871828857,0.0,0.4690958365351009,0.6951297289364421,2000.0,25.0,0.5,1.3652123889719707,2500.0,35.59322033898305,0.8,1.0459431618637296,expanding
80,82.75862068965517,8.275862068965518,23.715435165495602,0.539746398083089,1.6633189815337952,2.0581463334282253,473.3640576306706,0.0,0.6864473693423336,2.7146989512737187,2000.0,25.0,0.3333333333333333,1.3652123889719707,400.0,56.25,1.0,1.2090619551221675,aggregating
81,86.89655172413794,8.275862068965518,68.40535529715922,3.0225197387310674,1.3017525421502414,13.733364029842546,433.63968418030294,0.0,0.5730319302995801,8.631275545890533,769.2307692307693,44.44444444444444,0.5,1.2549471261506067,769.2307692307693,44.44444444444444,0.5,1.2549471261506067,stable
82,91.0344827586207,8.275862068965518,186.18910476829487,9.566061376016382,1.9949691674604837,19.01757281009358,328.9430179837379,0.0,0.0,7.7225652136219525,2000.0,25.0,0.5,1.3652123889719707,2500.0,35.59322033898305,0.8,1.0459431618637296,expanding
83,95.17241379310346,8.275862068965518,272.291696442985,14.349538691276946,2.420319202417598,16.754851741906812,252.40738093956887,0.0,0.0,10.038413141768743,2000.0,25.0,0.3333333333333333,1.3652123889719707,400.0,56.25,1.0,1.2090619551221675,aggregating
84,99.31034482758622,8.275862068965518,242.23004286404282,12.679446825780156,1.863491739413249,5.856220962916815,279.12885078751754,0.0,0.0,5.070688394499168,2000.0,25.0,0.3333333333333333,1.3652123889719707,400.0,56.25,1.0,1.2090619551221675,aggregating
85,103.44827586206897,8.275862068965518,217.82034158372045,11.323352310206692,1.5130376529243867,0.0,300.8263630366929,0.0,0.0,-0.12361174910118611,2000.0,25.0,0.3333333333333333,1.3652123889719707,400.0,56.25,1.0,1.2090619551221675,aggregating
86,107.58620689655173,8.275862068965518,226.21630439407755,11.789794688559864,1.0905733985110182,0.0,293.36328498304215,0.0,0.0,-0.2601279030293572,2000.0,25.0,0.3333333333333333,1.3652123889719707,400.0,56.25,1.0,1.2090619551221675,aggregating
87,111.72413793103449,8.275862068965518,233.7200572061518,12.206669844786212,0.7695877928124171,0.0,286.6932824834206,0.0,0.0,2.0266833310640626,2000.0,25.0,0.3333333333333333,1.3652123889719707,400.0,56.25,1.0,1.2090619551221675,aggregating
88,115.86206896551725,8.275862068965518,229.6250800405503,11.979171113363904,1.7678246204057375,3.0991533553329944,290.33326218617754,0.0,0.02177724012540508,5.914180723697903,2000.0,25.0,0.3333333333333333,1.3652123889719707,400.0,56.25,1.0,1.2090619551221675,aggregating
89,120.0,8.275862068965518,225.53010287494877,11.751672381941598,2.7660614479990584,6.944984849970724,293.97324188893447,0.0,0.1113606228942547,8.00178283330072,2000.0,25.0,0.3333333333333333,1.3652123889719707,400.0,56.25,1.0,1.2090619551221675,aggregating
90,0.0,12.413793103448278,560.8574486522564,30.0,0.0,2.6731736058687323,0.0,0.0,0.2264522102575738,4.697441696371013,2000.0,25.0,0.5,1.3652123889719707,2500.0,35.59322033898305,0.8,1.0459431618637296,expanding
91,4.137931034482759,12.413793103448278,534.8344909654155,28.93524949807864,0.017754508806779756,1.83171810086767,19.03600803074177,0.0,0.21081347658322128,1.088861343375057,2000.0,25.0,0.3333333333333333,1.3652123889719707,400.0,56.25,1.0,1.2090619551221675,aggregating
92,8.275862068965518,12.413793103448278,508.81153327857464,27.489529626587483,1.0742996422234534,1.8173961281243827,42.167525974600295,5.549279252154254,0.20164062191957646,2.9829798104571457,769.2307692307693,44.44444444444444,0.5,1.2549471261506067,769.2307692307693,44.44444444444444,0.5,1.2549471261506067,stable
93,12.413793103448278,12.413793103448278,441.0194218221248,23.723301212340267,1.4143864814369234,2.6543487452964225,102.42718060255571,2.584720489244061,0.1969194003887854,5.090943521814914,2000.0,25.0,0.5,1.3652123889719707,2500.0,35.59322033898305,0.8,1.0459431618637296,expanding
94,16.551724137931036,12.413793103448278,370.0142985372436,19.778572140957976,1.6993611441732237,1.9352874631313008,165.54284574467238,0.0,0.2107208182517432,2.3210096770208177,2000.0,25.0,0.5,1.3652123889719707,2500.0,35.59322033898305,0.8,1.0459431618637296,expanding
95,20.689655172413794,12.413793103448278,487.2548077309538,26.291933762830766,0.7349440802794313,1.9722267249073617,61.32905979470773,0.0,0.1998254126164179,3.3233339536012316,400.0,56.25,1.0,1.2090619551221675,10000.0,0.0,0.25,1.0,fragmenting
96,24.827586206896555,12.413793103448278,565.301965783874,30.0,0.0,2.258673721971255,0.0,0.0,0.21560114261629254,4.935596415431377,2000.0,25.0,0.3333333333333333,1.3652123889719707,400.0,56.25,1.0,1.2090619551221675,aggregating
97,28.965517241379313,12.413793103448278,559.2817296679724,30.0,0.0,1.1374730567868632,0.0,0.0,0.18630557426157296,4.776331336628406,769.2307692307693,44.44444444444444,0.5,1.2549471261506067,769.2307692307693,44.44444444444444,0.5,1.2549471261506067,stable
98,33.10344827586207,12.413793103448278,530.3340224151194,28.685223467506635,0.0,0.8292623646384361,23.036424519893828,0.0,0.17298760252724452,0.7617777860242851,2000.0,25.0,0.3333333333333333,1.3652123889719707,400.0,56.25,1.0,1.2090619551221675,aggregating
99,37.24137931034483,12.413793103448278,504.11777889890726,27.228765494383737,0.0,1.924779651540047,46.33975208986021,0.0,0.1965141540115602,1.5426060106496937,769.2307692307693,44.44444444444444,0.5,1.2549471261506067,769.2307692307693,44.44444444444444,0.5,1.2549471261506067,stable
100,41.37931034482759,12.413793103448278,483.6312441671484,26.09062467595269,0.0,1.6687972975428247,64.550005184757,0.0,0.20957593164101146,3.55417092615703,2000.0,25.0,0.3333333333333333,1.3652123889719707,400.0,56.25,1.0,1.2090619551221675,aggregating
101,45.51724137931035,12.413793103448278,381.93622269141343,20.440901260634078,0.0,0.0,154.94557982985472,0.7792352753614027,0.23082888651013628,0.20536896067655075,400.0,56.25,1.0,1.2090619551221675,10000.0,0.0,0.25,1.0,fragmenting
102,49.65517241379311,12.413793103448278,229.97301603591762,11.998500890884312,0.0,0.0,290.023985745851,5.347103024108043,0.15454501062167436,1.7934408217227504,2000.0,25.0,0.3333333333333333,1.3652123889719707,400.0,56.25,1.0,1.2090619551221675,aggregating
103,53.793103448275865,12.413793103448278,204.84602567302244,10.60255698183458,0.0,0.0,312.3590882906467,6.8165241580500595,0.16256117171932544,-0.27048622465525496,2000.0,25.0,0.3333333333333333,1.3652123889719707,400.0,56.25,1.0,1.2090619551221675,aggregating
104,57.931034482758626,12.413793103448278,274.84619752957747,14.491455418309858,0.0,0.0,250.13671330704227,5.962110330888609,0.26030834150890053,-1.9866723372793729,2000.0,25.0,0.5,1.3652123889719707,2500.0,35.59322033898305,0.8,1.0459431618637296,expanding
105,62.06896551724138,12.413793103448278,241.5043989422057,12.639133274566984,0.11033034868875413,0.0,279.77386760692826,5.169984173435693,0.2917251022149562,-1.1908402329787462,2000.0,25.0,0.5,1.3652123889719707,2500.0,35.59322033898305,0.8,1.0459431618637296,expanding
106,66.20689655172414,12.413793103448278,104.82062991090751,5.045590550605972,0.18360619187961968,1.6656134456836142,401.27055119030445,4.440145685691306,0.253001086959652,-0.8802777517349241,400.0,56.25,1.0,1.2090619551221675,10000.0,0.0,0.25,1.0,fragmenting
107,70.3448275862069,12.413793103448278,45.37030300477896,1.7427946113766088,0.7426140432111221,4.31550447617647,454.1152862179743,0.49047596563096363,0.18103637370193834,4.136208836308399,2000.0,25.0,0.3333333333333333,1.3652123889719707,400.0,56.25,1.0,1.2090619551221675,aggregating
108,74.48275862068967,12.413793103448278,88.89789893220934,4.160994385122741,1.949264572063469,0.0,415.42408983803614,0.0,0.13517412184579203,0.5083582380405306,2000.0,25.0,0.5,1.3652123889719707,2500.0,35.59322033898305,0.8,1.0459431618637296,expanding
109,78.62068965517241,12.413793103448278,110.68478783082962,5.371377101712756,2.6091474866713997,0.38972042154941056,396.05796637259584,0.0,0.19994260559036237,1.1686223095475041,2000.0,25.0,0.5,1.3652123889719707,2500.0,35.59322033898305,0.8,1.0459431618637296,expanding
110,82.75862068965517,12.413793103448278,123.87274244675416,6.104041247041898,2.0461770971865034,7.206236352379612,384.3353400473296,0.0,0.41126224801177996,7.675461401947393,769.2307692307693,44.44444444444444,0.5,1.2549471261506067,769.2307692307693,44.44444444444444,0.5,1.2549471261506067,stable
111,86.89655172413794,12.413793103448278,165.15785050508157,8.397658361393422,1.7181539128196528,11.97747475748709,347.63746621770525,0.0,0.4096885701595371,9.235933757815818,769.2307692307693,44.44444444444444,0.5,1.2549471261506067,769.2307692307693,44.44444444444444,0.5,1.2549471261506067,stable
112,91.0344827586207,12.413793103448278,238.51791920796296,12.47321773377572,2.275838239314008,13.424032151061033,282.4285162595885,0.0,0.08433661396245161,8.084905577512446,769.2307692307693,44.44444444444444,0.5,1.2549471261506067,769.2307692307693,44.44444444444444,0.5,1.2549471261506067,stable
113,95.17241379310346,12.413793103448278,280.31757573701145,14.795420874278413,2.5348769365582324,12.002296843960028,245.2732660115454,0.0,0.0,5.731942352017553,2000.0,25.0,0.5,1.3652123889719707,2500.0,35.59322033898305,0.8,1.0459431618637296,expanding
114,99.31034482758622,12.413793103448278,206.3957209620072,10.688651164555955,1.6988816598853185,2.9352828514610843,310.9815813671047,0.0,0.0,5.5020534313015546,400.0,56.25,1.0,1.2090619551221675,10000.0,0.0,0.25,1.0,fragmenting
115,103.44827586206897,12.413793103448278,128.31348173228744,6.35074898512708,1.0651936592108728,0.0,380.3880162379667,0.0,0.0,1.1796331269643137,2000.0,25.0,0.5,1.3652123889719707,2500.0,35.59322033898305,0.8,1.0459431618637296,expanding
116,107.58620689655173,12.413793103448278,175.00646795558959,8.944803775310533,0.08175445698012218,0.0,338.8831395950315,0.0,0.0,0.7165663499093788,769.2307692307693,44.44444444444444,0.5,1.2549471261506067,769.2307692307693,44.44444444444444,0.5,1.2549471261506067,stable
117,111.72413793103449,12.413793103448278,216.9061384787043,11.272563248816905,0.0,5.4849697394517705,301.63898801892947,0.0,0.0,7.817805436693212,769.2307692307693,44.44444444444444,0.5,1.2549471261506067,769.2307692307693,44.44444444444444,0.5,1.2549471261506067,stable
118,115.86206896551725,12.413793103448278,196.49270489938652,10.138483605521474,0.3323529239217596,5.553085110414296,319.78426231165645,0.0,0.0,5.5379138273342665,2000.0,25.0,0.5,1.3652123889719707,2500.0,35.59322033898305,0.8,1.0459431618637296,expanding
119,120.0,12.413793103448278,176.07927132006876,9.004403962226041,1.4185588016672652,5.596559661447776,337.9295366043833,0.0,0.0,9.749655864844181,400.0,56.25,1.0,1.2090619551221675,10000.0,0.0,0.25,1.0,fragmenting
120,0.0,16.551724137931036,973.4978085652912,30.0,0.7394999833056934,0.0,0.0,0.0,0.37536715496036654,13.068873377229716,2000.0,25.0,0.5,1.3652123889719707,2500.0,35.59322033898305,0.8,1.0459431618637296,expanding
121,4.137931034482759,16.551724137931036,680.1352252518036,30.0,1.177051870436932,0.0,0.0,1.3901929004948634,0.3304013840325676,6.76091809240945,2000.0,25.0,0.3333333333333333,1.3652123889719707,400.0,56.25,1.0,1.2090619551221675,aggregating
122,8.275862068965518,16.551724137931036,386.77264193831644,20.709591218795357,1.6146037575681706,6.562965009295211,150.6465404992743,3.7188751913884404,0.07800303597008061,0.4183974008647473,400.0,56.25,1.0,1.2090619551221675,10000.0,0.0,0.25,1.0,fragmenting
123,12.413793103448278,16.551724137931036,371.3403443944182,19.852241355245454,1.064595422398264,5.934412488007533,164.36413831607274,6.891960365209135,0.0865496910310351,1.1788603293599125,769.2307692307693,44.44444444444444,0.5,1.2549471261506067,769.2307692307693,44.44444444444444,0.5,1.2549471261506067,stable
124,16.551724137931036,16.551724137931036,377.28729960202674,20.18262775566815,0.43862091628211586,4.30158235081649,159.0779559093096,10.129999606947298,0.1209884426804058,3.9708668856207043,2000.0,25.0,0.3333333333333333,1.3652123889719707,400.0,56.25,1.0,1.2090619551221675,aggregating
125,20.689655172413794,16.551724137931036,373.15590453573134,19.95310580754063,0.42841297030092196,0.8761516476552376,162.7503070793499,3.011018862239896,0.12755707541776662,1.330179732428949,400.0,56.25,1.0,1.2090619551221675,10000.0,0.0,0.25,1.0,fragmenting
126,24.827586206896555,16.551724137931036,297.31068183072466,15.739482323929147,0.2792390666095632,0.0,230.16828281713364,0.0,0.06867172108087832,1.75519293547578,2000.0,25.0,0.5,1.3652123889719707,2500.0,35.59322033898305,0.8,1.0459431618637296,expanding
127,28.965517241379313,16.551724137931036,380.8003701003241,20.377798338906892,0.0,0.0,155.95522657748973,0.0,0.22343041176655679,1.5186972450766403,769.2307692307693,44.44444444444444,0.5,1.2549471261506067,769.2307692307693,44.44444444444444,0.5,1.2549471261506067,stable
128,33.10344827586207,16.551724137931036,507.7450340902707,27.430279671681706,0.0,1.9273297083048124,43.11552525309273,0.0,0.18999091607154672,3.4261064579717786,400.0,56.25,1.0,1.2090619551221675,10000.0,0.0,0.25,1.0,fragmenting
129,37.24137931034483,16.551724137931036,553.2706782008698,29.959482122270547,0.0,1.892529878471624,2.6482860436712627,0.0,0.12774672636402684,5.6110880353613055,400.0,56.25,1.0,1.2090619551221675,10000.0,0.0,0.25,1.0,fragmenting
130,41.37931034482759,16.551724137931036,579.5104677091953,30.0,0.563798205578603,3.636595996312236,0.0,0.0,0.11291233838806099,4.752426178422105,2000.0,25.0,0.5,1.3652123889719707,2500.0,35.59322033898305,0.8,1.0459431618637296,expanding
131,45.51724137931035,16.551724137931036,480.06370924831083,25.892428291572823,0.2511765519422478,1.7446531867287536,67.72114733483482,0.0,0.2130141302862359,1.2235173251257505,2000.0,25.0,0.3333333333333333,1.3652123889719707,400.0,56.25,1.0,1.2090619551221675,aggregating
132,49.65517241379311,16.551724137931036,296.033587082904,15.668532615716888,0.0,4.370187538533426,231.3034781485298,2.2998529001834576,0.20246588630101553,2.5057706482472817,769.2307692307693,44.44444444444444,0.5,1.2549471261506067,769.2307692307693,44.44444444444444,0.5,1.2549471261506067,stable
133,53.793103448275865,16.551724137931036,164.72394292126134,8.373552384514518,0.0,3.774537977690369,348.0231618477677,7.618712688498621,0.15305259635424054,3.5575060433345826,400.0,56.25,1.0,1.2090619551221675,10000.0,0.0,0.25,1.0,fragmenting
134,57.931034482758626,16.551724137931036,72.9546572624422,3.275258736802344,0.8952038176591505,0.0,429.5958602111625,11.845063734342682,0.23172667945909176,0.5225673842364833,2000.0,25.0,0.5,1.3652123889719707,2500.0,35.59322033898305,0.8,1.0459431618637296,expanding
135,62.06896551724138,16.551724137931036,0.23792333561534917,0.0,1.3988932945890864,0.0,494.2329570350086,9.78435096674455,0.22166808768840104,-1.5326191242544802,769.2307692307693,44.44444444444444,0.5,1.2549471261506067,769.2307692307693,44.44444444444444,0.5,1.2549471261506067,stable
136,66.20689655172414,16.551724137931036,-53.42625885921886,0.0,0.8851891662187756,0.0,541.9344523193056,1.4365743857042486,0.07114238895127187,-0.1988161606570673,2000.0,25.0,0.3333333333333333,1.3652123889719707,400.0,56.25,1.0,1.2090619551221675,aggregating
137,70.3448275862069,16.551724137931036,-19.34306583682428,0.0,1.0715768955413907,0.0,511.6382807438438,0.0,0.0,-0.022623026268904445,400.0,56.25,1.0,1.2090619551221675,10000.0,0.0,0.25,1.0,fragmenting
138,74.48275862068967,16.551724137931036,131.73662747520794,6.540923748622664,2.191420435121235,3.7448380232271656,377.3452200220374,0.0,0.0,3.935264054406839,400.0,56.25,1.0,1.2090619551221675,10000.0,0.0,0.25,1.0,fragmenting
139,78.62068965517241,16.551724137931036,218.4540432163754,11.3585579564653,2.836211191838402,8.025377101439084,300.26307269655524,0.0,0.011071434537928998,4.622962412238502,2000.0,25.0,0.5,1.3652123889719707,2500.0,35.59322033898305,0.8,1.0459431618637296,expanding
140,82.75862068965517,16.551724137931036,241.86812576904646,12.659340320502581,2.327928970452815,9.568770826625906,279.45055487195873,0.0,0.19286598377785197,6.22379704690849,769.2307692307693,44.44444444444444,0.5,1.2549471261506067,769.2307692307693,44.44444444444444,0.5,1.2549471261506067,stable
141,86.89655172413794,16.551724137931036,282.71646587777286,14.928692548765161,1.9869801275444234,9.311557312272093,243.14091921975742,0.0,0.26132472023231496,6.326224797394544,400.0,56.25,1.0,1.2090619551221675,10000.0,0.0,0.25,1.0,fragmenting
142,91.0344827586207,16.551724137931036,301.4644918278128,15.970249545989603,2.43683719201644,8.448360790844106,226.47600726416636,0.0,0.16343277911949786,8.156816439138762,400.0,56.25,1.0,1.2090619551221675,10000.0,0.0,0.25,1.0,fragmenting
143,95.17241379310346,16.551724137931036,289.2830690279056,15.293503834883644,2.5536707218412404,7.15709814194609,237.3039386418617,0.0,0.09743129102059532,7.965321653585325,2000.0,25.0,0.5,1.3652123889719707,2500.0,35.59322033898305,0.8,1.0459431618637296,expanding
144,99.31034482758622,16.551724137931036,163.69366747819288,8.316314859899602,1.4494179579595907,0.0,348.93896224160636,0.0,0.13657920811141983,0.45851424194061385,2000.0,25.0,0.3333333333333333,1.3652123889719707,400.0,56.25,1.0,1.2090619551221675,aggregating
145,103.44827586206897,16.551724137931036,26.557354841145315,0.6976308245080731,0.5393056961321163,0.0,470.8379068078708,0.0,0.16322935585361198,0.17161137578969954,2000.0,25.0,0.5,1.3652123889719707,2500.0,35.59322033898305,0.8,1.0459431618637296,expanding
146,107.58620689655173,16.551724137931036,120.72068974375796,5.928927207986553,0.0,4.188467668927195,387.13716467221514,0.0,0.0,5.91203375372539,2000.0,25.0,0.5,1.3652123889719707,2500.0,35.59322033898305,0.8,1.0459431618637296,expanding
147,111.72413793103449,16.551724137931036,205.24919269663218,10.6249551498129,0.0,13.241534224564395,312.00071760299363,0.0,0.0,8.320587442386191,769.2307692307693,44.44444444444444,0.5,1.2549471261506067,769.2307692307693,44.44444444444444,0.5,1.2549471261506067,stable
148,115.86206896551725,16.551724137931036,164.524880302915,8.362493350161945,0.0,8.613962790175673,348.2001063974089,0.0,0.0,6.861586451065707,769.2307692307693,44.44444444444444,0.5,1.2549471261506067,769.2307692307693,44.44444444444444,0.5,1.2549471261506067,stable
149,120.0,16.551724137931036,123.80056790919775,6.1000315505109866,0.0,2.485789913265688,384.39949519182426,0.0,0.0,3.7366937060831846,769.2307692307693,44.44444444444444,0.5,1.2549471261506067,769.2307692307693,44.44444444444444,0.5,1.2549471261506067,stable
150,0.0,20.689655172413794,779.1453406862327,30.0,0.13740866611435892,0.0,0.0,0.0,0.25646609484240174,7.70989489202412,400.0,56.25,1.0,1.2090619551221675,10000.0,0.0,0.25,1.0,fragmenting
151,4.137931034482759,20.689655172413794,630.5724676422088,30.0,0.5421377133944841,0.0,0.0,3.622091353094949,0.2509165480437539,3.256048096141786,769.2307692307693,44.44444444444444,0.5,1.2549471261506067,769.2307692307693,44.44444444444444,0.5,1.2549471261506067,stable
152,8.275862068965518,20.689655172413794,481.99959459818535,25.999977477676964,0.9468667606746092,2.2889510924373737,66.00036035716856,7.619819342828871,0.18960269413525618,2.9060854772787486,769.2307692307693,44.44444444444444,0.5,1.2549471261506067,769.2307692307693,44.44444444444444,0.5,1.2549471261506067,stable
153,12.413793103448278,20.689655172413794,451.8157164750237,24.32309535972354,1.1359931591026537,2.8838638819987388,92.83047424442339,6.946353409520458,0.17964513184883968,3.4895620694313143,2000.0,25.0,0.5,1.3652123889719707,2500.0,35.59322033898305,0.8,1.0459431618637296,expanding
154,16.551724137931036,20.689655172413794,430.73868411500524,23.15214911750029,1.3085347383882306,3.4557609488593846,111.56561411999535,5.91356486674725,0.1833157705397556,0.778087547763374,769.2307692307693,44.44444444444444,0.5,1.2549471261506067,769.2307692307693,44.44444444444444,0.5,1.2549471261506067,stable
155,20.689655172413794,20.689655172413794,437.7587787847794,23.54215437693219,1.2354987576014789,1.6945458717490978,105.325529969085,0.44701261146346827,0.17467950640085977,2.6764854318469635,769.2307692307693,44.44444444444444,0.5,1.2549471261506067,769.2307692307693,44.44444444444444,0.5,1.2549471261506067,stable
156,24.827586206896555,20.689655172413794,383.2316724998202,20.512870694434454,0.9305954577573348,0.0,153.79406888904873,0.0,0.1092237931356913,0.9541871670644702,2000.0,25.0,0.3333333333333333,1.3652123889719707,400.0,56.25,1.0,1.2090619551221675,aggregating
157,28.965517241379313,20.689655172413794,393.0056373767786,21.055868743154367,0.13674612989336699,0.0,145.10610010953013,0.0,0.18870914123018295,1.7047853950739054,2000.0,25.0,0.5,1.3652123889719707,2500.0,35.59322033898305,0.8,1.0459431618637296,expanding
158,33.10344827586207,20.689655172413794,420.3162580251691,22.573125445842727,0.0,0.667062744721943,120.82999286651636,0.0,0.2677836787951202,2.131438297606549,2000.0,25.0,0.3333333333333333,1.3652123889719707,400.0,56.25,1.0,1.2090619551221675,aggregating
159,37.24137931034483,20.689655172413794,427.97855180710474,22.99880843372804,0.0,1.0361045452654758,114.01906506035134,0.0,0.2536104757472427,0.7353143283259003,400.0,56.25,1.0,1.2090619551221675,10000.0,0.0,0.25,1.0,fragmenting
160,41.37931034482759,20.689655172413794,446.70102058382474,24.038945587990263,0.0,1.2776811208473013,97.37687059215578,0.0,0.2170671250006953,1.2708420265517542,769.2307692307693,44.44444444444444,0.5,1.2549471261506067,769.2307692307693,44.44444444444444,0.5,1.2549471261506067,stable
161,45.51724137931035,20.689655172413794,413.41867734085014,22.18992651893612,0.0,1.5590332610321622,126.9611756970221,0.0,0.2172625073012128,2.82742876771131,400.0,56.25,1.0,1.2090619551221675,10000.0,0.0,0.25,1.0,fragmenting
162,49.65517241379311,20.689655172413794,330.22309881874946,17.56794993437497,0.0,3.2392855251076504,200.9128010500005,0.3801729149088713,0.2217351634324644,4.5294329316097155,400.0,56.25,1.0,1.2090619551221675,10000.0,0.0,0.25,1.0,fragmenting
163,53.793103448275865,20.689655172413794,189.7154878602813,9.761971547793406,0.0,1.5735873759153605,325.80845523530553,5.0291986559781146,0.24901497583693938,-0.6904780270599478,400.0,56.25,1.0,1.2090619551221675,10000.0,0.0,0.25,1.0,fragmenting
164,57.931034482758626,20.689655172413794,6.22385257453805,0.0,0.4261075409563555,0.0,488.9121310448551,7.1720214271000415,0.33030314573910086,0.8076564642394293,2000.0,25.0,0.3333333333333333,1.3652123889719707,400.0,56.25,1.0,1.2090619551221675,aggregating
165,62.06896551724138,20.689655172413794,-76.81721267855534,0.0,0.7087002812751623,0.0,562.7264112698269,5.250964028026716,0.2712986041960359,2.051069824726719,2000.0,25.0,0.3333333333333333,1.3652123889719707,400.0,56.25,1.0,1.2090619551221675,aggregating
166,66.20689655172414,20.689655172413794,-59.40770789899919,0.0,0.5824050357519851,0.0,547.2512959102214,0.0,0.0529402393551727,0.5134403770411003,2000.0,25.0,0.3333333333333333,1.3652123889719707,400.0,56.25,1.0,1.2090619551221675,aggregating
167,70.3448275862069,20.689655172413794,-22.277763483724968,0.0,0.9411449037358423,3.424929072646682,514.2469008744222,0.0,0.0,4.704516434537779,2000.0,25.0,0.3333333333333333,1.3652123889719707,400.0,56.25,1.0,1.2090619551221675,aggregating
168,74.48275862068967,20.689655172413794,41.146100445839146,1.5081166914355082,1.9465982563957407,5.148373090717103,457.8701329370318,0.0,0.0,4.211202956065143,769.2307692307693,44.44444444444444,0.5,1.2549471261506067,769.2307692307693,44.44444444444444,0.5,1.2549471261506067,stable
169,78.62068965517241,20.689655172413794,62.89561561345856,2.7164230896365864,2.6644864642028936,7.825534088238945,438.53723056581464,0.0,0.0689093409383719,6.130984678348017,400.0,56.25,1.0,1.2090619551221675,10000.0,0.0,0.25,1.0,fragmenting
170,82.75862068965517,20.689655172413794,80.40441225870595,3.689134014372552,2.5177497987823454,10.776282206262925,422.97385577003917,0.0,0.28330070748639397,5.408654360282403,2000.0,25.0,0.3333333333333333,1.3652123889719707,400.0,56.25,1.0,1.2090619551221675,aggregating
171,86.89655172413794,20.689655172413794,135.28195176182777,6.737886208990432,2.259771955713523,11.163762620719396,374.1938206561531,0.0,0.38304617348993697,4.881734443648941,2000.0,25.0,0.3333333333333333,1.3652123889719707,400.0,56.25,1.0,1.2090619551221675,aggregating
172,91.0344827586207,20.689655172413794,195.1149618482255,10.061942324901416,2.157450684139962,9.541141742448806,321.00892280157734,0.0,0.30101403936565174,8.62687108107053,2000.0,25.0,0.5,1.3652123889719707,2500.0,35.59322033898305,0.8,1.0459431618637296,expanding
173,95.17241379310346,20.689655172413794,254.6639036338917,13.370216868549539,1.7046430446127045,6.713814052779863,268.0765301032074,0.0,0.2521680372996649,5.582438652310085,769.2307692307693,44.44444444444444,0.5,1.2549471261506067,769.2307692307693,44.44444444444444,0.5,1.2549471261506067,stable
174,99.31034482758622,20.689655172413794,313.1712616502091,16.620625647233837,0.0,1.0443791814232162,216.0699896442586,0.0,0.2530984292627527,2.1813207716768885,2000.0,25.0,0.5,1.3652123889719707,2500.0,35.59322033898305,0.8,1.0459431618637296,expanding
175,103.44827586206897,20.689655172413794,284.87960045753607,15.048866692085337,0.0,0.0,241.2181329266346,0.0,0.24050909488153638,-1.1644963350193573,2000.0,25.0,0.5,1.3652123889719707,2500.0,35.59322033898305,0.8,1.0459431618637296,expanding
176,107.58620689655173,20.689655172413794,183.1182132961783,9.395456294232128,0.0,5.693326775820256,331.672699292286,0.0,0.1768287223868043,4.959389837010386,2000.0,25.0,0.5,1.3652123889719707,2500.0,35.59322033898305,0.8,1.0459431618637296,expanding
177,111.72413793103449,20.689655172413794,92.99561746019825,4.388645414455458,0.0,18.042188507283644,411.78167336871263,0.0,0.06903333808766557,10.179250286715911,2000.0,25.0,0.5,1.3652123889719707,2500.0,35.59322033898305,0.8,1.0459431618637296,expanding
178,115.86206896551725,20.689655172413794,154.1773088541213,7.787628269673406,0.0,9.714303552602116,357.3979476852255,0.0,0.060150053456789476,7.782388851822767,769.2307692307693,44.44444444444444,0.5,1.2549471261506067,769.2307692307693,44.44444444444444,0.5,1.2549471261506067,stable
179,120.0,20.689655172413794,215.35900024804434,11.186611124891353,0.0,3.4798316384263015,303.01422200173835,0.0,0.06137592820420329,6.2054853148693745,2000.0,25.0,0.5,1.3652123889719707,2500.0,35.59322033898305,0.8,1.0459431618637296,expanding
180,0.0,24.827586206896555,460.66016372961843,24.81445354053436,0.0,3.259985301060954,84.96874335145029,0.0,0.2021256504150943,3.3769257486619964,2000.0,25.0,0.5,1.3652123889719707,2500.0,35.59322033898305,0.8,1.0459431618637296,expanding
181,4.137931034482759,24.827586206896555,526.3873854352324,28.465965857512913,0.0,1.8234071629370272,26.54454627979339,5.857431430510923,0.19697767113502235,3.5897234610146165,400.0,56.25,1.0,1.2090619551221675,10000.0,0.0,0.25,1.0,fragmenting
182,8.275862068965518,24.827586206896555,592.1146071408464,30.0,0.02877185394441306,3.717346846103357,0.0,12.169749993971092,0.18387619113869969,4.552660098854485,769.2307692307693,44.44444444444444,0.5,1.2549471261506067,769.2307692307693,44.44444444444444,0.5,1.2549471261506067,stable
183,12.413793103448278,24.827586206896555,536.8160778539409,29.045337658552278,1.198584179146292,2.034200253268486,17.274597463163573,5.814017469915158,0.1908800668908524,5.331614674771006,2000.0,25.0,0.5,1.3652123889719707,2500.0,35.59322033898305,0.8,1.0459431618637296,expanding
184,16.551724137931036,24.827586206896555,472.20787541376484,25.45599307854249,2.424565594721619,2.5585458774753365,74.70411074332013,0.0,0.20893037702234302,1.9142637216122576,2000.0,25.0,0.5,1.3652123889719707,2500.0,35.59322033898305,0.8,1.0459431618637296,expanding
185,20.689655172413794,24.827586206896555,516.5593804889772,27.919965582720963,2.104127274734962,1.972191132866547,35.28055067646463,0.0,0.20280549307045082,3.4855720245047492,2000.0,25.0,0.5,1.3652123889719707,2500.0,35.59322033898305,0.8,1.0459431618637296,expanding
186,24.827586206896555,24.827586206896555,532.9974610197563,28.83319227887535,1.460265661195041,2.7597216844428964,20.668923537994388,0.0,0.2294280177443974,5.390091052612516,2000.0,25.0,0.5,1.3652123889719707,2500.0,35.59322033898305,0.8,1.0459431618637296,expanding
187,28.965517241379313,24.827586206896555,462.2967487404114,24.905374930022855,0.5114616286006893,0.7292152539774492,83.51400111963434,0.0,0.18235099203503496,3.987571785912852,2000.0,25.0,0.3333333333333333,1.3652123889719707,400.0,56.25,1.0,1.2090619551221675,aggregating
188,33.10344827586207,24.827586206896555,367.83091114921456,19.65727284162303,0.0,0.0,167.4836345340315,2.4621382738025814,0.2354479531704502,-0.7020588406403763,400.0,56.25,1.0,1.2090619551221675,10000.0,0.0,0.25,1.0,fragmenting
189,37.24137931034483,24.827586206896555,339.8076358092692,18.100424211626066,0.0,0.0,192.39321261398294,0.0,0.1937335412767469,0.5467512249099632,2000.0,25.0,0.5,1.3652123889719707,2500.0,35.59322033898305,0.8,1.0459431618637296,expanding
190,41.37931034482759,24.827586206896555,347.88425516425315,18.549125286902953,0.0,1.5167133963512307,185.21399540955278,0.0,0.09978173035135034,3.896357965031503,2000.0,25.0,0.3333333333333333,1.3652123889719707,400.0,56.25,1.0,1.2090619551221675,aggregating
191,45.51724137931035,24.827586206896555,368.2646138564289,19.681367436468275,0.0,2.427887851252994,167.09812101650763,0.0,0.14315847768362447,3.5753753737621556,769.2307692307693,44.44444444444444,0.5,1.2549471261506067,769.2307692307693,44.44444444444444,0.5,1.2549471261506067,stable
192,49.65517241379311,24.827586206896555,384.89941685323447,20.605523158513027,0.021255668225878432,1.8874287796514027,152.31162946379158,0.0027983766857259396,0.21723274799191583,3.135733915083958,2000.0,25.0,0.5,1.3652123889719707,2500.0,35.59322033898305,0.8,1.0459431618637296,expanding
193,53.793103448275865,24.827586206896555,228.2035482816584,11.9001971267588,0.0,0.0,291.59684597185924,3.5868223368125025,0.3025925676312136,0.12672051286324004,2000.0,25.0,0.5,1.3652123889719707,2500.0,35.59322033898305,0.8,1.0459431618637296,expanding
194,57.931034482758626,24.827586206896555,-58.49032396620322,0.0,0.0,0.0,546.435843525514,2.8101123584976504,0.3899472039170466,0.2124999985349314,769.2307692307693,44.44444444444444,0.5,1.2549471261506067,769.2307692307693,44.44444444444444,0.5,1.2549471261506067,stable
195,62.06896551724138,24.827586206896555,-148.79916700957628,0.0,0.0,0.0,626.7103706751789,1.301583423409282,0.25256179767182363,1.26262832257706,2000.0,25.0,0.3333333333333333,1.3652123889719707,400.0,56.25,1.0,1.2090619551221675,aggregating
196,66.20689655172414,24.827586206896555,-42.722980848460935,0.0,0.0,10.39031037852309,532.4204274208541,0.0,0.0,5.513636563573392,2000.0,25.0,0.3333333333333333,1.3652123889719707,400.0,56.25,1.0,1.2090619551221675,aggregating
197,70.3448275862069,24.827586206896555,1.9565645879329594,0.0,0.4688012355820518,15.110579883598449,492.7052759218373,0.561911933327456,0.0,6.809571343701992,2000.0,25.0,0.3333333333333333,1.3652123889719707,400.0,56.25,1.0,1.2090619551221675,aggregating
198,74.48275862068967,24.827586206896555,-35.226077608635194,0.0,1.376968928567876,5.536646870954296,525.756513429898,7.050620726630041,0.10403451506608534,5.025989016036656,2000.0,25.0,0.5,1.3652123889719707,2500.0,35.59322033898305,0.8,1.0459431618637296,expanding
199,78.62068965517241,24.827586206896555,-80.51022319973222,0.0,2.2043545824822512,0.937878898548471,566.0090872886508,7.730431227923906,0.29121848757201196,1.569579191447315,2000.0,25.0,0.3333333333333333,1.3652123889719707,400.0,56.25,1.0,1.2090619551221675,aggregating
200,82.75862068965517,24.827586206896555,-70.33004914093036,0.0,2.541678944803621,6.083694589301738,556.960043680827,0.0,0.4647142214507477,6.992531234592344,2000.0,25.0,0.5,1.3652123889719707,2500.0,35.59322033898305,0.8,1.0459431618637296,expanding
201,86.89655172413794,24.827586206896555,-6.90645610232756,0.0,2.4788628752432156,8.853540935613843,500.58351653540234,0.0,0.5514998059413203,10.917291199396406,769.2307692307693,44.44444444444444,0.5,1.2549471261506067,769.2307692307693,44.44444444444444,0.5,1.2549471261506067,stable
202,91.0344827586207,24.827586206896555,102.06690218571387,4.892605676984104,1.8465127525588663,8.724950596750455,403.71830916825434,4.759145774782596,0.4952922162949121,4.998345904297041,769.2307692307693,44.44444444444444,0.5,1.2549471261506067,769.2307692307693,44.44444444444444,0.5,1.2549471261506067,stable
203,95.17241379310346,24.827586206896555,246.40397545979445,12.91133196998858,0.8490326072961074,6.126165513986067,275.4186884801827,11.43043953595357,0.38581037115406724,6.295153506913765,2000.0,25.0,0.3333333333333333,1.3652123889719707,400.0,56.25,1.0,1.2090619551221675,aggregating
204,99.31034482758622,24.827586206896555,520.4080036826844,28.133777982371353,0.0,1.9807371564018434,31.859552282058345,0.2966341157549764,0.18957865855860168,3.3467795545604835,400.0,56.25,1.0,1.2090619551221675,10000.0,0.0,0.25,1.0,fragmenting
205,103.44827586206897,24.827586206896555,624.4668965440593,30.0,0.0,2.9381258263029157,0.0,0.0,0.16625981276242086,6.310508486141185,769.2307692307693,44.44444444444444,0.5,1.2549471261506067,769.2307692307693,44.44444444444444,0.5,1.2549471261506067,stable
206,107.58620689655173,24.827586206896555,282.4211084393677,14.912283802187094,0.0,5.081617173470132,243.4034591650065,0.0,0.3379300479869486,6.500314171139143,2000.0,25.0,0.3333333333333333,1.3652123889719707,400.0,56.25,1.0,1.2090619551221675,aggregating
207,111.72413793103449,24.827586206896555,-22.359741810718816,0.0,0.0,19.409465723858673,514.3197704984168,0.0,0.6962046115837623,12.039873269178882,2000.0,25.0,0.3333333333333333,1.3652123889719707,400.0,56.25,1.0,1.2090619551221675,aggregating
208,115.86206896551725,24.827586206896555,157.3036000490347,7.9613111138352615,0.0,8.695476582015235,354.6190221786358,0.0,0.42508290835842244,9.93693126179879,400.0,56.25,1.0,1.2090619551221675,10000.0,0.0,0.25,1.0,fragmenting
209,120.0,24.827586206896555,336.9669419087882,17.942607883821566,0.0,2.936913210728801,194.91827385885495,0.0,0.2592903297195194,5.623612076170217,2000.0,25.0,0.5,1.3652123889719707,2500.0,35.59322033898305,0.8,1.0459431618637296,expanding
210,0.0,28.965517241379313,144.57436813658194,7.254131563143441,0.0,11.019991628686054,365.9338949897049,0.0,0.22450647990048736,2.766843593669832,2000.0,25.0,0.3333333333333333,1.3652123889719707,400.0,56.25,1.0,1.2090619551221675,aggregating
211,4.137931034482759,28.965517241379313,288.9868668269819,15.27704815705455,0.5490149122546493,5.2690391374958345,237.5672294871272,2.1161911335039423,0.25896787511152053,-1.045802211359608,2000.0,25.0,0.3333333333333333,1.3652123889719707,400.0,56.25,1.0,1.2090619551221675,aggregating
212,8.275862068965518,28.965517241379313,433.3993655173818,23.299964750965657,1.1021381180744907,2.3733781144328265,109.20056398454952,6.66194203051998,0.23263116386364285,4.207959337258784,400.0,56.25,1.0,1.2090619551221675,10000.0,0.0,0.25,1.0,fragmenting
213,12.413793103448278,28.965517241379313,428.11111477710756,23.006173043172645,0.9787064974186264,2.3243291566840747,113.9012313092377,3.7380466688949703,0.24943826964190785,2.929078407597488,769.2307692307693,44.44444444444444,0.5,1.2549471261506067,769.2307692307693,44.44444444444444,0.5,1.2549471261506067,stable
214,16.551724137931036,28.965517241379313,411.30742177293524,22.072634542940847,0.8032321978030924,2.3630266639397393,128.83784731294642,0.23956313352833972,0.27844630935210934,3.914267141111824,400.0,56.25,1.0,1.2090619551221675,10000.0,0.0,0.25,1.0,fragmenting
215,20.689655172413794,28.965517241379313,469.44799646928055,25.302666470515586,0.7352573486258318,1.4809908634137583,77.1573364717506,0.0,0.21680389381374665,1.441053125451696,769.2307692307693,44.44444444444444,0.5,1.2549471261506067,769.2307692307693,44.44444444444444,0.5,1.2549471261506067,stable
216,24.827586206896555,28.965517241379313,514.1625863147476,27.786810350819312,0.7447634583144225,2.5836921310558267,37.41103438689102,0.0,0.2000203458828421,2.7638584502630996,400.0,56.25,1.0,1.2090619551221675,10000.0,0.0,0.25,1.0,fragmenting
217,28.965517241379313,28.965517241379313,471.9558847793792,25.4419935988544,0.5263288595343217,1.03554153381827,74.92810241832962,0.0,0.1946204524046223,2.9287159795857143,769.2307692307693,44.44444444444444,0.5,1.2549471261506067,769.2307692307693,44.44444444444444,0.5,1.2549471261506067,stable
218,33.10344827586207,28.965517241379313,406.043376503783,21.7801875835435,0.24572861299003224,0.20542972801304882,133.51699866330398,0.5578040109884322,0.17334056787597432,1.5253686955293475,769.2307692307693,44.44444444444444,0.5,1.2549471261506067,769.2307692307693,44.44444444444444,0.5,1.2549471261506067,stable
219,37.24137931034483,28.965517241379313,391.1636632183085,20.95353684546158,0.0,2.02802025365984,146.74341047261467,0.0,0.12799271060885875,3.0518354718283898,769.2307692307693,44.44444444444444,0.5,1.2549471261506067,769.2307692307693,44.44444444444444,0.5,1.2549471261506067,stable
220,41.37931034482759,28.965517241379313,396.82330177637414,21.26796120979856,0.0,4.337793978812115,141.712620643223,0.0,0.09157467319765307,4.961500247609281,2000.0,25.0,0.5,1.3652123889719707,2500.0,35.59322033898305,0.8,1.0459431618637296,expanding
221,45.51724137931035,28.965517241379313,367.00784887631465,19.611547159795258,0.0,4.349575435357588,168.21524544327588,0.0,0.12413756682469347,1.5478501250519576,2000.0,25.0,0.5,1.3652123889719707,2500.0,35.59322033898305,0.8,1.0459431618637296,expanding
222,49.65517241379311,28.965517241379313,317.34375200230625,16.852430666794792,0.8152693863666133,1.2482234092373754,212.36110933128333,4.130248182830448,0.2509152635426155,3.2720604780902782,769.2307692307693,44.44444444444444,0.5,1.2549471261506067,769.2307692307693,44.44444444444444,0.5,1.2549471261506067,stable
223,53.793103448275865,28.965517241379313,176.47274933366742,9.026263851870413,0.8930277859308691,0.0,337.5797783700734,6.742111122275394,0.342341185222929,0.335993218896364,2000.0,25.0,0.5,1.3652123889719707,2500.0,35.59322033898305,0.8,1.0459431618637296,expanding
224,57.931034482758626,28.965517241379313,-32.803432680943814,0.0,0.030397497217079628,0.0,523.60305127195,6.489314121482821,0.24540257778911395,0.1168311066484532,2000.0,25.0,0.5,1.3652123889719707,2500.0,35.59322033898305,0.8,1.0459431618637296,expanding
225,62.06896551724138,28.965517241379313,-65.4811416146018,0.0,0.0,0.0,552.6499036574238,5.132469638500068,0.053789173192143186,-1.3976104943989753,2000.0,25.0,0.3333333333333333,1.3652123889719707,400.0,56.25,1.0,1.2090619551221675,aggregating
226,66.20689655172414,28.965517241379313,78.43962253269291,3.57997902959405,0.46538669149920253,2.835546206076833,424.7203355264952,2.6715776733271457,0.0,3.8171606069532773,400.0,56.25,1.0,1.2090619551221675,10000.0,0.0,0.25,1.0,fragmenting
227,70.3448275862069,28.965517241379313,118.49611659662465,5.805339810923591,0.9029122455176153,7.845744052734493,389.11456302522254,4.281451705782105,0.0,2.3185545890559713,2000.0,25.0,0.3333333333333333,1.3652123889719707,400.0,56.25,1.0,1.2090619551221675,aggregating
228,74.48275862068967,28.965517241379313,20.066917216072934,0.33705095644849625,1.1537569038814524,2.6274272949875366,476.60718469682405,11.319013735074204,0.09781263732309023,3.9889211406791594,769.2307692307693,44.44444444444444,0.5,1.2549471261506067,769.2307692307693,44.44444444444444,0.5,1.2549471261506067,stable
229,78.62068965517241,28.965517241379313,-79.60398527301865,0.0,1.6591669708010932,0.0,565.2035424649055,11.194578772968358,0.2908922089276217,-1.3159976844558514,2000.0,25.0,0.5,1.3652123889719707,2500.0,35.59322033898305,0.8,1.0459431618637296,expanding
230,82.75862068965517,28.965517241379313,-112.18901108650829,0.0,2.280495143085146,3.4125075774257883,594.168009854674,0.0,0.4845189607546154,5.2452842525107055,400.0,56.25,1.0,1.2090619551221675,10000.0,0.0,0.25,1.0,fragmenting
231,86.89655172413794,28.965517241379313,-77.67346172610279,0.0,2.461264885432317,5.040095154366277,563.4875215343136,0.0,0.5923324294609622,6.0692619537042125,769.2307692307693,44.44444444444444,0.5,1.2549471261506067,769.2307692307693,44.44444444444444,0.5,1.2549471261506067,stable
232,91.0344827586207,28.965517241379313,37.94234773032433,1.3301304294624625,1.9685130904823234,3.0470666848890984,460.7179131286006,0.9587932192889008,0.511114960493184,6.351995892890857,2000.0,25.0,0.5,1.3652123889719707,2500.0,35.59322033898305,0.8,1.0459431618637296,expanding
233,95.17241379310346,28.965517241379313,181.0779169922301,9.28210649956834,1.1824682838141478,2.0809077779270724,333.48629600690657,7.200484558048846,0.39648194634628864,3.476902777331336,400.0,56.25,1.0,1.2090619551221675,10000.0,0.0,0.25,1.0,fragmenting
234,99.31034482758622,28.965517241379313,425.1192722075569,22.839959567086495,0.0,2.138518276011482,116.5606469266161,0.0,0.22773115469083002,3.370908405983719,400.0,56.25,1.0,1.2090619551221675,10000.0,0.0,0.25,1.0,fragmenting
235,103.44827586206897,28.965517241379313,505.53762361134375,27.307645756185764,0.0,1.9661793209800351,45.077667901027766,0.0,0.19934719286729738,3.653835943390526,2000.0,25.0,0.5,1.3652123889719707,2500.0,35.59322033898305,0.8,1.0459431618637296,expanding
236,107.58620689655173,28.965517241379313,304.02582526668596,16.11254584814922,0.0,5.570553529677979,224.19926642961246,0.0,0.27858208903211745,8.200901417621614,2000.0,25.0,0.3333333333333333,1.3652123889719707,400.0,56.25,1.0,1.2090619551221675,aggregating
237,111.72413793103449,28.965517241379313,122.20415939256098,6.01134218847561,0.4244233731782939,12.596620057079631,385.81852498439025,0.0,0.4444018094106879,10.157489715101669,2000.0,25.0,0.5,1.3652123889719707,2500.0,35.59322033898305,0.8,1.0459431618637296,expanding
238,115.86206896551725,28.965517241379313,196.35421563534948,10.130789757519416,0.3467280425199041,4.489261270866359,319.90736387968934,0.0,0.324412963022975,6.051640654789836,2000.0,25.0,0.3333333333333333,1.3652123889719707,400.0,56.25,1.0,1.2090619551221675,aggregating
239,120.0,28.965517241379313,270.50427187813796,14.250237326563218,0.26903271186151406,0.0,253.99620277498852,0.0,0.23959859813233975,0.20297835720663443,769.2307692307693,44.44444444444444,0.5,1.2549471261506067,769.2307692307693,44.44444444444444,0.5,1.2549471261506067,stable
240,0.0,33.10344827586207,-170.8570507209334,0.0,1.3424798412689363,11.412597941744963,646.3173784186074,0.0,0.21209580314643584,0.5883546254440426,769.2307692307693,44.44444444444444,0.5,1.2549471261506067,769.2307692307693,44.44444444444444,0.5,1.2549471261506067,stable
241,4.137931034482759,33.10344827586207,15.254865563838443,0.06971475354658008,2.030554998672244,16.533360184314386,480.88456394325476,0.0,0.3705116341108249,2.9353299189321778,2000.0,25.0,0.3333333333333333,1.3652123889719707,400.0,56.25,1.0,1.2090619551221675,aggregating
242,8.275862068965518,33.10344827586207,201.3667818486103,10.409265658256126,2.718630156075552,15.716876707182974,315.451749467902,0.0,0.40470712158754785,0.6506040034761629,769.2307692307693,44.44444444444444,0.5,1.2549471261506067,769.2307692307693,44.44444444444444,0.5,1.2549471261506067,stable
243,12.413793103448278,33.10344827586207,266.57742684870584,14.032079269372545,0.6817918970260595,5.896262031262152,257.4867316900393,1.4047209056707226,0.44857619789062997,3.18419692318482,2000.0,25.0,0.3333333333333333,1.3652123889719707,400.0,56.25,1.0,1.2090619551221675,aggregating
244,16.551724137931036,33.10344827586207,322.4879740576725,17.138220780981804,0.0,0.0,207.78846750429113,4.500440165403767,0.45701521835045966,1.0320588255216419,2000.0,25.0,0.5,1.3652123889719707,2500.0,35.59322033898305,0.8,1.0459431618637296,expanding
245,20.689655172413794,33.10344827586207,387.9969799794309,20.77760999885727,0.0,0.0,149.5582400182837,4.850198187462944,0.3569054876357368,4.059274640055933,400.0,56.25,1.0,1.2090619551221675,10000.0,0.0,0.25,1.0,fragmenting
246,24.827586206896555,33.10344827586207,449.3457125483904,24.18587291935502,0.0,0.0,95.02603329031967,4.803688534698398,0.25891059775059694,0.26085849593626587,400.0,56.25,1.0,1.2090619551221675,10000.0,0.0,0.25,1.0,fragmenting
247,28.965517241379313,33.10344827586207,465.3517548207111,25.075097490039507,0.44305565380240236,0.8057238538801661,80.7984401593679,1.045888866527465,0.208963052844391,2.3879439595799257,2000.0,25.0,0.5,1.3652123889719707,2500.0,35.59322033898305,0.8,1.0459431618637296,expanding
248,33.10344827586207,33.10344827586207,468.99160883031226,25.277311601684016,1.1473185264929049,2.456308599670509,77.56301437305578,0.0,0.17434479171154574,5.566397714436025,2000.0,25.0,0.3333333333333333,1.3652123889719707,400.0,56.25,1.0,1.2090619551221675,aggregating
249,37.24137931034483,33.10344827586207,480.5724933746773,25.920694076370964,0.4167431898837094,2.7386291834971206,67.26889477806459,0.0,0.17590609069463167,5.116529459918662,2000.0,25.0,0.5,1.3652123889719707,2500.0,35.59322033898305,0.8,1.0459431618637296,expanding
250,41.37931034482759,33.10344827586207,486.05938803350205,26.22552155741678,0.0,2.734807121612981,62.391655081331535,3.6934587904249443,0.18211670534540791,2.7901611943444706,2000.0,25.0,0.5,1.3652123889719707,2500.0,35.59322033898305,0.8,1.0459431618637296,expanding
251,45.51724137931035,33.10344827586207,377.723074397375,20.206837466520835,0.0,6.126055254332105,158.69060053566665,7.214884870450732,0.1296645727422187,4.095964650354668,769.2307692307693,44.44444444444444,0.5,1.2549471261506067,769.2307692307693,44.44444444444444,0.5,1.2549471261506067,stable
252,49.65517241379311,33.10344827586207,216.45209181899259,11.247338434388478,1.6845560212289095,0.34072669946304424,302.04258504978435,9.486286446530041,0.32392511623803644,0.8507013703628421,400.0,56.25,1.0,1.2090619551221675,10000.0,0.0,0.25,1.0,fragmenting
253,53.793103448275865,33.10344827586207,100.13680692130326,4.785378162294625,1.9850522941434305,0.0,405.43394940328596,11.15130857263697,0.3838000664131477,0.6408743260158052,400.0,56.25,1.0,1.2090619551221675,10000.0,0.0,0.25,1.0,fragmenting
254,57.931034482758626,33.10344827586207,17.53829528413391,0.1965719602296616,1.0627451579185498,0.0,478.8548486363254,12.3615461112646,0.0745684873138572,-0.7773641606074843,400.0,56.25,1.0,1.2090619551221675,10000.0,0.0,0.25,1.0,fragmenting
255,62.06896551724138,33.10344827586207,60.191423705643935,2.5661902058691077,0.8966320577865209,0.0,440.94095670609425,11.085246804420372,0.0,-0.13764579145257644,400.0,56.25,1.0,1.2090619551221675,10000.0,0.0,0.25,1.0,fragmenting
256,66.20689655172414,33.10344827586207,228.0961921858327,11.894232899212927,1.4867129937473424,0.0,291.6922736125931,7.322410652104293,0.0,-1.6889937380127786,400.0,56.25,1.0,1.2090619551221675,10000.0,0.0,0.25,1.0,fragmenting
257,70.3448275862069,33.10344827586207,260.20982058814377,13.678323366007987,1.5842381676593662,0.7737215286512678,263.1468261438722,7.376173557436412,0.030366594485954607,1.7680095535119464,769.2307692307693,44.44444444444444,0.5,1.2549471261506067,769.2307692307693,44.44444444444444,0.5,1.2549471261506067,stable
258,74.48275862068967,33.10344827586207,111.26859555328544,5.4038108640714135,1.0250223255063304,0.0,395.5390261748574,12.518735206299434,0.06845935746622617,0.4499856629573805,400.0,56.25,1.0,1.2090619551221675,10000.0,0.0,0.25,1.0,fragmenting
259,78.62068965517241,33.10344827586207,-39.33990823542182,0.0,1.0907823418579763,0.13476072891167856,529.4132517648194,10.385060952721687,0.21713277357419344,0.3579201980478156,2000.0,25.0,0.3333333333333333,1.3652123889719707,400.0,56.25,1.0,1.2090619551221675,aggregating
260,82.75862068965517,33.10344827586207,-124.35465499916106,0.0,1.9415532647103748,1.9266036883439575,604.9819155548098,0.0,0.4454326770274264,2.128496375329946,2000.0,25.0,0.5,1.3652123889719707,2500.0,35.59322033898305,0.8,1.0459431618637296,expanding
261,86.89655172413794,33.10344827586207,-128.96190310250134,0.0,2.379115374892166,0.6904784824004344,609.0772472022234,0.0,0.5828934569726721,4.031730113639048,2000.0,25.0,0.3333333333333333,1.3652123889719707,400.0,56.25,1.0,1.2090619551221675,aggregating
262,91.0344827586207,33.10344827586207,-18.293978032213673,0.0,2.2085875019070222,0.0,510.7057582508566,0.0,0.4455759443902524,1.5486800618622025,2000.0,25.0,0.5,1.3652123889719707,2500.0,35.59322033898305,0.8,1.0459431618637296,expanding
263,95.17241379310346,33.10344827586207,100.18836844462923,4.788242691368291,1.8401892641052706,0.0,405.3881169381073,0.0,0.3302663729033408,-0.0291588434340343,2000.0,25.0,0.5,1.3652123889719707,2500.0,35.59322033898305,0.8,1.0459431618637296,expanding
264,99.31034482758622,33.10344827586207,247.3235934121741,12.962421856231893,0.746266355309293,2.3412362968626774,274.60125030028973,0.0,0.23284848228503022,3.9351428853128487,769.2307692307693,44.44444444444444,0.5,1.2549471261506067,769.2307692307693,44.44444444444444,0.5,1.2549471261506067,stable
265,103.44827586206897,33.10344827586207,261.5583773097451,13.753243183874725,0.05117800361016023,6.815409967589494,261.94810905800443,0.0,0.1762371770794129,5.1486555357374035,769.2307692307693,44.44444444444444,0.5,1.2549471261506067,769.2307692307693,44.44444444444444,0.5,1.2549471261506067,stable
266,107.58620689655173,33.10344827586207,304.4401298260394,16.135562768113303,0.331127269629104,6.438830772292407,223.83099571018715,0.0,0.18272580083168713,5.841095548814936,2000.0,25.0,0.5,1.3652123889719707,2500.0,35.59322033898305,0.8,1.0459431618637296,expanding
267,111.72413793103449,33.10344827586207,337.6551316342581,17.980840646347673,0.5922787021406757,5.732083232448775,194.3065496584372,0.0,0.18610828017158995,6.263155067565043,400.0,56.25,1.0,1.2090619551221675,10000.0,0.0,0.25,1.0,fragmenting
268,115.86206896551725,33.10344827586207,245.20237423750103,12.844576346527834,0.6090582990564279,0.6039253899393038,276.48677845555466,0.0,0.15053394333505124,3.618740385460911,2000.0,25.0,0.3333333333333333,1.3652123889719707,400.0,56.25,1.0,1.2090619551221675,aggregating
269,120.0,33.10344827586207,152.74961684074393,7.708312046707996,0.6258378959721803,0.0,358.667007252672,0.0,0.0948845232434178,-0.2677472810774314,2000.0,25.0,0.5,1.3652123889719707,2500.0,35.59322033898305,0.8,1.0459431618637296,expanding
270,0.0,37.24137931034483,-50.56871442080788,0.0,1.1956894052691185,14.278914026503198,539.3944128184959,0.0,0.14937826595613263,2.7098405728727717,2000.0,25.0,0.5,1.3652123889719707,2500.0,35.59322033898305,0.8,1.0459431618637296,expanding
271,4.137931034482759,37.24137931034483,21.70696488860181,0.42816471603343387,1.7580780084984375,22.721049259955056,475.1493645434651,2.1525878086083745,0.46013754880806607,1.8599680153468119,2000.0,25.0,0.5,1.3652123889719707,2500.0,35.59322033898305,0.8,1.0459431618637296,expanding
272,8.275862068965518,37.24137931034483,93.98264419801134,4.443480233222853,2.320466611727757,28.124616720409172,410.90431626843434,5.715683995716084,0.678986476795613,3.158566043879099,769.2307692307693,44.44444444444444,0.5,1.2549471261506067,769.2307692307693,44.44444444444444,0.5,1.2549471261506067,stable
273,12.413793103448278,37.24137931034483,170.27321996387548,8.681845553548637,0.5455937058809778,11.716844356418695,343.0904711432218,5.207139980781315,0.6056959552840955,2.1829680835727117,400.0,56.25,1.0,1.2090619551221675,10000.0,0.0,0.25,1.0,fragmenting
274,16.551724137931036,37.24137931034483,246.8726339186976,12.937368551038757,0.0,0.0,275.00210318337986,4.385392873381741,0.5128831314745526,1.6220234208698812,769.2307692307693,44.44444444444444,0.5,1.2549471261506067,769.2307692307693,44.44444444444444,0.5,1.2549471261506067,stable
275,20.689655172413794,37.24137931034483,315.4992020602071,16.749955670011506,0.0,0.0,214.0007092798159,4.752615271498167,0.43267104640628384,0.1504734984441407,2000.0,25.0,0.3333333333333333,1.3652123889719707,400.0,56.25,1.0,1.2090619551221675,aggregating
276,24.827586206896555,37.24137931034483,397.19362575726745,21.288534764292635,0.0,0.0,141.38344377131781,5.65987897097916,0.3212286484185261,-0.7262793890973458,2000.0,25.0,0.3333333333333333,1.3652123889719707,400.0,56.25,1.0,1.2090619551221675,aggregating
277,28.965517241379313,37.24137931034483,402.76152178698317,21.597862321499065,0.8987513674878997,0.0,136.43420285601496,1.443539763183644,0.22587059087091013,-0.3453101710330404,2000.0,25.0,0.3333333333333333,1.3652123889719707,400.0,56.25,1.0,1.2090619551221675,aggregating
278,33.10344827586207,37.24137931034483,387.56763754378676,20.753757641321485,1.8113078967276959,3.0671134413642838,149.93987773885624,0.0,0.10175744049871294,2.329795281040508,400.0,56.25,1.0,1.2090619551221675,10000.0,0.0,0.25,1.0,fragmenting
279,37.24137931034483,37.24137931034483,429.2962966048125,23.07201647804514,1.0964420213074624,3.9299207290556657,112.84773635127777,0.0,0.11261925390053051,2.1374479048044552,2000.0,25.0,0.5,1.3652123889719707,2500.0,35.59322033898305,0.8,1.0459431618637296,expanding
280,41.37931034482759,37.24137931034483,475.1269349411437,25.618163052285762,0.0,2.970059850686712,72.1093911634278,3.448202518544103,0.17045094528592342,4.127444151822976,400.0,56.25,1.0,1.2090619551221675,10000.0,0.0,0.25,1.0,fragmenting
281,45.51724137931035,37.24137931034483,350.42848200412215,18.69047122245123,0.0,4.760136933219179,182.9524604407803,6.105437667563593,0.09908564223509986,2.8249802691652026,2000.0,25.0,0.3333333333333333,1.3652123889719707,400.0,56.25,1.0,1.2090619551221675,aggregating
282,49.65517241379311,37.24137931034483,151.7327984112195,7.651822133956638,1.4122955160934818,0.0,359.5708458566938,6.839080722856452,0.19559437499450985,3.14798864125119,2000.0,25.0,0.3333333333333333,1.3652123889719707,400.0,56.25,1.0,1.2090619551221675,aggregating
283,53.793103448275865,37.24137931034483,47.83759041242322,1.879866134023512,1.8594153611370297,0.0,451.92214185562386,8.283179375287625,0.1271556252819916,-1.7379375538761241,2000.0,25.0,0.3333333333333333,1.3652123889719707,400.0,56.25,1.0,1.2090619551221675,aggregating
284,57.931034482758626,37.24137931034483,15.042739109206735,0.05792995051148542,1.5251423592120523,0.0,481.0731207918162,10.260119725572531,0.0,0.4413702282510032,400.0,56.25,1.0,1.2090619551221675,10000.0,0.0,0.25,1.0,fragmenting
285,62.06896551724138,37.24137931034483,57.14820513304524,2.397122507391402,1.3274343156614612,0.0,443.6460398817376,10.689476534316936,0.0,-1.2945778647186394,400.0,56.25,1.0,1.2090619551221675,10000.0,0.0,0.25,1.0,fragmenting
286,66.20689655172414,37.24137931034483,174.15398848393818,8.897443804663233,1.2662912304852567,0.0,339.6408991253883,9.571249801520846,0.0,-0.5558552703990238,2000.0,25.0,0.5,1.3652123889719707,2500.0,35.59322033898305,0.8,1.0459431618637296,expanding
287,70.3448275862069,37.24137931034483,179.44302160874474,9.191278978263597,1.0480722548102779,0.0468467175327707,334.93953634778245,10.731779404536642,0.0,0.22217194135368676,400.0,56.25,1.0,1.2090619551221675,10000.0,0.0,0.25,1.0,fragmenting
288,74.48275862068967,37.24137931034483,35.77638776543685,1.2097993203020474,0.6204187584702701,6.185812966947566,462.6432108751672,14.930650788634937,0.0,1.7009035652052638,2000.0,25.0,0.3333333333333333,1.3652123889719707,400.0,56.25,1.0,1.2090619551221675,aggregating
289,78.62068965517241,37.24137931034483,-65.18338998621246,0.0,0.7707815560076174,11.151246245262195,552.3852355433,13.216297957014122,0.0,6.556951336595119,2000.0,25.0,0.5,1.3652123889719707,2500.0,35.59322033898305,0.8,1.0459431618637296,expanding
290,82.75862068965517,37.24137931034483,-21.402051480058006,0.0,1.6239820349448937,5.553573095870853,513.468490204496,0.0,0.058607356989303167,7.979783025688544,400.0,56.25,1.0,1.2090619551221675,10000.0,0.0,0.25,1.0,fragmenting
291,86.89655172413794,37.24137931034483,51.979369936441756,2.109964996468986,2.1264078113473746,1.6733849445857043,448.24056005649624,0.0,0.14921918338152018,2.9542175304910097,2000.0,25.0,0.5,1.3652123889719707,2500.0,35.59322033898305,0.8,1.0459431618637296,expanding
292,91.0344827586207,37.24137931034483,114.52502951278207,5.584723861821226,2.173886390886995,1.6689402616838023,392.6444182108604,0.0,0.17307550880059952,3.8702321218614246,2000.0,25.0,0.3333333333333333,1.3652123889719707,400.0,56.25,1.0,1.2090619551221675,aggregating
293,95.17241379310346,37.24137931034483,193.66685323069095,9.981491846149495,2.0299987951409184,1.8235886340803544,322.2961304616081,0.0,0.20411930555636784,5.036970338953441,769.2307692307693,44.44444444444444,0.5,1.2549471261506067,769.2307692307693,44.44444444444444,0.5,1.2549471261506067,stable
294,99.31034482758622,37.24137931034483,333.66127880101686,17.758959933389825,1.1844352233472828,2.2030290186891297,197.85664106576277,0.0,0.24036473889676224,3.9171878265236,769.2307692307693,44.44444444444444,0.5,1.2549471261506067,769.2307692307693,44.44444444444444,0.5,1.2549471261506067,stable
295,103.44827586206897,37.24137931034483,325.43553367706454,17.30197409317025,0.684702438211751,2.756985602919113,205.16841450927595,0.0,0.2635209392764291,4.133482005093153,400.0,56.25,1.0,1.2090619551221675,10000.0,0.0,0.25,1.0,fragmenting
296,107.58620689655173,37.24137931034483,380.18012134377994,20.343340074654442,1.0346446235266489,3.535140636170787,156.50655880552895,0.0,0.2178998871429209,2.7635562667808498,2000.0,25.0,0.5,1.3652123889719707,2500.0,35.59322033898305,0.8,1.0459431618637296,expanding
297,111.72413793103449,37.24137931034483,421.3299448860923,22.62944138256068,1.3535737743721183,3.5024179873678545,119.92893787902909,0.0,0.19684941952336088,6.400922956018967,2000.0,25.0,0.5,1.3652123889719707,2500.0,35.59322033898305,0.8,1.0459431618637296,expanding
298,115.86206896551725,37.24137931034483,285.7478348111755,15.097101933954194,1.269333477115038,1.3386682315654088,240.4463690567329,0.0,0.22061576990082565,3.4664312203910983,769.2307692307693,44.44444444444444,0.5,1.2549471261506067,769.2307692307693,44.44444444444444,0.5,1.2549471261506067,stable
299,120.0,37.24137931034483,150.16572473625877,7.564762485347709,1.1850931798579578,0.0,360.9638002344367,0.0,0.28133367337627185,-0.518100196119536,2000.0,25.0,0.5,1.3652123889719707,2500.0,35.59322033898305,0.8,1.0459431618637296,expanding
300,0.0,41.37931034482759,246.83795844545142,12.935442135858413,0.4117917476593151,11.466507114136412,275.03292582626534,4.4180970093606495,0.13089903268538372,1.5949269903943972,400.0,56.25,1.0,1.2090619551221675,10000.0,0.0,0.25,1.0,fragmenting
301,4.137931034482759,41.37931034482759,152.592315481715,7.6995730823174995,0.7599016993484423,21.226733949312706,358.80683068292,11.996169492466516,0.46131826960917405,0.9603961369879558,400.0,56.25,1.0,1.2090619551221675,10000.0,0.0,0.25,1.0,fragmenting
302,8.275862068965518,41.37931034482759,58.34667251797855,2.4637040287765863,1.1080116510375695,34.370446936251334,442.5807355395746,19.574241975572377,0.9849686656765102,1.7146036911504448,769.2307692307693,44.44444444444444,0.5,1.2549471261506067,769.2307692307693,44.44444444444444,0.5,1.2549471261506067,stable
303,12.413793103448278,41.37931034482759,131.47876958988024,6.526598310548902,0.48091619996881707,17.461958713461335,377.57442703121757,12.003079974436533,0.6830355317812591,3.0242079809734785,2000.0,25.0,0.3333333333333333,1.3652123889719707,400.0,56.25,1.0,1.2090619551221675,aggregating
304,16.551724137931036,41.37931034482759,217.48607743375408,11.304782079653004,0.0,3.929118463308076,301.12348672555197,3.2665922437436317,0.4060625589307927,0.21440155337822464,2000.0,25.0,0.5,1.3652123889719707,2500.0,35.59322033898305,0.8,1.0459431618637296,expanding
305,20.689655172413794,41.37931034482759,294.6160850072639,15.58978250040355,0.0,0.0,232.5634799935432,3.260876941651425,0.3551374606157196,1.9742427361365453,2000.0,25.0,0.3333333333333333,1.3652123889719707,400.0,56.25,1.0,1.2090619551221675,aggregating
306,24.827586206896555,41.37931034482759,393.01228543080475,21.05623807948915,0.7338200812431876,0.0,145.10019072817357,5.116811918176505,0.28336677843927116,-0.5420715809634695,2000.0,25.0,0.5,1.3652123889719707,2500.0,35.59322033898305,0.8,1.0459431618637296,expanding
307,28.965517241379313,41.37931034482759,355.5531454343343,18.975174746351904,1.4861219806473311,0.0,178.39720405836954,2.052284089283376,0.2219583600039345,0.17957644390876637,2000.0,25.0,0.5,1.3652123889719707,2500.0,35.59322033898305,0.8,1.0459431618637296,expanding
308,33.10344827586207,41.37931034482759,281.04254895967887,14.835697164426604,2.2410230664955835,0.0,244.62884536917434,0.0,0.05707597070255105,3.246923086955037,2000.0,25.0,0.5,1.3652123889719707,2500.0,35.59322033898305,0.8,1.0459431618637296,expanding
309,37.24137931034483,41.37931034482759,349.26531944863007,18.62585108047945,1.5396562471229818,1.7171581003323793,183.98638271232883,0.0,0.061769037511277575,3.6357019954730267,2000.0,25.0,0.3333333333333333,1.3652123889719707,400.0,56.25,1.0,1.2090619551221675,aggregating
310,41.37931034482759,41.37931034482759,447.75296179100314,24.097386766166842,0.09251181390818053,2.4614106630543535,96.44181174133055,0.10598401507536766,0.15393843304071375,3.4964799600415217,2000.0,25.0,0.5,1.3652123889719707,2500.0,35.59322033898305,0.8,1.0459431618637296,expanding
311,45.51724137931035,41.37931034482759,330.1329215475925,17.56294008597736,0.0,0.5385467128312291,200.99295862436222,1.3051711202549614,0.07121596749937203,0.25707551939590134,2000.0,25.0,0.5,1.3652123889719707,2500.0,35.59322033898305,0.8,1.0459431618637296,expanding
312,49.65517241379311,41.37931034482759,122.26247423654733,6.014581902030407,0.5973062413639921,0.0,385.7666895675135,1.4994087924131376,0.0,-0.3064021161873403,400.0,56.25,1.0,1.2090619551221675,10000.0,0.0,0.25,1.0,fragmenting
313,53.793103448275865,41.37931034482759,24.510150208257908,0.583897233792106,1.222886621337683,0.0,472.6576442593263,2.9624042728602262,0.0,0.5806003735090837,2000.0,25.0,0.3333333333333333,1.3652123889719707,400.0,56.25,1.0,1.2090619551221675,aggregating
314,57.931034482758626,41.37931034482759,9.346418642035239,0.0,1.798014829726619,0.0,486.1365167626353,5.376968109523993,0.0,0.532864994322385,2000.0,25.0,0.5,1.3652123889719707,2500.0,35.59322033898305,0.8,1.0459431618637296,expanding
315,62.06896551724138,41.37931034482759,18.50101691862433,0.25005649547912956,1.5849698609946572,0.0,477.9990960723339,8.069146052725655,0.0,0.19811189720235495,400.0,56.25,1.0,1.2090619551221675,10000.0,0.0,0.25,1.0,fragmenting
316,66.20689655172414,41.37931034482759,51.973945038024944,2.109663613223608,0.5837517151418028,0.0,448.24538218842224,11.038938102465206,0.0,-0.09569809122999809,400.0,56.25,1.0,1.2090619551221675,10000.0,0.0,0.25,1.0,fragmenting
317,70.3448275862069,41.37931034482759,20.205016721652814,0.34472315120293406,0.03614753508335189,2.1702922512168197,476.48442958075304,14.236173453437692,0.0,2.13196352347736,769.2307692307693,44.44444444444444,0.5,1.2549471261506067,769.2307692307693,44.44444444444444,0.5,1.2549471261506067,stable
318,74.48275862068967,41.37931034482759,-98.5530535090825,0.0,0.09336197608410607,20.788340259329484,582.04715867474,17.73666653938741,0.0,5.406440852041792,2000.0,25.0,0.3333333333333333,1.3652123889719707,400.0,56.25,1.0,1.2090619551221675,aggregating
319,78.62068965517241,41.37931034482759,-112.31024860632519,0.0,0.5146851405044086,28.21761028223229,594.2757765389557,17.277847335445454,0.0,7.703921719429392,2000.0,25.0,0.5,1.3652123889719707,2500.0,35.59322033898305,0.8,1.0459431618637296,expanding
320,82.75862068965517,41.37931034482759,125.54016275801496,6.196675708778609,1.2575554529673487,8.431897063801106,382.8531886595423,8.738410622933879,0.0,7.038342018492671,2000.0,25.0,0.3333333333333333,1.3652123889719707,400.0,56.25,1.0,1.2090619551221675,aggregating
321,86.89655172413794,41.37931034482759,314.2691752968016,16.681620849822313,1.7268135212983187,2.7687195913768843,215.094066402843,2.829801003785433,0.0,2.535961885913951,769.2307692307693,44.44444444444444,0.5,1.2549471261506067,769.2307692307693,44.44444444444444,0.5,1.2549471261506067,stable
322,91.0344827586207,41.37931034482759,301.9371517450844,15.996508430282468,1.9293516719400425,6.918114726211576,226.05586511548051,4.690578351500591,0.050759580720341924,6.126321704557799,2000.0,25.0,0.3333333333333333,1.3652123889719707,400.0,56.25,1.0,1.2090619551221675,aggregating
323,95.17241379310346,41.37931034482759,326.3778675235235,17.354325973529082,1.911460453878711,7.946351668224707,204.33078442353468,4.361898363600603,0.14565692271312244,6.043890072089211,2000.0,25.0,0.5,1.3652123889719707,2500.0,35.59322033898305,0.8,1.0459431618637296,expanding
324,99.31034482758622,41.37931034482759,485.6519608458683,26.20288671365935,1.0853282172395167,2.0333857560946553,62.753812581450404,0.0,0.20700762068213163,4.370156222449402,2000.0,25.0,0.5,1.3652123889719707,2500.0,35.59322033898305,0.8,1.0459431618637296,expanding
325,103.44827586206897,41.37931034482759,483.738860227313,26.096603345961835,0.6739435766590487,1.6417775586872536,64.45434646461065,0.0,0.21749349622120473,3.3873113156068726,400.0,56.25,1.0,1.2090619551221675,10000.0,0.0,0.25,1.0,fragmenting
326,107.58620689655173,41.37931034482759,472.77187955808654,25.487326642115917,1.5096413911694153,1.9739181047032563,74.2027737261453,0.0,0.2172979784113837,6.02991368649529,2000.0,25.0,0.5,1.3652123889719707,2500.0,35.59322033898305,0.8,1.0459431618637296,expanding
327,111.72413793103449,41.37931034482759,454.45366925304205,24.46964829183567,2.2683945284937765,2.816474498907769,90.48562733062928,0.0,0.211636723196651,5.732547188904105,400.0,56.25,1.0,1.2090619551221675,10000.0,0.0,0.25,1.0,fragmenting
328,115.86206896551725,41.37931034482759,340.5694736823694,18.14274853790941,2.0268668624001296,3.3352881699615575,191.71602339344943,0.6672096382002791,0.30594730978897605,4.024192668950509,400.0,56.25,1.0,1.2090619551221675,10000.0,0.0,0.25,1.0,fragmenting
329,120.0,41.37931034482759,226.68527811169665,11.815848783983148,1.7853391963064826,1.6787132225436807,292.9464194562696,3.4335116171663738,0.493425169219022,5.057476770978208,400.0,56.25,1.0,1.2090619551221675,10000.0,0.0,0.25,1.0,fragmenting
330,0.0,45.51724137931035,329.8895983505423,17.549422130585683,0.9484111331390899,6.000245316456111,201.20924591062908,10.474473129713425,0.18615673990758644,0.5410576104484965,769.2307692307693,44.44444444444444,0.5,1.2549471261506067,769.2307692307693,44.44444444444444,0.5,1.2549471261506067,stable
331,4.137931034482759,45.51724137931035,213.04533361188092,11.05807408954894,0.9964018454560448,13.271596885600353,305.070814567217,15.588742148492106,0.4242124570675939,0.684069358307223,400.0,56.25,1.0,1.2090619551221675,10000.0,0.0,0.25,1.0,fragmenting
332,8.275862068965518,45.51724137931035,96.20106887321953,4.566726048512195,1.0443925577729996,24.226926141300538,408.93238322380483,20.703011167270787,0.8638781825761739,2.3162805483438813,769.2307692307693,44.44444444444444,0.5,1.2549471261506067,769.2307692307693,44.44444444444444,0.5,1.2549471261506067,stable
333,12.413793103448278,45.51724137931035,153.08154740859482,7.726752633810822,1.189064973523704,15.31965837655289,358.37195785902685,14.56312165158808,0.5572148855938464,1.5276358947500241,2000.0,25.0,0.5,1.3652123889719707,2500.0,35.59322033898305,0.8,1.0459431618637296,expanding
334,16.551724137931036,45.51724137931035,223.32546773428058,11.629192651904477,1.3411744433846975,7.326102253255124,295.93291756952834,7.557527633254494,0.283459660099023,3.261480157386892,400.0,56.25,1.0,1.2090619551221675,10000.0,0.0,0.25,1.0,fragmenting
335,20.689655172413794,45.51724137931035,310.47184948462206,16.470658304701224,0.9589342662867392,2.4230397434633457,218.46946712478038,6.948768629630449,0.28432835071241214,0.9530962427334322,2000.0,25.0,0.3333333333333333,1.3652123889719707,400.0,56.25,1.0,1.2090619551221675,aggregating
336,24.827586206896555,45.51724137931035,407.9149308207298,21.884162823373877,0.8194761981314775,0.736003384432979,131.85339482601796,7.44562143454437,0.2582198183844303,0.9559558887207805,2000.0,25.0,0.5,1.3652123889719707,2500.0,35.59322033898305,0.8,1.0459431618637296,expanding
337,28.965517241379313,45.51724137931035,329.0612244712004,17.50340135951113,0.8426532382853433,0.0,201.94557824782189,5.9513845766612326,0.25159914234590797,-0.009261775549003315,2000.0,25.0,0.5,1.3652123889719707,2500.0,35.59322033898305,0.8,1.0459431618637296,expanding
338,33.10344827586207,45.51724137931035,202.12657602558812,10.451476445866007,0.9101853079780622,0.0,314.7763768661439,3.914123265287987,0.1494476249090119,-0.2925391384674315,400.0,56.25,1.0,1.2090619551221675,10000.0,0.0,0.25,1.0,fragmenting
339,37.24137931034483,45.51724137931035,253.21492185101735,13.289717880612075,0.8906555669579648,0.0,269.36451391020677,2.432618581665214,0.08791011215564427,1.8513986700798182,2000.0,25.0,0.3333333333333333,1.3652123889719707,400.0,56.25,1.0,1.2090619551221675,aggregating
340,41.37931034482759,45.51724137931035,342.9929516898051,18.27738620498917,0.7217373316617666,0.7315278201031523,189.56182072017324,1.56785972705662,0.10233079584640292,2.3583804565510884,2000.0,25.0,0.5,1.3652123889719707,2500.0,35.59322033898305,0.8,1.0459431618637296,expanding
341,45.51724137931035,45.51724137931035,245.1941950039081,12.84412194466156,0.4663039816977933,0.0,276.49404888541505,0.917936370322928,0.03151945920396074,2.526688222855328,400.0,56.25,1.0,1.2090619551221675,10000.0,0.0,0.25,1.0,fragmenting
342,49.65517241379311,45.51724137931035,79.31890546547295,3.628828081415164,0.29009975690836076,0.0,423.9387506973574,0.0,0.0,3.116233289190485,769.2307692307693,44.44444444444444,0.5,1.2549471261506067,769.2307692307693,44.44444444444444,0.5,1.2549471261506067,stable
343,53.793103448275865,45.51724137931035,-1.752621238934701,0.0,0.6478091478267689,0.0,496.0023299901642,1.182213562199608,0.0,-0.7027661090078613,769.2307692307693,44.44444444444444,0.5,1.2549471261506067,769.2307692307693,44.44444444444444,0.5,1.2549471261506067,stable
344,57.931034482758626,45.51724137931035,-19.221325817821764,0.0,1.4059537505260553,0.0,511.53006739361933,4.06679989808618,0.0,0.6071674372727391,2000.0,25.0,0.3333333333333333,1.3652123889719707,400.0,56.25,1.0,1.2090619551221675,aggregating
345,62.06896551724138,45.51724137931035,5.329413952283716,0.0,1.4856288395623054,0.0,489.70718759797,4.536591025094629,0.0,-0.9254572438731579,400.0,56.25,1.0,1.2090619551221675,10000.0,0.0,0.25,1.0,fragmenting
346,66.20689655172414,45.51724137931035,71.89959807138163,3.216644337298979,0.8868344149355226,0.0,430.53369060321637,2.5915869432249674,0.0,-0.5549006115389639,769.2307692307693,44.44444444444444,0.5,1.2549471261506067,769.2307692307693,44.44444444444444,0.5,1.2549471261506067,stable
347,70.3448275862069,45.51724137931035,53.6356737433771,2.201981874632061,0.3517779691154722,0.8251708158041238,446.768290005887,4.689799318846055,0.0,0.8368630926966426,769.2307692307693,44.44444444444444,0.5,1.2549471261506067,769.2307692307693,44.44444444444444,0.5,1.2549471261506067,stable
348,74.48275862068967,45.51724137931035,-77.74039518076349,0.0,0.0,10.490153066153168,563.5470179384564,12.17896697112144,0.0,4.558456511131868,769.2307692307693,44.44444444444444,0.5,1.2549471261506067,769.2307692307693,44.44444444444444,0.5,1.2549471261506067,stable
349,78.62068965517241,45.51724137931035,-92.37493750754356,0.0,0.0,13.015096153903603,576.5555000067054,13.333751748104119,0.0,5.30030156917717,400.0,56.25,1.0,1.2090619551221675,10000.0,0.0,0.25,1.0,fragmenting
350,82.75862068965517,45.51724137931035,151.3952340258114,7.633068556989522,0.43162313666617896,1.1689371005081777,359.8709030881676,2.2841995027917306,0.0,2.1250546590715502,769.2307692307693,44.44444444444444,0.5,1.2549471261506067,769.2307692307693,44.44444444444444,0.5,1.2549471261506067,stable
351,86.89655172413794,45.51724137931035,359.6454551618223,19.202525286767905,0.6851052443455223,0.7315680458103637,174.75959541171352,0.0,0.030177139233461936,0.598396707863527,2000.0,25.0,0.5,1.3652123889719707,2500.0,35.59322033898305,0.8,1.0459431618637296,expanding
352,91.0344827586207,45.51724137931035,418.7583428233651,22.486574601298063,0.6876539324011852,3.706664716712447,122.21480637923099,0.0,0.1402402172303594,6.135735599346793,400.0,56.25,1.0,1.2090619551221675,10000.0,0.0,0.25,1.0,fragmenting
353,95.17241379310346,45.51724137931035,476.57377420736464,25.698543011520258,0.5871988122542323,2.8708405298155957,70.8233118156759,0.5154380510821854,0.19519957729384693,3.7386780149338636,769.2307692307693,44.44444444444444,0.5,1.2549471261506067,769.2307692307693,44.44444444444444,0.5,1.2549471261506067,stable
354,99.31034482758622,45.51724137931035,529.6318659070389,28.646214772613273,0.10906306203102367,1.9272896544511562,23.660563638187604,0.0,0.1842317730500505,7.615710689149528,2000.0,25.0,0.3333333333333333,1.3652123889719707,400.0,56.25,1.0,1.2090619551221675,aggregating
355,103.44827586206897,45.51724137931035,475.2497406855133,25.62498559363963,0.0882465534397312,1.3440790880777145,72.00023050176597,0.0,0.2257415976141683,2.9197067361704336,2000.0,25.0,0.5,1.3652123889719707,2500.0,35.59322033898305,0.8,1.0459431618637296,expanding
356,107.58620689655173,45.51724137931035,499.1458936111551,26.95254964506417,1.1363423073588006,1.9840925759898527,50.759205678973274,0.0,0.20044809057819815,4.396735887038728,400.0,56.25,1.0,1.2090619551221675,10000.0,0.0,0.25,1.0,fragmenting
357,111.72413793103449,45.51724137931035,510.76412195539456,27.598006775299698,2.1014568233372604,2.1118171375859953,40.43189159520484,0.39457026649629506,0.19918018041644167,2.9418758361396202,2000.0,25.0,0.5,1.3652123889719707,2500.0,35.59322033898305,0.8,1.0459431618637296,expanding
358,115.86206896551725,45.51724137931035,362.7693307414131,19.376073930078505,1.98781524608786,2.34658378860021,171.9828171187439,0.5631438105022231,0.2683542547232887,6.73568732951909,2000.0,25.0,0.5,1.3652123889719707,2500.0,35.59322033898305,0.8,1.0459431618637296,expanding
359,120.0,45.51724137931035,214.7745395274316,11.154141084857311,1.8741736688384594,6.403613158115552,303.533742642283,0.7317173545081506,0.46241677510525786,9.389283898135126,769.2307692307693,44.44444444444444,0.5,1.2549471261506067,769.2307692307693,44.44444444444444,0.5,1.2549471261506067,stable
360,0.0,49.65517241379311,290.71018160711935,15.372787867062188,2.262824201753528,0.8880530091918404,236.035394127005,16.749563260324276,0.2774084301101338,1.0011163114928905,2000.0,25.0,0.3333333333333333,1.3652123889719707,400.0,56.25,1.0,1.2090619551221675,aggregating
361,4.137931034482759,49.65517241379311,220.6363770035342,11.479798722418566,1.9456027870841233,4.394731272868412,298.32322044130296,15.570269604892605,0.40847910174496804,-0.5803888612074777,2000.0,25.0,0.3333333333333333,1.3652123889719707,400.0,56.25,1.0,1.2090619551221675,aggregating
362,8.275862068965518,49.65517241379311,150.56257239994906,7.5868095777749485,1.6283813724147185,9.847365710504238,360.61104675560085,14.39097594946093,0.5923016043204234,1.9004117533048928,769.2307692307693,44.44444444444444,0.5,1.2549471261506067,769.2307692307693,44.44444444444444,0.5,1.2549471261506067,stable
363,12.413793103448278,49.65517241379311,173.32949189725198,8.85163843873622,2.3185237673003636,10.657671202652052,340.3737849802205,14.1707498382257,0.3791262009619007,0.6291119567516315,2000.0,25.0,0.5,1.3652123889719707,2500.0,35.59322033898305,0.8,1.0459431618637296,expanding
364,16.551724137931036,49.65517241379311,203.23800555616162,10.513222530897869,3.0861556859979355,10.840986938985617,313.78843950563413,14.024298153467116,0.17058461797897928,4.062944385084932,400.0,56.25,1.0,1.2090619551221675,10000.0,0.0,0.25,1.0,fragmenting
365,20.689655172413794,49.65517241379311,293.367697658781,15.52042764771006,1.8452019761389333,4.018948162082474,233.67315763663905,12.503841283601972,0.24324443813300145,2.9655784704496755,769.2307692307693,44.44444444444444,0.5,1.2549471261506067,769.2307692307693,44.44444444444444,0.5,1.2549471261506067,stable
366,24.827586206896555,49.65517241379311,385.7477553035744,20.6526530724208,0.5550292685171684,0.49834745673839365,151.55755084126716,10.426807287874643,0.26602734241599935,1.3521850473378654,2000.0,25.0,0.5,1.3652123889719707,2500.0,35.59322033898305,0.8,1.0459431618637296,expanding
367,28.965517241379313,49.65517241379311,272.104781045461,14.33915450252561,0.0,0.0,252.57352795959025,10.802630683506315,0.3222051227734757,-2.722387676854753,2000.0,25.0,0.3333333333333333,1.3652123889719707,400.0,56.25,1.0,1.2090619551221675,aggregating
368,33.10344827586207,49.65517241379311,102.27370717746385,4.904094843192436,0.0,0.0,403.53448250892103,11.847415185872258,0.3521934828007705,-1.2488641436646888,2000.0,25.0,0.5,1.3652123889719707,2500.0,35.59322033898305,0.8,1.0459431618637296,expanding
369,37.24137931034483,49.65517241379311,117.68792358130447,5.760440198961359,0.0,0.0,389.83295681661826,8.99307976322483,0.1993445534966075,0.8011868103864657,2000.0,25.0,0.5,1.3652123889719707,2500.0,35.59322033898305,0.8,1.0459431618637296,expanding
370,41.37931034482759,49.65517241379311,168.9897036357848,8.610539090876934,1.6593500606030043,0.0,344.23137454596906,5.020982607036715,0.04165144243001018,1.7940177215446602,2000.0,25.0,0.5,1.3652123889719707,2500.0,35.59322033898305,0.8,1.0459431618637296,expanding
371,45.51724137931035,49.65517241379311,99.67264385352902,4.759591325196056,1.5156489522688086,0.0,405.8465387968631,2.360854816319242,0.0,1.7656043893749072,769.2307692307693,44.44444444444444,0.5,1.2549471261506067,769.2307692307693,44.44444444444444,0.5,1.2549471261506067,stable
372,49.65517241379311,49.65517241379311,5.801286893192412,0.0,0.36067250437706727,0.0,489.287744983829,0.0,0.0368962273022746,-1.3445294860755337,2000.0,25.0,0.5,1.3652123889719707,2500.0,35.59322033898305,0.8,1.0459431618637296,expanding
373,53.793103448275865,49.65517241379311,-51.15400553594347,0.0,0.1333459670376097,0.0,539.9146715875054,0.8598088980691014,0.0,0.9054575024481566,2000.0,25.0,0.3333333333333333,1.3652123889719707,400.0,56.25,1.0,1.2090619551221675,aggregating
374,57.931034482758626,49.65517241379311,-80.42224956667897,0.0,0.6017568626123639,0.0,565.9308885037146,4.288580111617612,0.0,1.7230786058496599,2000.0,25.0,0.3333333333333333,1.3652123889719707,400.0,56.25,1.0,1.2090619551221675,aggregating
375,62.06896551724138,49.65517241379311,-11.336134893251362,0.0,1.1236619242302661,0.0,504.52100879400115,0.1474015130841692,0.0,-1.3231207745858056,769.2307692307693,44.44444444444444,0.5,1.2549471261506067,769.2307692307693,44.44444444444444,0.5,1.2549471261506067,stable
376,66.20689655172414,49.65517241379311,156.1043384843387,7.894685471352151,1.6990611518913148,0.0,355.6850324583656,0.0,0.0,0.5658146171721756,400.0,56.25,1.0,1.2090619551221675,10000.0,0.0,0.25,1.0,fragmenting
377,70.3448275862069,49.65517241379311,182.4144815136948,9.356360084094154,1.3924524584376208,0.0,332.2982386544935,0.0,0.0,0.8664329013795036,769.2307692307693,44.44444444444444,0.5,1.2549471261506067,769.2307692307693,44.44444444444444,0.5,1.2549471261506067,stable
378,74.48275862068967,49.65517241379311,20.550850745406336,0.36393615252257416,0.0,0.0,476.17702155963883,2.0756227545420765,0.0,0.004641049862162683,2000.0,25.0,0.3333333333333333,1.3652123889719707,400.0,56.25,1.0,1.2090619551221675,aggregating
379,78.62068965517241,49.65517241379311,-40.91580617163443,0.0,0.0,0.0,530.8140499303418,5.193175130529909,0.0,-1.9393802587251492,2000.0,25.0,0.5,1.3652123889719707,2500.0,35.59322033898305,0.8,1.0459431618637296,expanding
380,82.75862068965517,49.65517241379311,112.26599059204585,5.459221699558103,0.0,0.0,394.6524528070704,0.0,0.0,-0.04345234664114622,2000.0,25.0,0.3333333333333333,1.3652123889719707,400.0,56.25,1.0,1.2090619551221675,aggregating
381,86.89655172413794,49.65517241379311,297.3401691346762,15.741120507482012,0.0,0.0,230.1420718802878,0.0,0.02919270845897623,0.05191758146821268,769.2307692307693,44.44444444444444,0.5,1.2549471261506067,769.2307692307693,44.44444444444444,0.5,1.2549471261506067,stable
382,91.0344827586207,49.65517241379311,519.7279261890856,28.095995899393643,0.0,1.992951545905242,32.46406560970172,0.0,0.20641773518717532,4.043024342103821,769.2307692307693,44.44444444444444,0.5,1.2549471261506067,769.2307692307693,44.44444444444444,0.5,1.2549471261506067,stable
383,95.17241379310346,49.65517241379311,670.3887142492035,30.0,0.0,0.0,0.0,0.0,0.17437820697637074,1.2075133146032186,2000.0,25.0,0.5,1.3652123889719707,2500.0,35.59322033898305,0.8,1.0459431618637296,expanding
384,99.31034482758622,49.65517241379311,558.0506159969218,30.0,0.0,1.9519741602135248,0.0,0.0,0.17256071123800207,3.8302499622046398,769.2307692307693,44.44444444444444,0.5,1.2549471261506067,769.2307692307693,44.44444444444444,0.5,1.2549471261506067,stable
385,103.44827586206897,49.65517241379311,406.00525207550686,21.77806955975038,0.0,0.07817247937320326,133.5508870439939,3.596160101352448,0.2578741453461822,0.6628643859816381,769.2307692307693,44.44444444444444,0.5,1.2549471261506067,769.2307692307693,44.44444444444444,0.5,1.2549471261506067,stable
386,107.58620689655173,49.65517241379311,503.4861698933009,27.193676105183382,0.4093018276879347,2.1412769011912287,46.90118231706588,4.036924375877196,0.19954715724985644,4.815770309687576,2000.0,25.0,0.3333333333333333,1.3652123889719707,400.0,56.25,1.0,1.2090619551221675,aggregating
387,111.72413793103449,49.65517241379311,577.5567851651255,30.0,1.426709102378879,6.365163386574135,0.0,4.001585532658623,0.2231896834522584,7.04217664766875,400.0,56.25,1.0,1.2090619551221675,10000.0,0.0,0.25,1.0,fragmenting
388,115.86206896551725,49.65517241379311,347.29346733936245,18.516303741075692,1.575016141535226,0.0,185.73914014278893,0.0,0.20184191882657526,-0.03796284451093612,769.2307692307693,44.44444444444444,0.5,1.2549471261506067,769.2307692307693,44.44444444444444,0.5,1.2549471261506067,stable
389,120.0,49.65517241379311,117.03014951359928,5.72389719519996,1.7233231806915734,11.393822322427367,390.41764487680064,0.0,0.3237476234193757,10.000547379333335,400.0,56.25,1.0,1.2090619551221675,10000.0,0.0,0.25,1.0,fragmenting
390,0.0,53.793103448275865,182.57068563888845,9.365038091049358,2.6297349525824765,0.0,332.1593905432103,15.54001496709689,0.38268987045819736,-2.132234334942293,2000.0,25.0,0.3333333333333333,1.3652123889719707,400.0,56.25,1.0,1.2090619551221675,aggregating
391,4.137931034482759,53.793103448275865,146.0968605792031,7.338714476622395,1.8671647876076405,0.0961211063048677,364.58056837404166,15.597280156837652,0.45625045981156925,0.6757651318898366,400.0,56.25,1.0,1.2090619551221675,10000.0,0.0,0.25,1.0,fragmenting
392,8.275862068965518,53.793103448275865,109.62303551951781,5.312390862195434,1.1045946226328045,1.682790355005452,397.00174620487303,15.654545346578407,0.5406467059122557,0.6048317232634977,2000.0,25.0,0.3333333333333333,1.3652123889719707,400.0,56.25,1.0,1.2090619551221675,aggregating
393,12.413793103448278,53.793103448275865,164.82615468062568,8.379230815590315,1.502210290077344,3.7327666118568628,347.93230695055496,15.135670932240043,0.39517273933080826,1.1921361810824633,2000.0,25.0,0.3333333333333333,1.3652123889719707,400.0,56.25,1.0,1.2090619551221675,aggregating
394,16.551724137931036,53.793103448275865,227.08134647410216,11.837852581894564,1.9890710215541436,5.0733224661552825,292.594358689687,14.57247808681867,0.27047821993913124,2.8265986245178416,2000.0,25.0,0.5,1.3652123889719707,2500.0,35.59322033898305,0.8,1.0459431618637296,expanding
395,20.689655172413794,53.793103448275865,362.94258384339156,19.385699102410644,1.1368032204374783,2.3917050549690826,171.82881436142972,15.967744588833527,0.2738252276742173,-0.765210394573518,2000.0,25.0,0.3333333333333333,1.3652123889719707,400.0,56.25,1.0,1.2090619551221675,aggregating
396,24.827586206896555,53.793103448275865,488.01887773010407,26.334382096116894,0.300597494446045,1.9199296219539048,60.6498864621297,16.994795819312543,0.2098583494408292,0.06717724249455959,400.0,56.25,1.0,1.2090619551221675,10000.0,0.0,0.25,1.0,fragmenting
397,28.965517241379313,53.793103448275865,338.79100798052764,18.04394488780709,0.0,0.0,193.29688179508656,15.769604262407265,0.30933315900759517,0.5756276937690594,769.2307692307693,44.44444444444444,0.5,1.2549471261506067,769.2307692307693,44.44444444444444,0.5,1.2549471261506067,stable
398,33.10344827586207,53.793103448275865,114.7529117846906,5.5973839880383665,0.0,0.0,392.44185619138614,13.930164672579002,0.36051224329624604,-0.18484938702292453,2000.0,25.0,0.5,1.3652123889719707,2500.0,35.59322033898305,0.8,1.0459431618637296,expanding
399,37.24137931034483,53.793103448275865,160.07602578300327,8.115334765722404,0.0,0.0,352.1546437484416,10.509684970651753,0.27814661520242695,0.15401985256202955,769.2307692307693,44.44444444444444,0.5,1.2549471261506067,769.2307692307693,44.44444444444444,0.5,1.2549471261506067,stable
400,41.37931034482759,53.793103448275865,269.2420326378429,14.180112924324606,1.608341600479002,1.6426797951974261,255.11819321080634,6.946118518900235,0.2072295322688866,1.4304675111976533,400.0,56.25,1.0,1.2090619551221675,10000.0,0.0,0.25,1.0,fragmenting
401,45.51724137931035,53.793103448275865,223.23078761605905,11.623932645336614,1.6625070459268292,1.8921508171297772,296.01707767461414,5.6932532734680095,0.15876896414295594,2.9564086169599344,2000.0,25.0,0.5,1.3652123889719707,2500.0,35.59322033898305,0.8,1.0459431618637296,expanding
402,49.65517241379311,53.793103448275865,139.7895040196314,6.988305778868411,0.5963975149364407,0.0,370.1871075381054,5.180411703751701,0.10175004113248852,1.3208011801818844,2000.0,25.0,0.3333333333333333,1.3652123889719707,400.0,56.25,1.0,1.2090619551221675,aggregating
403,53.793103448275865,53.793103448275865,53.93086834096285,2.2183815744979363,0.23141817180116464,0.0,446.505894808033,5.311369886697915,0.04516895691333292,0.7717811750191023,400.0,56.25,1.0,1.2090619551221675,10000.0,0.0,0.25,1.0,fragmenting
404,57.931034482758626,53.793103448275865,-33.740781399386535,0.0,0.392286469557223,0.0,524.436250132788,5.925177884141021,0.0,-0.014938367659182383,400.0,56.25,1.0,1.2090619551221675,10000.0,0.0,0.25,1.0,fragmenting
405,62.06896551724138,53.793103448275865,-15.548672271461058,0.0,0.9439806142720281,0.4107459451654385,508.2654864635209,0.0,0.0,-1.1699185337139655,769.2307692307693,44.44444444444444,0.5,1.2549471261506067,769.2307692307693,44.44444444444444,0.5,1.2549471261506067,stable
406,66.20689655172414,53.793103448275865,108.5071957247387,5.250399762485483,1.886500605945577,0.6984909819721854,397.9936038002323,0.0,0.0,2.689222435091107,2000.0,25.0,0.3333333333333333,1.3652123889719707,400.0,56.25,1.0,1.2090619551221675,aggregating
407,70.3448275862069,53.793103448275865,152.87824767801789,7.715458204334327,1.797293214767078,0.0,358.55266873065074,0.0,0.0,2.058112519471365,400.0,56.25,1.0,1.2090619551221675,10000.0,0.0,0.25,1.0,fragmenting
408,74.48275862068967,53.793103448275865,91.00287824073666,4.2779376800409254,0.3324493131191901,0.0,413.5529971193452,0.0,0.0,1.1820656067894615,769.2307692307693,44.44444444444444,0.5,1.2549471261506067,769.2307692307693,44.44444444444444,0.5,1.2549471261506067,stable
409,78.62068965517241,53.793103448275865,66.95477442550495,2.9419319125280534,0.0,0.0,434.9290893995511,2.627304165782328,0.0,-0.7960034476901661,2000.0,25.0,0.3333333333333333,1.3652123889719707,400.0,56.25,1.0,1.2090619551221675,aggregating
410,82.75862068965517,53.793103448275865,130.5935842420273,6.477421346779294,0.0,0.0,378.36125845153134,0.0,0.0,1.1449143122488352,2000.0,25.0,0.5,1.3652123889719707,2500.0,35.59322033898305,0.8,1.0459431618637296,expanding
411,86.89655172413794,53.793103448275865,253.3234028657283,13.295744603651572,0.0,0.0,269.2680863415749,0.0,0.0,1.403126213686301,2000.0,25.0,0.3333333333333333,1.3652123889719707,400.0,56.25,1.0,1.2090619551221675,aggregating
412,91.0344827586207,53.793103448275865,499.2834491172924,26.960191617627352,0.0,2.002161269399867,50.636934117962355,0.0,0.19981246165989,6.018598108733234,2000.0,25.0,0.5,1.3652123889719707,2500.0,35.59322033898305,0.8,1.0459431618637296,expanding
413,95.17241379310346,53.793103448275865,663.238492984766,30.0,0.0,0.0,0.0,0.0,0.16965194785876087,0.7798232675509669,2000.0,25.0,0.5,1.3652123889719707,2500.0,35.59322033898305,0.8,1.0459431618637296,expanding
414,99.31034482758622,53.793103448275865,526.5085281105771,28.47269600614317,0.0,1.910083593086052,26.436863901709273,0.0,0.19571187849414862,3.951575044262225,769.2307692307693,44.44444444444444,0.5,1.2549471261506067,769.2307692307693,44.44444444444444,0.5,1.2549471261506067,stable
415,103.44827586206897,53.793103448275865,396.87698044476656,21.270943358042587,0.0,0.3544653697395692,141.6649062713186,5.849493215621255,0.20508629606916323,2.168424861058466,769.2307692307693,44.44444444444444,0.5,1.2549471261506067,769.2307692307693,44.44444444444444,0.5,1.2549471261506067,stable
416,107.58620689655173,53.793103448275865,562.4561078628745,30.0,0.09672024269242396,4.418765770547332,0.0,4.5747699014670955,0.20317677386015182,6.260533241277523,769.2307692307693,44.44444444444444,0.5,1.2549471261506067,769.2307692307693,44.44444444444444,0.5,1.2549471261506067,stable
417,111.72413793103449,53.793103448275865,698.0090084965042,30.0,1.0214599074559014,13.322177417989764,0.0,3.0805768497134394,0.22529586524198633,8.855902075217696,2000.0,25.0,0.3333333333333333,1.3652123889719707,400.0,56.25,1.0,1.2090619551221675,aggregating
418,115.86206896551725,53.793103448275865,443.2209609319348,23.84560894066305,1.4281869764863202,0.8927163518124601,100.47025694939124,0.0,0.2055790174714982,3.248670255094569,2000.0,25.0,0.5,1.3652123889719707,2500.0,35.59322033898305,0.8,1.0459431618637296,expanding
419,120.0,53.793103448275865,188.4329133673655,9.690717409298085,1.8349140455167388,7.663310828527407,326.94852145123065,0.0,0.3010311988683078,9.251325994958375,769.2307692307693,44.44444444444444,0.5,1.2549471261506067,769.2307692307693,44.44444444444444,0.5,1.2549471261506067,stable
420,0.0,57.931034482758626,22.711130252051824,0.48395168066954586,2.2860189650723095,3.701778179155953,474.2567731092873,8.71698785599085,0.4849491169033585,1.376570969853981,2000.0,25.0,0.3333333333333333,1.3652123889719707,400.0,56.25,1.0,1.2090619551221675,aggregating
421,4.137931034482759,57.931034482758626,9.959424292884052,0.0,1.0179975823027387,0.0,485.5916228507697,15.658403030441114,0.5486853791609825,0.4496880126106963,2000.0,25.0,0.3333333333333333,1.3652123889719707,400.0,56.25,1.0,1.2090619551221675,aggregating
422,8.275862068965518,57.931034482758626,-2.7922816662837278,0.0,0.0,0.0,496.9264725922522,22.599818204891374,0.615342492121953,-0.5741838440842553,2000.0,25.0,0.5,1.3652123889719707,2500.0,35.59322033898305,0.8,1.0459431618637296,expanding
423,12.413793103448278,57.931034482758626,134.7593561850369,6.708853121390938,0.0,0.0,374.658350057745,17.11856170678693,0.5662433707999869,1.541501135942325,400.0,56.25,1.0,1.2090619551221675,10000.0,0.0,0.25,1.0,fragmenting
424,16.551724137931036,57.931034482758626,283.8727897140873,14.992932761893739,0.0,0.0,242.11307580970018,10.681715080024436,0.45593773157472833,-0.7087684500718855,2000.0,25.0,0.5,1.3652123889719707,2500.0,35.59322033898305,0.8,1.0459431618637296,expanding
425,20.689655172413794,57.931034482758626,497.52674853584057,26.862597140880034,0.0,1.9631649465555707,52.19844574591947,17.863270882510115,0.20319487465138267,1.7481526571496095,400.0,56.25,1.0,1.2090619551221675,10000.0,0.0,0.25,1.0,fragmenting
426,24.827586206896555,57.931034482758626,683.6187236143971,30.0,0.05367708703231183,1.2315376908767148,0.0,26.25288635933114,0.0,4.46808731282257,769.2307692307693,44.44444444444444,0.5,1.2549471261506067,769.2307692307693,44.44444444444444,0.5,1.2549471261506067,stable
427,28.965517241379313,57.931034482758626,498.2092376861986,26.900513204788812,0.0,1.9985342252714293,51.591788723379,20.82337344535011,0.20134464647562977,3.468506034058438,2000.0,25.0,0.3333333333333333,1.3652123889719707,400.0,56.25,1.0,1.2090619551221675,aggregating
428,33.10344827586207,57.931034482758626,211.48117148343061,10.971176193523924,0.0,0.0,306.4611809036172,11.625007333877615,0.2178449974675059,-1.8746278811530785,400.0,56.25,1.0,1.2090619551221675,10000.0,0.0,0.25,1.0,fragmenting
429,37.24137931034483,57.931034482758626,335.9004533382606,17.883358518792257,0.0,2.9141194429933837,195.8662636993239,8.243398197479165,0.24854808391860525,0.8517831277343764,400.0,56.25,1.0,1.2090619551221675,10000.0,0.0,0.25,1.0,fragmenting
430,41.37931034482759,57.931034482758626,575.1860444319594,30.0,0.8158672485560716,0.0,0.0,7.725264204676321,0.13868177128813763,-0.14427124404789682,2000.0,25.0,0.3333333333333333,1.3652123889719707,400.0,56.25,1.0,1.2090619551221675,aggregating
431,45.51724137931035,57.931034482758626,548.5987025632702,29.69992792018168,1.1324999819001045,0.36412552620079675,6.801153277093164,10.442761738981105,0.18035276456111182,2.30409154475596,2000.0,25.0,0.3333333333333333,1.3652123889719707,400.0,56.25,1.0,1.2090619551221675,aggregating
432,49.65517241379311,57.931034482758626,429.4070979201096,23.078172106672753,0.955986722813813,2.7281542761374644,112.74924629323593,14.361418617716792,0.16954309495248152,1.5062118524967125,2000.0,25.0,0.5,1.3652123889719707,2500.0,35.59322033898305,0.8,1.0459431618637296,expanding
433,53.793103448275865,57.931034482758626,274.8804358483051,14.493357547128063,0.7888919157292539,2.7104720147786105,250.10627924595096,13.3434051148962,0.041970701377452124,1.9086020578104028,2000.0,25.0,0.3333333333333333,1.3652123889719707,400.0,56.25,1.0,1.2090619551221675,aggregating
434,57.931034482758626,57.931034482758626,93.85248070501811,4.436248928056561,0.6288609476459945,5.305022547374717,411.02001715109503,8.62288882590841,0.0,4.379533336101757,2000.0,25.0,0.3333333333333333,1.3652123889719707,400.0,56.25,1.0,1.2090619551221675,aggregating
435,62.06896551724138,57.931034482758626,-10.421451049176554,0.0,0.9010135083441413,5.553005309723261,503.7079564881569,2.2830620064821896,0.0,3.6194217720590465,400.0,56.25,1.0,1.2090619551221675,10000.0,0.0,0.25,1.0,fragmenting
436,66.20689655172414,57.931034482758626,-37.941359414278566,0.0,1.6053495978236916,1.7989562074676353,528.1700972571365,0.0,0.0,3.287882341474146,2000.0,25.0,0.5,1.3652123889719707,2500.0,35.59322033898305,0.8,1.0459431618637296,expanding
437,70.3448275862069,57.931034482758626,4.605732637845463,0.0,1.7252586713520155,0.5436001209121277,490.3504598774707,0.0,0.0,1.3780990899294467,769.2307692307693,44.44444444444444,0.5,1.2549471261506067,769.2307692307693,44.44444444444444,0.5,1.2549471261506067,stable
438,74.48275862068967,57.931034482758626,140.57549191293725,7.031971772940958,1.065931723612041,2.3062182090365324,369.4884516329447,0.8092058888467233,0.0,4.106123904263118,2000.0,25.0,0.3333333333333333,1.3652123889719707,400.0,56.25,1.0,1.2090619551221675,aggregating
439,78.62068965517241,57.931034482758626,217.13394196856663,11.2852189982537,0.7765373266394535,2.5591105480563807,301.43649602794073,4.242462440654718,0.0,3.9923132801848875,769.2307692307693,44.44444444444444,0.5,1.2549471261506067,769.2307692307693,44.44444444444444,0.5,1.2549471261506067,stable
440,82.75862068965517,57.931034482758626,192.01380570481896,9.889655872489943,0.8452581587098332,2.2465229398048296,323.7655060401609,0.0,0.0,2.6985670499227843,769.2307692307693,44.44444444444444,0.5,1.2549471261506067,769.2307692307693,44.44444444444444,0.5,1.2549471261506067,stable
441,86.89655172413794,57.931034482758626,223.0230264154291,11.612390356412726,0.4817867230302944,3.6091276900827367,296.2017542973964,0.0,0.0,4.367387065318959,2000.0,25.0,0.5,1.3652123889719707,2500.0,35.59322033898305,0.8,1.0459431618637296,expanding
442,91.0344827586207,57.931034482758626,387.7784267173641,20.765468150964672,0.0,4.5986949258712695,149.75250958456527,0.0,0.14858624276842514,6.793688321244133,2000.0,25.0,0.3333333333333333,1.3652123889719707,400.0,56.25,1.0,1.2090619551221675,aggregating
443,95.17241379310346,57.931034482758626,505.36440074062136,27.29802226336785,0.0,1.8288709195598658,45.23164378611435,0.0,0.20009849025725512,4.511142970624578,769.2307692307693,44.44444444444444,0.5,1.2549471261506067,769.2307692307693,44.44444444444444,0.5,1.2549471261506067,stable
444,99.31034482758622,57.931034482758626,449.9958117420616,24.221989541225646,0.0,2.4550387828635443,94.44816734038967,0.0,0.1831114351718095,2.8506696456088108,769.2307692307693,44.44444444444444,0.5,1.2549471261506067,769.2307692307693,44.44444444444444,0.5,1.2549471261506067,stable
445,103.44827586206897,57.931034482758626,432.83587154847595,23.268659530470885,0.0,1.1508668147180077,109.70144751246585,3.212329624943092,0.15811546944699706,3.6863345583239724,769.2307692307693,44.44444444444444,0.5,1.2549471261506067,769.2307692307693,44.44444444444444,0.5,1.2549471261506067,stable
446,107.58620689655173,57.931034482758626,662.3982920980186,30.0,0.09498282870342978,5.110993007759422,0.0,0.7672938300808545,0.21155389823007348,5.933458377924787,400.0,56.25,1.0,1.2090619551221675,10000.0,0.0,0.25,1.0,fragmenting
447,111.72413793103449,57.931034482758626,858.7059019191181,30.0,0.8183346070594782,10.726470734854678,0.0,0.0,0.037394024533226156,12.062380391846546,2000.0,25.0,0.3333333333333333,1.3652123889719707,400.0,56.25,1.0,1.2090619551221675,aggregating
448,115.86206896551725,57.931034482758626,622.7009722704744,30.0,1.4808352660652102,3.477577174835994,0.0,2.4966047861414116,0.12470710324314938,7.171215634475419,769.2307692307693,44.44444444444444,0.5,1.2549471261506067,769.2307692307693,44.44444444444444,0.5,1.2549471261506067,stable
449,120.0,57.931034482758626,386.6960426218305,20.705335701212807,2.1433359250709425,2.027583939690794,150.71462878059512,6.229659367345188,0.2876910947084481,4.514317319849762,769.2307692307693,44.44444444444444,0.5,1.2549471261506067,769.2307692307693,44.44444444444444,0.5,1.2549471261506067,stable
450,0.0,62.06896551724138,-108.49370962895588,0.0,1.6928756689119515,10.06770637511765,590.8832974479608,6.379152452431421,0.39538374002478693,2.109560711412426,2000.0,25.0,0.3333333333333333,1.3652123889719707,400.0,56.25,1.0,1.2090619551221675,aggregating
451,4.137931034482759,62.06896551724138,-50.30553216002879,0.0,0.6911008779161101,3.2622002946696553,539.1604730311367,13.83288252252033,0.48459086352423997,0.7719048022810618,2000.0,25.0,0.5,1.3652123889719707,2500.0,35.59322033898305,0.8,1.0459431618637296,expanding
452,8.275862068965518,62.06896551724138,7.882645308898276,0.0,0.0,0.0,487.43764861431265,21.28661259260924,0.5509816403960619,0.5688984484915578,2000.0,25.0,0.3333333333333333,1.3652123889719707,400.0,56.25,1.0,1.2090619551221675,aggregating
453,12.413793103448278,62.06896551724138,165.16538506047343,8.398076947804078,0.0,0.0,347.63076883513475,15.378378861234593,0.5232306892153737,-0.5970948723127031,2000.0,25.0,0.5,1.3652123889719707,2500.0,35.59322033898305,0.8,1.0459431618637296,expanding
454,16.551724137931036,62.06896551724138,330.0707834491753,17.559487969398628,0.0,0.0,201.04819248962195,8.442301760516598,0.40761871859805054,0.9772829139927679,400.0,56.25,1.0,1.2090619551221675,10000.0,0.0,0.25,1.0,fragmenting
455,20.689655172413794,62.06896551724138,571.7663071967378,30.0,0.0,3.641213050399137,0.0,16.354634760089453,0.11060032368517778,4.859240145378382,2000.0,25.0,0.5,1.3652123889719707,2500.0,35.59322033898305,0.8,1.0459431618637296,expanding
456,24.827586206896555,62.06896551724138,785.7781354091634,30.0,0.010305733854816035,1.0938416198150618,0.0,25.487472622075465,0.0,5.804629835673899,2000.0,25.0,0.3333333333333333,1.3652123889719707,400.0,56.25,1.0,1.2090619551221675,aggregating
457,28.965517241379313,62.06896551724138,636.0806689113543,30.0,0.07572140234062574,1.085698978743888,0.0,19.810672713423155,0.11279669123645816,3.1087517124377304,769.2307692307693,44.44444444444444,0.5,1.2549471261506067,769.2307692307693,44.44444444444444,0.5,1.2549471261506067,stable
458,33.10344827586207,62.06896551724138,387.18975840166325,20.73276435564796,0.0,2.4662085811216645,150.2757703096327,10.094880685505851,0.20682221747917556,0.8856086544085797,400.0,56.25,1.0,1.2090619551221675,10000.0,0.0,0.25,1.0,fragmenting
459,37.24137931034483,62.06896551724138,505.1123670413003,27.284020391183347,0.0,1.9009087945428595,45.45567374106643,5.85865648572892,0.198175365282114,1.9895999507829856,400.0,56.25,1.0,1.2090619551221675,10000.0,0.0,0.25,1.0,fragmenting
460,41.37931034482759,62.06896551724138,721.3074243834296,30.0,0.0,0.0,0.0,4.443398957131885,0.0,2.40163851916266,2000.0,25.0,0.3333333333333333,1.3652123889719707,400.0,56.25,1.0,1.2090619551221675,aggregating
461,45.51724137931035,62.06896551724138,711.561431470089,30.0,0.0,0.0,0.0,7.467592664912222,0.08069783807397408,5.007130316060417,2000.0,25.0,0.5,1.3652123889719707,2500.0,35.59322033898305,0.8,1.0459431618637296,expanding
462,49.65517241379311,62.06896551724138,630.1292539228638,30.0,0.3063219059179661,0.0,0.0,12.259104237431359,0.22768278567696354,4.784334384561842,769.2307692307693,44.44444444444444,0.5,1.2549471261506067,769.2307692307693,44.44444444444444,0.5,1.2549471261506067,stable
463,53.793103448275865,62.06896551724138,435.4302683915409,23.41279268841894,0.33010126396108896,2.6633794947644387,107.39531698529699,12.703338820891297,0.16289508166009767,4.735536678821726,400.0,56.25,1.0,1.2090619551221675,10000.0,0.0,0.25,1.0,fragmenting
464,57.931034482758626,62.06896551724138,155.78117687214547,7.876732048452525,0.09580989320426536,1.9401179312852432,355.97228722475955,9.887115662556841,0.0,-0.017546119705249996,2000.0,25.0,0.3333333333333333,1.3652123889719707,400.0,56.25,1.0,1.2090619551221675,aggregating
465,62.06896551724138,62.06896551724138,-13.702204849121273,0.0,0.12693994122452212,0.0,506.62418208810783,5.4037641009261295,0.0,1.1270290147156992,769.2307692307693,44.44444444444444,0.5,1.2549471261506067,769.2307692307693,44.44444444444444,0.5,1.2549471261506067,stable
466,66.20689655172414,62.06896551724138,-73.01987677225856,0.0,0.4234914080218586,0.0,559.3510015753409,0.0,0.0,2.3757755834788696,2000.0,25.0,0.5,1.3652123889719707,2500.0,35.59322033898305,0.8,1.0459431618637296,expanding
467,70.3448275862069,62.06896551724138,-34.71907196318277,0.0,0.6357136253842528,0.0,525.3058417450513,0.0,0.0,0.08237437943290993,2000.0,25.0,0.5,1.3652123889719707,2500.0,35.59322033898305,0.8,1.0459431618637296,expanding
468,74.48275862068967,62.06896551724138,133.73970182217658,6.652205656787589,0.735496843500057,2.2967785050331635,375.56470949139856,0.0,0.019813070114584164,3.419447907067742,400.0,56.25,1.0,1.2090619551221675,10000.0,0.0,0.25,1.0,fragmenting
469,78.62068965517241,62.06896551724138,230.37543993058327,12.020857773921293,0.9855109689135003,2.8592269862651385,289.6662756172593,1.1665265767949473,0.056290074516436556,1.4455533152930369,2000.0,25.0,0.3333333333333333,1.3652123889719707,400.0,56.25,1.0,1.2090619551221675,aggregating
470,82.75862068965517,62.06896551724138,198.2417443511639,10.23565246395355,1.251932849425928,0.7235251933718752,318.2295605767432,3.653732974373511,0.0,2.0789738725935543,2000.0,25.0,0.3333333333333333,1.3652123889719707,400.0,56.25,1.0,1.2090619551221675,aggregating
471,86.89655172413794,62.06896551724138,193.55044479585277,9.97502471088071,1.0243167515153093,0.6957812383644006,322.39960462590864,3.9524318884009277,0.0,0.44687848754689585,2000.0,25.0,0.3333333333333333,1.3652123889719707,400.0,56.25,1.0,1.2090619551221675,aggregating
472,91.0344827586207,62.06896551724138,256.8250971374513,13.490283174302848,0.0,4.540166957923473,266.15546921115447,0.0,0.09780821354534892,5.504599383267993,2000.0,25.0,0.5,1.3652123889719707,2500.0,35.59322033898305,0.8,1.0459431618637296,expanding
473,95.17241379310346,62.06896551724138,319.6623321608656,16.981240675603647,0.0,5.2451083923785236,210.30014919034164,0.0,0.17157945341699424,4.03541038550601,2000.0,25.0,0.5,1.3652123889719707,2500.0,35.59322033898305,0.8,1.0459431618637296,expanding
474,99.31034482758622,62.06896551724138,380.8957036842712,20.38309464912618,0.0,1.9185170369809152,155.87048561398115,0.0,0.1450155023224138,4.497151469970349,769.2307692307693,44.44444444444444,0.5,1.2549471261506067,769.2307692307693,44.44444444444444,0.5,1.2549471261506067,stable
475,103.44827586206897,62.06896551724138,467.267770061457,25.181542781192054,0.0,1.4459265183110706,79.09531550092711,0.0,0.1769870770142938,4.777987515878608,2000.0,25.0,0.3333333333333333,1.3652123889719707,400.0,56.25,1.0,1.2090619551221675,aggregating
476,107.58620689655173,62.06896551724138,637.4026283951125,30.0,0.3715293202693638,3.6962350035610894,0.0,0.0,0.2044219851936972,5.347704172734081,2000.0,25.0,0.5,1.3652123889719707,2500.0,35.59322033898305,0.8,1.0459431618637296,expanding
477,111.72413793103449,62.06896551724138,780.1225881030966,30.0,1.0554994356834877,4.159920804799301,0.0,0.0,0.033691325286114404,5.8121880738353635,2000.0,25.0,0.5,1.3652123889719707,2500.0,35.59322033898305,0.8,1.0459431618637296,expanding
478,115.86206896551725,62.06896551724138,566.448865677366,30.0,1.7598422823430941,2.1595743288794487,0.0,5.3814334033010915,0.15783375759609375,1.832086640516232,769.2307692307693,44.44444444444444,0.5,1.2549471261506067,769.2307692307693,44.44444444444444,0.5,1.2549471261506067,stable
479,120.0,62.06896551724138,352.77514325163537,18.82084129175752,2.464185129002701,2.4280865945967536,180.86653933187966,12.046258623477396,0.29944066330812846,3.9997194018926976,769.2307692307693,44.44444444444444,0.5,1.2549471261506067,769.2307692307693,44.44444444444444,0.5,1.2549471261506067,stable
480,0.0,66.20689655172414,-211.04383400413434,0.0,0.8503050641014046,15.603821680244662,682.0389635592305,8.526508756418588,0.020648749641202085,1.563913968079864,2000.0,25.0,0.3333333333333333,1.3652123889719707,400.0,56.25,1.0,1.2090619551221675,aggregating
481,4.137931034482759,66.20689655172414,-34.69800877953561,0.0,0.8864746744477522,13.65321710599861,525.2871189151427,10.120718633075315,0.2753334647952499,-0.1542323350394772,769.2307692307693,44.44444444444444,0.5,1.2549471261506067,769.2307692307693,44.44444444444444,0.5,1.2549471261506067,stable
482,8.275862068965518,66.20689655172414,141.64781644506326,7.09154535805907,0.9226442847940997,10.763806620315044,368.5352742710549,11.71492850973204,0.391365815638842,2.1439981376799397,769.2307692307693,44.44444444444444,0.5,1.2549471261506067,769.2307692307693,44.44444444444444,0.5,1.2549471261506067,stable
483,12.413793103448278,66.20689655172414,256.04424130693474,13.44690229482971,0.27124167898757595,2.1592585214754547,266.84956328272466,9.915122395583044,0.3146835459258457,0.5617655796018145,2000.0,25.0,0.3333333333333333,1.3652123889719707,400.0,56.25,1.0,1.2090619551221675,aggregating
484,16.551724137931036,66.20689655172414,365.67532767936575,19.53751820440921,0.0,0.0,169.39970872945267,7.854238128295148,0.24983799598046144,-0.43418395125762066,2000.0,25.0,0.5,1.3652123889719707,2500.0,35.59322033898305,0.8,1.0459431618637296,expanding
485,20.689655172413794,66.20689655172414,585.6612598260831,30.0,0.0,3.804752305155549,0.0,11.441836221571554,0.16569715715370453,3.6870760554635673,2000.0,25.0,0.5,1.3652123889719707,2500.0,35.59322033898305,0.8,1.0459431618637296,expanding
486,24.827586206896555,66.20689655172414,794.4971131144022,30.0,0.17048343491355755,4.864220315137102,0.0,14.698554607545551,0.10707072978289711,9.650306403321055,2000.0,25.0,0.5,1.3652123889719707,2500.0,35.59322033898305,0.8,1.0459431618637296,expanding
487,28.965517241379313,66.20689655172414,752.4053016559938,30.0,0.38364305883330885,2.266414661953153,0.0,12.731502066626422,0.11215499183159673,7.579994336154108,400.0,56.25,1.0,1.2090619551221675,10000.0,0.0,0.25,1.0,fragmenting
488,33.10344827586207,66.20689655172414,641.8786725393871,30.0,0.5625362477307307,1.0230286291004087,0.0,9.339784727463712,0.14147194354161347,4.221118923519922,2000.0,25.0,0.5,1.3652123889719707,2500.0,35.59322033898305,0.8,1.0459431618637296,expanding
489,37.24137931034483,66.20689655172414,667.7117668921213,30.0,0.0,0.0,0.0,3.3554598354010152,0.13072220068278867,4.769785705567221,2000.0,25.0,0.3333333333333333,1.3652123889719707,400.0,56.25,1.0,1.2090619551221675,aggregating
490,41.37931034482759,66.20689655172414,707.6061724922529,30.0,0.0,0.0,0.0,0.0,0.12780893526330556,3.2726899055048726,400.0,56.25,1.0,1.2090619551221675,10000.0,0.0,0.25,1.0,fragmenting
491,45.51724137931035,66.20689655172414,712.1189743365152,30.0,0.0,0.0,0.0,0.0,0.1300133471389231,4.582029240808909,2000.0,25.0,0.3333333333333333,1.3652123889719707,400.0,56.25,1.0,1.2090619551221675,aggregating
492,49.65517241379311,66.20689655172414,741.9559720278935,30.0,0.0,0.0,0.0,0.0,0.10723968283636923,4.971288743273014,2000.0,25.0,0.5,1.3652123889719707,2500.0,35.59322033898305,0.8,1.0459431618637296,expanding
493,53.793103448275865,66.20689655172414,535.5803659706698,28.976686998370546,0.0,1.843777554169312,18.373008026071247,3.3911710046832333,0.198758570971625,3.181814830768344,2000.0,25.0,0.3333333333333333,1.3652123889719707,400.0,56.25,1.0,1.2090619551221675,aggregating
494,57.931034482758626,66.20689655172414,152.0453071019954,7.669183727888634,0.0,0.0,359.29306035378187,9.717858394086317,0.0,0.3524139231014048,2000.0,25.0,0.5,1.3652123889719707,2500.0,35.59322033898305,0.8,1.0459431618637296,expanding
495,62.06896551724138,66.20689655172414,-25.390933671295073,0.0,0.0,0.0,517.0141632633733,9.08905992710331,0.0,-0.8680307072839832,2000.0,25.0,0.5,1.3652123889719707,2500.0,35.59322033898305,0.8,1.0459431618637296,expanding
496,66.20689655172414,66.20689655172414,3.2716436507983815,0.0,0.0,0.0,491.53631675484587,1.504775603734245,0.07580561411914535,1.0736588474377962,2000.0,25.0,0.5,1.3652123889719707,2500.0,35.59322033898305,0.8,1.0459431618637296,expanding
497,70.3448275862069,66.20689655172414,34.90383387493287,1.1613241041629374,0.0,0.0,463.41881433339296,0.0,0.17729875569407383,1.2077384526163155,2000.0,25.0,0.5,1.3652123889719707,2500.0,35.59322033898305,0.8,1.0459431618637296,expanding
498,74.48275862068967,66.20689655172414,70.4955079684551,3.1386393315808387,0.0,0.0,431.7817706947066,0.0,0.117268773783807,-3.047193131256242,769.2307692307693,44.44444444444444,0.5,1.2549471261506067,769.2307692307693,44.44444444444444,0.5,1.2549471261506067,stable
499,78.62068965517241,66.20689655172414,106.67926831155532,5.148848239530851,0.1704793133099351,0.0,399.6184281675064,0.0,0.1160522883399064,1.8716478210595229,2000.0,25.0,0.5,1.3652123889719707,2500.0,35.59322033898305,0.8,1.0459431618637296,expanding
500,82.75862068965517,66.20689655172414,149.27740018106226,7.515411121170126,0.8771222267524768,0.0,361.75342206127794,0.15482973820529553,0.17286165732668618,-3.0998562256103126,769.2307692307693,44.44444444444444,0.5,1.2549471261506067,769.2307692307693,44.44444444444444,0.5,1.2549471261506067,stable
501,86.89655172413794,66.20689655172414,164.9056580069994,8.383647667055524,1.0469118903253558,0.0,347.8616373271116,4.640919691572456,0.18813361135475812,-0.3720678137834833,2000.0,25.0,0.5,1.3652123889719707,2500.0,35.59322033898305,0.8,1.0459431618637296,expanding
502,91.0344827586207,66.20689655172414,106.42346037755465,5.134636687641924,0.06584118844557524,0.0,399.84581299772924,2.9608521685102605,0.14174746886699693,1.5362776074003603,2000.0,25.0,0.3333333333333333,1.3652123889719707,400.0,56.25,1.0,1.2090619551221675,aggregating
503,95.17241379310346,66.20689655172414,106.13228724549958,5.118460402527755,0.0,0.0,400.1046335595559,0.4360394979824136,0.10870280999858632,0.025458982125744045,400.0,56.25,1.0,1.2090619551221675,10000.0,0.0,0.25,1.0,fragmenting
504,99.31034482758622,66.20689655172414,319.2082039372058,16.956011329844763,0.0,0.0,210.70381872248376,0.0,0.16204147558032542,-1.2589724399952542,769.2307692307693,44.44444444444444,0.5,1.2549471261506067,769.2307692307693,44.44444444444444,0.5,1.2549471261506067,stable
505,103.44827586206897,66.20689655172414,500.1726759837097,27.009593110206097,0.09866188422593003,2.0049750377819993,49.84651023670246,0.0,0.20003264129996132,2.9772818756720216,2000.0,25.0,0.3333333333333333,1.3652123889719707,400.0,56.25,1.0,1.2090619551221675,aggregating
506,107.58620689655173,66.20689655172414,487.46911675415646,26.30383981967536,0.9263597173902243,1.7707756494149185,61.13856288519423,0.0,0.2008273412256556,5.276618255221217,2000.0,25.0,0.5,1.3652123889719707,2500.0,35.59322033898305,0.8,1.0459431618637296,expanding
507,111.72413793103449,66.20689655172414,462.2590670484405,24.90328150269114,1.732954393327927,1.7233947641879126,83.54749595694177,2.939750784274878,0.21107354428888309,1.5422415771755635,769.2307692307693,44.44444444444444,0.5,1.2549471261506067,769.2307692307693,44.44444444444444,0.5,1.2549471261506067,stable
508,115.86206896551725,66.20689655172414,274.4646411526106,14.470257841811703,2.2652080253199696,4.124607648007668,250.47587453101272,7.387763060645394,0.23632724869308494,7.482953709438093,769.2307692307693,44.44444444444444,0.5,1.2549471261506067,769.2307692307693,44.44444444444444,0.5,1.2549471261506067,stable
509,120.0,66.20689655172414,86.6702152567808,4.037234180932266,2.797461657312012,12.816685025007681,417.40425310508374,11.835775337015908,0.21187619887815368,9.743789704636553,769.2307692307693,44.44444444444444,0.5,1.2549471261506067,769.2307692307693,44.44444444444444,0.5,1.2549471261506067,stable
510,0.0,70.3448275862069,-263.08134567814653,0.0,0.3190037029778625,13.138762485674343,728.2945294916858,9.798703064407906,0.0,1.0684334977621128,769.2307692307693,44.44444444444444,0.5,1.2549471261506067,769.2307692307693,44.44444444444444,0.5,1.2549471261506067,stable
511,4.137931034482759,70.3448275862069,-22.340461699353497,0.0,1.0764319576606183,12.750689040393988,514.3026326216475,8.622148485694307,0.22870767390340715,1.0278753786180923,2000.0,25.0,0.5,1.3652123889719707,2500.0,35.59322033898305,0.8,1.0459431618637296,expanding
512,8.275862068965518,70.3448275862069,218.40042227943957,11.355579015524421,1.8338602123433743,9.481100420647028,300.3107357516093,7.445593906980708,0.33381144337886626,0.7479356017190053,2000.0,25.0,0.5,1.3652123889719707,2500.0,35.59322033898305,0.8,1.0459431618637296,expanding
513,12.413793103448278,70.3448275862069,314.9693525490432,16.720519586057957,1.2994768185507282,3.3262782412965803,214.47168662307269,5.883321993644192,0.2549728869049427,2.97033639203263,2000.0,25.0,0.5,1.3652123889719707,2500.0,35.59322033898305,0.8,1.0459431618637296,expanding
514,16.551724137931036,70.3448275862069,400.4481325333246,21.469340696295813,0.6657232979522822,0.5880323046969564,138.49054885926702,4.291379516105914,0.20726690233254408,2.5353124603769106,769.2307692307693,44.44444444444444,0.5,1.2549471261506067,769.2307692307693,44.44444444444444,0.5,1.2549471261506067,stable
515,20.689655172413794,70.3448275862069,604.6777627258016,30.0,0.48567634512432756,3.4111619391625174,0.0,6.309654369259284,0.18190694827062176,2.7954578989003043,769.2307692307693,44.44444444444444,0.5,1.2549471261506067,769.2307692307693,44.44444444444444,0.5,1.2549471261506067,stable
516,24.827586206896555,70.3448275862069,810.0961447397002,30.0,0.12232197224251506,4.021900857894606,0.0,7.63927539703699,0.1494548232964592,8.43650508745793,769.2307692307693,44.44444444444444,0.5,1.2549471261506067,769.2307692307693,44.44444444444444,0.5,1.2549471261506067,stable
517,28.965517241379313,70.3448275862069,862.0144210672046,30.0,0.2616245712760047,2.2355597709724853,0.0,7.237768940772051,0.05565211885197832,8.382586857285824,2000.0,25.0,0.5,1.3652123889719707,2500.0,35.59322033898305,0.8,1.0459431618637296,expanding
518,33.10344827586207,70.3448275862069,872.0690322075106,30.0,0.5380154353773039,0.16895577184013666,0.0,6.364136807040937,0.0,9.709313419230387,2000.0,25.0,0.5,1.3652123889719707,2500.0,35.59322033898305,0.8,1.0459431618637296,expanding
519,37.24137931034483,70.3448275862069,813.7803281062941,30.0,0.0,0.7999231651170002,0.0,0.11227379334302837,0.06520103014722417,5.984966123272704,2000.0,25.0,0.5,1.3652123889719707,2500.0,35.59322033898305,0.8,1.0459431618637296,expanding
520,41.37931034482759,70.3448275862069,695.6421005850295,30.0,0.0,2.386437528057608,0.0,0.0,0.2136378136740045,8.280042185650375,769.2307692307693,44.44444444444444,0.5,1.2549471261506067,769.2307692307693,44.44444444444444,0.5,1.2549471261506067,stable
521,45.51724137931035,70.3448275862069,648.5611944602488,30.0,0.0,1.2461952936601377,0.0,0.0,0.18993140738381842,4.877588690393985,769.2307692307693,44.44444444444444,0.5,1.2549471261506067,769.2307692307693,44.44444444444444,0.5,1.2549471261506067,stable
522,49.65517241379311,70.3448275862069,677.0812416928917,30.0,0.0,0.0,0.0,0.0,0.10147416272869995,2.412635362885953,400.0,56.25,1.0,1.2090619551221675,10000.0,0.0,0.25,1.0,fragmenting
523,53.793103448275865,70.3448275862069,466.9515460473891,25.163974780410506,0.0,2.087474473278014,79.3764035134319,0.841533328804358,0.20917912046345868,2.717139365105782,769.2307692307693,44.44444444444444,0.5,1.2549471261506067,769.2307692307693,44.44444444444444,0.5,1.2549471261506067,stable
524,57.931034482758626,70.3448275862069,77.83454324327803,3.546363513515446,0.0,0.0,425.2581837837528,10.943891843704996,0.0,-1.148909638368533,769.2307692307693,44.44444444444444,0.5,1.2549471261506067,769.2307692307693,44.44444444444444,0.5,1.2549471261506067,stable
525,62.06896551724138,70.3448275862069,-51.76241551477678,0.0,0.0,0.0,540.4554804575794,12.636246650418945,0.0,-1.5962612548504862,769.2307692307693,44.44444444444444,0.5,1.2549471261506067,769.2307692307693,44.44444444444444,0.5,1.2549471261506067,stable
526,66.20689655172414,70.3448275862069,78.16066977322379,3.564481654067988,0.0,0.0,424.96829353491216,5.918597748946218,0.14681068252373863,0.2724445986292224,400.0,56.25,1.0,1.2090619551221675,10000.0,0.0,0.25,1.0,fragmenting
527,70.3448275862069,70.3448275862069,123.50720339802484,6.0837335221124915,0.0,0.0,384.6602636462001,0.0,0.2407055766375412,-0.9989187307845687,2000.0,25.0,0.3333333333333333,1.3652123889719707,400.0,56.25,1.0,1.2090619551221675,aggregating
528,74.48275862068967,70.3448275862069,56.08500147189343,2.338055637327413,0.0,0.0,444.5911098027614,0.0,0.144418040318915,-2.1257939170189024,2000.0,25.0,0.3333333333333333,1.3652123889719707,400.0,56.25,1.0,1.2090619551221675,aggregating
529,78.62068965517241,70.3448275862069,37.53750597611484,1.3076392208952692,0.08496699900348836,0.0,461.07777246567565,0.0,0.15076493694791,0.08491116406562649,400.0,56.25,1.0,1.2090619551221675,10000.0,0.0,0.25,1.0,fragmenting
530,82.75862068965517,70.3448275862069,117.14968407861518,5.73053800436751,0.3770913324204748,0.0,390.31139193011984,0.0,0.332163424732801,-1.5635581380647805,769.2307692307693,44.44444444444444,0.5,1.2549471261506067,769.2307692307693,44.44444444444444,0.5,1.2549471261506067,stable
531,86.89655172413794,70.3448275862069,147.5746260831754,7.420812560176411,0.44637449460317913,0.0,363.2669990371774,2.839217680497327,0.390744133203281,-0.4105255791613813,400.0,56.25,1.0,1.2090619551221675,10000.0,0.0,0.25,1.0,fragmenting
532,91.0344827586207,70.3448275862069,42.29997531333046,1.5722208507405808,0.0235903995972071,0.0,456.84446638815075,3.6484921950959275,0.2568187680092531,-0.680970929387015,769.2307692307693,44.44444444444444,0.5,1.2549471261506067,769.2307692307693,44.44444444444444,0.5,1.2549471261506067,stable
533,95.17241379310346,70.3448275862069,13.973653222737141,0.0,0.0,0.0,482.02341935756704,2.7297304451583204,0.11463426230537287,-0.6301243696539666,2000.0,25.0,0.3333333333333333,1.3652123889719707,400.0,56.25,1.0,1.2090619551221675,aggregating
534,99.31034482758622,70.3448275862069,267.79120295606526,14.099511275336958,0.0,0.0,256.40781959460867,0.0,0.1894873901889657,2.870004182439987,2000.0,25.0,0.5,1.3652123889719707,2500.0,35.59322033898305,0.8,1.0459431618637296,expanding
535,103.44827586206897,70.3448275862069,467.1039254234819,25.17244030130455,0.004895210286735674,0.9235794387474252,79.24095517912718,0.0,0.2032039390924199,2.872819633316054,2000.0,25.0,0.5,1.3652123889719707,2500.0,35.59322033898305,0.8,1.0459431618637296,expanding
536,107.58620689655173,70.3448275862069,404.4583346519563,21.69212970288646,0.9943215284432726,0.0,134.9259247538166,0.0,0.22451843756599033,0.8818217812788871,400.0,56.25,1.0,1.2090619551221675,10000.0,0.0,0.25,1.0,fragmenting
537,111.72413793103449,70.3448275862069,334.1887518944235,17.78826399413464,1.9338476099698374,0.43642273956500244,197.3877760938458,4.889534525820151,0.26216983657015563,-0.644289907375118,769.2307692307693,44.44444444444444,0.5,1.2549471261506067,769.2307692307693,44.44444444444444,0.5,1.2549471261506067,stable
538,115.86206896551725,70.3448275862069,164.80727331879604,8.378181851044225,2.2246706153068208,4.303448874538816,347.9490903832924,7.810041809439011,0.18706331911321478,5.43246067750056,400.0,56.25,1.0,1.2090619551221675,10000.0,0.0,0.25,1.0,fragmenting
539,120.0,70.3448275862069,-4.574205256831391,0.0,2.5154936206438046,13.692946640596599,498.51040467273896,10.730549093057872,0.0,10.272239855147198,2000.0,25.0,0.5,1.3652123889719707,2500.0,35.59322033898305,0.8,1.0459431618637296,expanding
540,0.0,74.48275862068967,-247.76870708393682,0.0,0.20272800010365888,0.0,714.6832951857216,9.90401471106675,0.30128241977341036,0.22438205285046608,2000.0,25.0,0.3333333333333333,1.3652123889719707,400.0,56.25,1.0,1.2090619551221675,aggregating
541,4.137931034482759,74.48275862068967,-14.316216352919511,0.0,1.2591672231151152,0.0,507.16997009148395,10.075036661065292,0.38316727584659493,1.5151828146863684,400.0,56.25,1.0,1.2090619551221675,10000.0,0.0,0.25,1.0,fragmenting
542,8.275862068965518,74.48275862068967,219.13627437809774,11.396459687672097,2.315606446126572,0.0,299.6566449972464,10.246058611063834,0.3620102725021922,-0.9817441840432559,769.2307692307693,44.44444444444444,0.5,1.2549471261506067,769.2307692307693,44.44444444444444,0.5,1.2549471261506067,stable
543,12.413793103448278,74.48275862068967,331.2894704520142,17.627192802889677,1.7586962245364042,0.059691342380409296,199.96491515376516,3.7601296766555947,0.29342598519718305,0.5891624946893961,400.0,56.25,1.0,1.2090619551221675,10000.0,0.0,0.25,1.0,fragmenting
544,16.551724137931036,74.48275862068967,434.1119515523075,23.339552864017083,1.0776821995153423,1.3482367787459208,108.56715417572667,0.0,0.23373144209737565,1.796251814496566,2000.0,25.0,0.3333333333333333,1.3652123889719707,400.0,56.25,1.0,1.2090619551221675,aggregating
545,20.689655172413794,74.48275862068967,630.5229993193511,30.0,0.6325785108203743,1.7621111784711663,0.0,0.8849614318878578,0.09965606459155636,5.284540585069899,2000.0,25.0,0.3333333333333333,1.3652123889719707,400.0,56.25,1.0,1.2090619551221675,aggregating
546,24.827586206896555,74.48275862068967,834.8685815917429,30.0,0.0,0.0,0.0,5.552847925223557,0.0,7.010282192794154,769.2307692307693,44.44444444444444,0.5,1.2549471261506067,769.2307692307693,44.44444444444444,0.5,1.2549471261506067,stable
547,28.965517241379313,74.48275862068967,962.6695227005091,30.0,0.0,0.0,0.0,3.8579525095075,0.0,10.272988559132624,2000.0,25.0,0.5,1.3652123889719707,2500.0,35.59322033898305,0.8,1.0459431618637296,expanding
548,33.10344827586207,74.48275862068967,1069.594652582832,30.0,0.0,3.899103446225065,0.0,0.42775293677732884,0.0,14.872585701337933,2000.0,25.0,0.3333333333333333,1.3652123889719707,400.0,56.25,1.0,1.2090619551221675,aggregating
549,37.24137931034483,74.48275862068967,937.8077711382682,30.0,0.0,4.510689864285142,0.0,0.0,0.027832340967649583,10.912712560443317,2000.0,25.0,0.5,1.3652123889719707,2500.0,35.59322033898305,0.8,1.0459431618637296,expanding
550,41.37931034482759,74.48275862068967,685.9942686564103,30.0,0.0,3.268997446913262,0.0,0.0,0.2519566925384231,7.1525009877391605,769.2307692307693,44.44444444444444,0.5,1.2549471261506067,769.2307692307693,44.44444444444444,0.5,1.2549471261506067,stable
551,45.51724137931035,74.48275862068967,499.5163175937262,26.973128755207014,0.0,2.000311324700541,50.429939916687786,0.0,0.19988779290002345,3.9346892200063714,769.2307692307693,44.44444444444444,0.5,1.2549471261506067,769.2307692307693,44.44444444444444,0.5,1.2549471261506067,stable
552,49.65517241379311,74.48275862068967,376.6045801045163,20.14469889469535,0.0,4.0430389072118835,159.68481768487442,0.9429078598677894,0.22039316778668175,3.6690100381513173,400.0,56.25,1.0,1.2090619551221675,10000.0,0.0,0.25,1.0,fragmenting
553,53.793103448275865,74.48275862068967,173.28416945423044,8.849120525235026,0.0,4.098203899591622,340.4140715962396,7.308602506697693,0.2103546071266585,2.554169443874777,769.2307692307693,44.44444444444444,0.5,1.2549471261506067,769.2307692307693,44.44444444444444,0.5,1.2549471261506067,stable
554,57.931034482758626,74.48275862068967,-90.34274606686168,0.0,0.0,0.0,574.7491076149881,14.030312917442606,0.0,0.9082027112797303,2000.0,25.0,0.3333333333333333,1.3652123889719707,400.0,56.25,1.0,1.2090619551221675,aggregating
555,62.06896551724138,74.48275862068967,-97.71090138666926,0.0,0.0,0.0,581.2985790103727,15.99928790325249,0.0,-0.4138745386162083,400.0,56.25,1.0,1.2090619551221675,10000.0,0.0,0.25,1.0,fragmenting
556,66.20689655172414,74.48275862068967,151.17970349480652,7.621094638600363,0.0,0.0,360.0624857823942,13.21552746412736,0.12358895376545011,-0.6344365254865449,769.2307692307693,44.44444444444444,0.5,1.2549471261506067,769.2307692307693,44.44444444444444,0.5,1.2549471261506067,stable
557,70.3448275862069,74.48275862068967,237.41785783441807,12.412103213023226,0.1833550788305987,0.0,283.40634859162833,9.59521816534883,0.16910982655132042,0.15403975568805073,769.2307692307693,44.44444444444444,0.5,1.2549471261506067,769.2307692307693,44.44444444444444,0.5,1.2549471261506067,stable
558,74.48275862068967,74.48275862068967,106.7860781182113,5.154782117678405,0.9484911589233533,0.0,399.5234861171455,4.85951038703245,0.05567471533710647,2.313036858034204,2000.0,25.0,0.3333333333333333,1.3652123889719707,400.0,56.25,1.0,1.2090619551221675,aggregating
559,78.62068965517241,74.48275862068967,41.1349560187908,1.507497556599489,0.9721471397598606,0.0,457.8800390944082,0.5494007290394886,0.07016210176404433,-1.0170008904492251,769.2307692307693,44.44444444444444,0.5,1.2549471261506067,769.2307692307693,44.44444444444444,0.5,1.2549471261506067,stable
560,82.75862068965517,74.48275862068967,107.47080539970747,5.1928225222059705,0.0,0.0,398.91483964470444,0.0,0.3665602297701146,1.4947776117529326,2000.0,25.0,0.3333333333333333,1.3652123889719707,400.0,56.25,1.0,1.2090619551221675,aggregating
561,86.89655172413794,74.48275862068967,145.32860064605694,7.296033369225387,0.0,0.0,365.2634660923938,0.0,0.48989786617600245,-1.6445396640127186,2000.0,25.0,0.3333333333333333,1.3652123889719707,400.0,56.25,1.0,1.2090619551221675,aggregating
562,91.0344827586207,74.48275862068967,93.2140258433358,4.400779213518655,0.0,0.0,411.5875325837015,0.0,0.36115878975008514,0.8481700356699013,2000.0,25.0,0.3333333333333333,1.3652123889719707,400.0,56.25,1.0,1.2090619551221675,aggregating
563,95.17241379310346,74.48275862068967,83.64356705677926,3.869087058709959,0.06451724075808185,0.0,420.09460706064067,1.0989031325976175,0.22261867822930345,2.3623744363908123,2000.0,25.0,0.5,1.3652123889719707,2500.0,35.59322033898305,0.8,1.0459431618637296,expanding
564,99.31034482758622,74.48275862068967,230.06820032949145,12.00378890719397,0.0,0.0,289.93937748489645,0.0,0.20091831074535424,1.04268882389231,2000.0,25.0,0.3333333333333333,1.3652123889719707,400.0,56.25,1.0,1.2090619551221675,aggregating
565,103.44827586206897,74.48275862068967,346.0702995532808,18.448349975182268,0.0,0.0,186.82640039708375,0.0,0.21236805223302888,0.7438465656569336,2000.0,25.0,0.3333333333333333,1.3652123889719707,400.0,56.25,1.0,1.2090619551221675,aggregating
566,107.58620689655173,74.48275862068967,410.67785860143033,22.037658811190575,0.4131252247392415,0.19442171062104485,129.39745902095083,1.788165683733056,0.2509511175952635,0.43075018093584116,769.2307692307693,44.44444444444444,0.5,1.2549471261506067,769.2307692307693,44.44444444444444,0.5,1.2549471261506067,stable
567,111.72413793103449,74.48275862068967,459.176044607924,24.732002478218,1.4993251719417124,1.3941511691439175,86.287960348512,3.808173121225667,0.2394186500032808,3.4190461375096675,2000.0,25.0,0.3333333333333333,1.3652123889719707,400.0,56.25,1.0,1.2090619551221675,aggregating
568,115.86206896551725,74.48275862068967,298.25238107290124,15.791798948494517,1.4562623346403116,0.0,229.33121682408773,6.120252680165061,0.22559077531258803,0.06196975797886689,400.0,56.25,1.0,1.2090619551221675,10000.0,0.0,0.25,1.0,fragmenting
569,120.0,74.48275862068967,137.32871753787865,6.851595418771036,1.4131994973389113,0.0,372.3744732996634,8.432332239104454,0.0,-0.7933376254545208,2000.0,25.0,0.3333333333333333,1.3652123889719707,400.0,56.25,1.0,1.2090619551221675,aggregating
570,0.0,78.62068965517241,-189.18766920081978,0.0,0.0,0.0,662.6112615118398,10.205733279297693,0.2516596166224994,0.5520025319112578,2000.0,25.0,0.5,1.3652123889719707,2500.0,35.59322033898305,0.8,1.0459431618637296,expanding
571,4.137931034482759,78.62068965517241,-20.40731663091141,0.0,1.0021178132891766,0.0,512.584281449699,10.239996252130155,0.38409945815673807,0.6261527532108953,2000.0,25.0,0.5,1.3652123889719707,2500.0,35.59322033898305,0.8,1.0459431618637296,expanding
572,8.275862068965518,78.62068965517241,148.37303593899702,7.465168663277613,2.461897400146602,0.0,362.5573013875582,10.274259224962613,0.422426341303631,-0.5252351220121068,769.2307692307693,44.44444444444444,0.5,1.2549471261506067,769.2307692307693,44.44444444444444,0.5,1.2549471261506067,stable
573,12.413793103448278,78.62068965517241,234.37339742828257,12.242966523793475,1.913599704593173,0.0,286.11253561930437,1.6340476188115356,0.38131131344249564,-0.08258637700826688,769.2307692307693,44.44444444444444,0.5,1.2549471261506067,769.2307692307693,44.44444444444444,0.5,1.2549471261506067,stable
574,16.551724137931036,78.62068965517241,314.00606729598167,16.66700373866565,1.2108345257773703,0.5897358030569702,215.32794018134962,0.0,0.33298509179334645,-0.07910303243979255,769.2307692307693,44.44444444444444,0.5,1.2549471261506067,769.2307692307693,44.44444444444444,0.5,1.2549471261506067,stable
575,20.689655172413794,78.62068965517241,497.02644406281155,26.834802447933978,0.7286137974251925,2.0198111835683252,52.64316083305638,0.0,0.2030435177907065,3.8277119308675562,400.0,56.25,1.0,1.2090619551221675,10000.0,0.0,0.25,1.0,fragmenting
576,24.827586206896555,78.62068965517241,700.5540419812211,30.0,0.0,0.0,0.0,2.460954708451464,0.0,5.767011434410422,769.2307692307693,44.44444444444444,0.5,1.2549471261506067,769.2307692307693,44.44444444444444,0.5,1.2549471261506067,stable
577,28.965517241379313,78.62068965517241,867.0651706885243,30.0,0.0,0.0,0.0,0.7904569970322421,0.0,8.72382951143394,400.0,56.25,1.0,1.2090619551221675,10000.0,0.0,0.25,1.0,fragmenting
578,33.10344827586207,78.62068965517241,1023.4808987018895,30.0,0.0,4.030982993744372,0.0,0.0,0.0,15.14554773113037,769.2307692307693,44.44444444444444,0.5,1.2549471261506067,769.2307692307693,44.44444444444444,0.5,1.2549471261506067,stable
579,37.24137931034483,78.62068965517241,916.1148786499234,30.0,0.0,2.898019184100783,0.0,0.0,0.16575672882141507,11.00985203024472,2000.0,25.0,0.5,1.3652123889719707,2500.0,35.59322033898305,0.8,1.0459431618637296,expanding
580,41.37931034482759,78.62068965517241,686.6647236821852,30.0,0.0,1.458098921105249,0.0,0.0,0.29192074242398214,6.245644886779082,2000.0,25.0,0.5,1.3652123889719707,2500.0,35.59322033898305,0.8,1.0459431618637296,expanding
581,45.51724137931035,78.62068965517241,452.525460222208,24.362525567900445,0.0,2.1130866292422885,92.19959091359291,0.0,0.18380597243536978,3.7095309359876474,2000.0,25.0,0.5,1.3652123889719707,2500.0,35.59322033898305,0.8,1.0459431618637296,expanding
582,49.65517241379311,78.62068965517241,234.19384281058728,12.232991267254848,0.0,3.033033883703996,286.27213972392246,4.262541484357158,0.23084799316197765,2.621682458184027,2000.0,25.0,0.3333333333333333,1.3652123889719707,400.0,56.25,1.0,1.2090619551221675,aggregating
583,53.793103448275865,78.62068965517241,68.51207713935725,3.0284487299642917,0.0,0.0,433.5448203205713,10.020620899776596,0.2602660974371395,-0.6115872369693411,400.0,56.25,1.0,1.2090619551221675,10000.0,0.0,0.25,1.0,fragmenting
584,57.931034482758626,78.62068965517241,-57.682299726579316,0.0,0.0,0.0,545.7175997569594,14.450686558026126,0.10972526899628686,2.5782542031823383,400.0,56.25,1.0,1.2090619551221675,10000.0,0.0,0.25,1.0,fragmenting
585,62.06896551724138,78.62068965517241,-7.367939386473481,0.0,0.04946646089421847,0.0,500.99372389908757,15.859897315537872,0.07019430562344567,-0.7843065787036758,769.2307692307693,44.44444444444444,0.5,1.2549471261506067,769.2307692307693,44.44444444444444,0.5,1.2549471261506067,stable
586,66.20689655172414,78.62068965517241,219.45515815967408,11.414175453315227,0.6867490803241083,0.0,299.37319274695636,14.248253172311824,0.16009835941351597,-0.9515353490993341,2000.0,25.0,0.3333333333333333,1.3652123889719707,400.0,56.25,1.0,1.2090619551221675,aggregating
587,70.3448275862069,78.62068965517241,278.5284754563421,14.696026414241226,1.2345784242754536,0.0,246.86357737214038,12.029122561741746,0.15603604927324927,0.6473225402640073,769.2307692307693,44.44444444444444,0.5,1.2549471261506067,769.2307692307693,44.44444444444444,0.5,1.2549471261506067,stable
588,74.48275862068967,78.62068965517241,113.93541908703824,5.551967727057679,1.663136734255404,0.0,393.16851636707713,9.00000999471294,0.014183394167351787,0.44942111744528473,400.0,56.25,1.0,1.2090619551221675,10000.0,0.0,0.25,1.0,fragmenting
589,78.62068965517241,78.62068965517241,19.64420990136836,0.3135672167426866,1.2656432090354257,0.0,476.982924532117,4.103216734680395,0.0,-1.229432783594056,2000.0,25.0,0.5,1.3652123889719707,2500.0,35.59322033898305,0.8,1.0459431618637296,expanding
590,82.75862068965517,78.62068965517241,71.7546991628394,3.2085943979355225,0.0,0.0,430.66248963303167,0.0,0.3246888266592405,1.9297630427675831,2000.0,25.0,0.5,1.3652123889719707,2500.0,35.59322033898305,0.8,1.0459431618637296,expanding
591,86.89655172413794,78.62068965517241,113.88256527694257,5.5490314042745865,0.0,0.0,393.21549753160656,0.0,0.47009888037756226,0.5187479081426729,769.2307692307693,44.44444444444444,0.5,1.2549471261506067,769.2307692307693,44.44444444444444,0.5,1.2549471261506067,stable
592,91.0344827586207,78.62068965517241,106.23090662687605,5.123939257048669,0.0,0.0,400.0169718872213,0.0,0.29599145887499145,-0.7963872752684287,769.2307692307693,44.44444444444444,0.5,1.2549471261506067,769.2307692307693,44.44444444444444,0.5,1.2549471261506067,stable
593,95.17241379310346,78.62068965517241,129.2643625553194,6.403575697517745,0.1350156134146917,0.0,379.5427888397161,0.0,0.1597206263906717,1.8891136851578914,769.2307692307693,44.44444444444444,0.5,1.2549471261506067,769.2307692307693,44.44444444444444,0.5,1.2549471261506067,stable
594,99.31034482758622,78.62068965517241,264.80990527163203,13.933883626201778,0.0,0.0,259.0578619807715,1.4066491208237388,0.18066544235324697,1.1420105871406436,400.0,56.25,1.0,1.2090619551221675,10000.0,0.0,0.25,1.0,fragmenting
595,103.44827586206897,78.62068965517241,358.3636885151996,19.1313160286222,0.0,0.0,175.89894354204478,6.076473780536465,0.2182965887262288,-1.2634126036689253,2000.0,25.0,0.3333333333333333,1.3652123889719707,400.0,56.25,1.0,1.2090619551221675,aggregating
596,107.58620689655173,78.62068965517241,397.1775928015639,21.287644044531326,0.09936910531282639,0.0,141.39769528749878,3.7992232209546133,0.28218723016874536,2.554828380318607,400.0,56.25,1.0,1.2090619551221675,10000.0,0.0,0.25,1.0,fragmenting
597,111.72413793103449,78.62068965517241,426.24600703804083,22.902555946557825,1.3800551634415108,0.20569156271168754,115.5591048550748,1.7650770207351676,0.2994265343928769,1.9490109141422765,769.2307692307693,44.44444444444444,0.5,1.2549471261506067,769.2307692307693,44.44444444444444,0.5,1.2549471261506067,stable
598,115.86206896551725,78.62068965517241,328.6230506259875,17.479058368110415,1.0095684073009927,0.0,202.33506611023336,2.8912874922267036,0.25469597176490133,0.4723883290372173,2000.0,25.0,0.3333333333333333,1.3652123889719707,400.0,56.25,1.0,1.2090619551221675,aggregating
599,120.0,78.62068965517241,231.00009421393412,12.055560789663007,0.6390816511604744,0.0,289.1110273653919,4.017497963718238,0.009071526317049189,2.119939469798937,2000.0,25.0,0.5,1.3652123889719707,2500.0,35.59322033898305,0.8,1.0459431618637296,expanding
600,0.0,82.75862068965517,-39.7025192862896,0.0,0.0,0.0,529.7355726989241,11.484527327205315,0.0,0.1729380475621969,2000.0,25.0,0.5,1.3652123889719707,2500.0,35.59322033898305,0.8,1.0459431618637296,expanding
601,4.137931034482759,82.75862068965517,-32.88627047566496,0.0,0.09441141987708884,0.0,523.6766848672577,8.881895914940074,0.08262924207519431,0.1271078887779195,2000.0,25.0,0.5,1.3652123889719707,2500.0,35.59322033898305,0.8,1.0459431618637296,expanding
602,8.275862068965518,82.75862068965517,-26.070021665040215,0.0,2.0293414439595665,1.593338543716065,517.6177970355914,6.279264502674834,0.5046205116279001,0.6206021086020306,2000.0,25.0,0.5,1.3652123889719707,2500.0,35.59322033898305,0.8,1.0459431618637296,expanding
603,12.413793103448278,82.75862068965517,-35.35050021465993,0.0,1.4297242727925419,0.3214654993475814,525.86711130192,0.6413125562220705,0.496202408186534,1.9269319595397751,2000.0,25.0,0.3333333333333333,1.3652123889719707,400.0,56.25,1.0,1.2090619551221675,aggregating
604,16.551724137931036,82.75862068965517,-45.86918856122155,0.0,0.6351419327601715,0.0,535.2170564988637,0.0,0.4533148172820957,1.5052753294444268,769.2307692307693,44.44444444444444,0.5,1.2549471261506067,769.2307692307693,44.44444444444444,0.5,1.2549471261506067,stable
605,20.689655172413794,82.75862068965517,118.39337132747264,5.799631740415146,0.45318089904921194,0.0,389.20589215335764,0.0,0.4432908148298109,0.6435007703759887,2000.0,25.0,0.5,1.3652123889719707,2500.0,35.59322033898305,0.8,1.0459431618637296,expanding
606,24.827586206896555,82.75862068965517,319.5434577004153,16.97463653891196,0.0,1.6236682466519141,210.40581537740866,0.0,0.3131946309232006,1.035577907978497,2000.0,25.0,0.3333333333333333,1.3652123889719707,400.0,56.25,1.0,1.2090619551221675,aggregating
607,28.965517241379313,82.75862068965517,455.83612018832395,24.54645112157355,0.0,2.0969793369401564,89.25678205482316,0.0,0.2072970659542334,3.268835432520367,769.2307692307693,44.44444444444444,0.5,1.2549471261506067,769.2307692307693,44.44444444444444,0.5,1.2549471261506067,stable
608,33.10344827586207,82.75862068965517,574.4403943439505,30.0,0.0,1.5260956419777856,0.0,0.28604732652245435,0.2312666697220306,4.044570355173902,400.0,56.25,1.0,1.2090619551221675,10000.0,0.0,0.25,1.0,fragmenting
609,37.24137931034483,82.75862068965517,665.7313105202552,30.0,0.0,0.0,0.0,0.0,0.30866368705692615,2.6690528053328535,2000.0,25.0,0.5,1.3652123889719707,2500.0,35.59322033898305,0.8,1.0459431618637296,expanding
610,41.37931034482759,82.75862068965517,732.2934905053918,30.0,0.0,0.0,0.0,0.0,0.3488543189647145,3.447635687496854,400.0,56.25,1.0,1.2090619551221675,10000.0,0.0,0.25,1.0,fragmenting
611,45.51724137931035,82.75862068965517,597.9920239520949,30.0,0.0,0.8730410219920708,0.0,0.0,0.20707012841618397,4.607581295436056,2000.0,25.0,0.3333333333333333,1.3652123889719707,400.0,56.25,1.0,1.2090619551221675,aggregating
612,49.65517241379311,82.75862068965517,367.4367459879345,19.635374777107472,0.0,0.0,167.83400356628042,1.661970247841555,0.29030442442473303,-2.1757634162871,2000.0,25.0,0.3333333333333333,1.3652123889719707,400.0,56.25,1.0,1.2090619551221675,aggregating
613,53.793103448275865,82.75862068965517,277.2612639975456,14.625625777641423,0.0,0.0,247.98998755773724,5.730243465628129,0.3888473929686179,0.6881345843238875,2000.0,25.0,0.3333333333333333,1.3652123889719707,400.0,56.25,1.0,1.2090619551221675,aggregating
614,57.931034482758626,82.75862068965517,292.37062898748536,15.465034943749188,0.0,0.0,234.559440900013,9.235960175044362,0.31926451533332256,-0.32045101834180834,400.0,56.25,1.0,1.2090619551221675,10000.0,0.0,0.25,1.0,fragmenting
615,62.06896551724138,82.75862068965517,282.6511811576096,14.9250656198672,0.1516300867408586,0.0,243.1989500821248,8.675993978170911,0.2788594647055354,1.809920465316978,2000.0,25.0,0.3333333333333333,1.3652123889719707,400.0,56.25,1.0,1.2090619551221675,aggregating
616,66.20689655172414,82.75862068965517,248.1029205079183,13.005717805995461,0.5361215917532229,0.0,273.9085151040726,4.050344875007785,0.2536752625420141,-0.15999676804410634,2000.0,25.0,0.5,1.3652123889719707,2500.0,35.59322033898305,0.8,1.0459431618637296,expanding
617,70.3448275862069,82.75862068965517,172.068974409021,8.781609689390054,0.7948657082737585,0.0,341.4942449697591,1.9014121937759414,0.19898347911040062,1.2599764572969312,769.2307692307693,44.44444444444444,0.5,1.2549471261506067,769.2307692307693,44.44444444444444,0.5,1.2549471261506067,stable
618,74.48275862068967,82.75862068965517,40.72078104451607,1.4844878358064482,0.8859466401385216,0.0,458.2481946270969,3.05476807511912,0.058599360038023796,-0.031121444662784548,2000.0,25.0,0.3333333333333333,1.3652123889719707,400.0,56.25,1.0,1.2090619551221675,aggregating
619,78.62068965517241,82.75862068965517,-34.41694648476168,0.0,0.7736326762919659,2.528693126224751,525.0372857642326,1.852899851933772,0.0,3.841438130049258,769.2307692307693,44.44444444444444,0.5,1.2549471261506067,769.2307692307693,44.44444444444444,0.5,1.2549471261506067,stable
620,82.75862068965517,82.75862068965517,8.767656082527111,0.0,0.49561592588899284,0.0,486.65097237108694,0.0,0.14224159324103702,1.5310575782037614,769.2307692307693,44.44444444444444,0.5,1.2549471261506067,769.2307692307693,44.44444444444444,0.5,1.2549471261506067,stable
621,86.89655172413794,82.75862068965517,52.70458089757479,2.150254494309711,0.3103069748032087,0.0,447.59592809104464,0.0,0.18499636591611812,0.01926721703905676,769.2307692307693,44.44444444444444,0.5,1.2549471261506067,769.2307692307693,44.44444444444444,0.5,1.2549471261506067,stable
622,91.0344827586207,82.75862068965517,77.09294684057267,3.5051637133651488,0.10625748985545513,0.0,425.9173805861576,0.0,0.0,1.5996140198527091,2000.0,25.0,0.5,1.3652123889719707,2500.0,35.59322033898305,0.8,1.0459431618637296,expanding
623,95.17241379310346,82.75862068965517,160.88880613020493,8.160489229455829,0.0,0.0,351.4321723287067,0.0,0.0,-0.8592040253014948,769.2307692307693,44.44444444444444,0.5,1.2549471261506067,769.2307692307693,44.44444444444444,0.5,1.2549471261506067,stable
624,99.31034482758622,82.75862068965517,462.5121410241615,24.917341168008974,0.0,0.6739811006708885,83.32254131185644,0.0,0.18675445986678657,2.704753906094461,2000.0,25.0,0.3333333333333333,1.3652123889719707,400.0,56.25,1.0,1.2090619551221675,aggregating
625,103.44827586206897,82.75862068965517,654.2945537934938,30.0,0.0,8.806557051438457,0.0,8.813574746736665,0.15329480082830094,9.318844925305314,2000.0,25.0,0.3333333333333333,1.3652123889719707,400.0,56.25,1.0,1.2090619551221675,aggregating
626,107.58620689655173,82.75862068965517,404.5339067683821,21.696328153799005,0.35023201856693553,0.0,134.85874953921592,3.2853977372435623,0.278654149553155,1.247736968459498,400.0,56.25,1.0,1.2090619551221675,10000.0,0.0,0.25,1.0,fragmenting
627,111.72413793103449,82.75862068965517,178.12032797050165,9.117795998361203,1.9117091579286545,0.0,336.11526402622076,0.0,0.6013460407595026,3.279881849653957,2000.0,25.0,0.5,1.3652123889719707,2500.0,35.59322033898305,0.8,1.0459431618637296,expanding
628,115.86206896551725,82.75862068965517,255.21863612661087,13.40103534036727,1.2256728746439651,0.0,267.58343455412364,0.0,0.2962373839637817,-0.240996722763676,2000.0,25.0,0.5,1.3652123889719707,2500.0,35.59322033898305,0.8,1.0459431618637296,expanding
629,120.0,82.75862068965517,332.31694428272,17.684274682373335,0.5396365913592756,0.6227928722546348,199.05160508202667,0.0,0.12277034500157896,0.46460580367672066,2000.0,25.0,0.3333333333333333,1.3652123889719707,400.0,56.25,1.0,1.2090619551221675,aggregating
630,0.0,86.89655172413794,51.010831973403995,2.0561573318557773,0.0,0.0,449.10148269030753,9.751471201275736,0.0,-1.311675231168655,2000.0,25.0,0.5,1.3652123889719707,2500.0,35.59322033898305,0.8,1.0459431618637296,expanding
631,4.137931034482759,86.89655172413794,-4.348662137142398,0.0,0.0,0.0,498.3099218996822,6.015062368845998,0.0,0.9903936451517379,2000.0,25.0,0.3333333333333333,1.3652123889719707,400.0,56.25,1.0,1.2090619551221675,aggregating
632,8.275862068965518,86.89655172413794,-59.708156247688834,0.0,1.6190387981941843,14.230185963581127,547.5183611090567,2.278653536416257,0.3719946818816635,3.243323499197066,769.2307692307693,44.44444444444444,0.5,1.2549471261506067,769.2307692307693,44.44444444444444,0.5,1.2549471261506067,stable
633,12.413793103448278,86.89655172413794,-131.40081897177518,0.0,0.9960914904440075,8.464005610039255,611.2451724193556,0.07231531297199031,0.36435183108022506,3.0033286464946682,400.0,56.25,1.0,1.2090619551221675,10000.0,0.0,0.25,1.0,fragmenting
634,16.551724137931036,86.89655172413794,-204.3498792815184,0.0,0.1816927790916092,0.0,676.088781583572,0.0,0.293622783483399,0.14475137402213578,769.2307692307693,44.44444444444444,0.5,1.2549471261506067,769.2307692307693,44.44444444444444,0.5,1.2549471261506067,stable
635,20.689655172413794,86.89655172413794,-82.66944754969748,0.0,0.23101206797226875,0.0,567.9283978219534,0.0,0.3490806925276594,1.829153202982278,400.0,56.25,1.0,1.2090619551221675,10000.0,0.0,0.25,1.0,fragmenting
636,24.827586206896555,86.89655172413794,80.45887566197825,3.6921597589987916,0.0,0.0,422.92544385601934,0.0,0.28182146400360636,-0.9708870880136276,2000.0,25.0,0.3333333333333333,1.3652123889719707,400.0,56.25,1.0,1.2090619551221675,aggregating
637,28.965517241379313,86.89655172413794,180.69950716256793,9.261083731253773,0.0,1.1885155744018814,333.8226602999396,0.0,0.05613486144426663,2.667442620705503,769.2307692307693,44.44444444444444,0.5,1.2549471261506067,769.2307692307693,44.44444444444444,0.5,1.2549471261506067,stable
638,33.10344827586207,86.89655172413794,263.7889500146796,13.87716388970442,0.0,5.481358274596616,259.9653777647293,2.060474400376637,0.0,6.232161143763133,2000.0,25.0,0.3333333333333333,1.3652123889719707,400.0,56.25,1.0,1.2090619551221675,aggregating
639,37.24137931034483,86.89655172413794,458.67963325362933,24.704424069646073,0.0,3.488569432292924,86.72921488566283,0.0,0.1501783526272713,4.188118632226711,769.2307692307693,44.44444444444444,0.5,1.2549471261506067,769.2307692307693,44.44444444444444,0.5,1.2549471261506067,stable
640,41.37931034482759,86.89655172413794,684.654293274726,30.0,0.0,0.0,0.0,0.0,0.32745696654352385,5.111882406177166,2000.0,25.0,0.3333333333333333,1.3652123889719707,400.0,56.25,1.0,1.2090619551221675,aggregating
641,45.51724137931035,86.89655172413794,631.4884899395311,30.0,0.0,0.0,0.0,0.0,0.18177090691745812,2.770776115515033,2000.0,25.0,0.3333333333333333,1.3652123889719707,400.0,56.25,1.0,1.2090619551221675,aggregating
642,49.65517241379311,86.89655172413794,438.396339598161,23.577574422120055,0.33009147594849425,0.0,104.75880924607912,0.0,0.26186672707248226,-0.7632479804158345,769.2307692307693,44.44444444444444,0.5,1.2549471261506067,769.2307692307693,44.44444444444444,0.5,1.2549471261506067,stable
643,53.793103448275865,86.89655172413794,397.8268604333068,21.323714468517046,0.5367385053866972,0.0,140.8205685037273,2.0485038473077264,0.3262329067726434,0.34149346002999226,769.2307692307693,44.44444444444444,0.5,1.2549471261506067,769.2307692307693,44.44444444444444,0.5,1.2549471261506067,stable
644,57.931034482758626,86.89655172413794,471.6493846508394,25.424965813935522,0.3755134072953823,0.011428681231921534,75.20054697703165,4.281611377546967,0.2280918455853675,-0.022295526744992022,2000.0,25.0,0.3333333333333333,1.3652123889719707,400.0,56.25,1.0,1.2090619551221675,aggregating
645,62.06896551724138,86.89655172413794,409.44244893613416,21.969024940896343,0.42125144497894595,0.0,130.4956009456585,2.6393436302000923,0.2602664540644361,-0.7674217588711333,2000.0,25.0,0.5,1.3652123889719707,2500.0,35.59322033898305,0.8,1.0459431618637296,expanding
646,66.20689655172414,86.89655172413794,211.2060532891917,10.955891849399539,0.6739526184373867,0.0,306.7057304096074,0.0,0.2749062715414396,2.684511499920605,400.0,56.25,1.0,1.2090619551221675,10000.0,0.0,0.25,1.0,fragmenting
647,70.3448275862069,86.89655172413794,61.01385537039103,2.6118808539106126,0.6733993459256589,0.0,440.2099063374302,0.0,0.17501878646777683,0.927093793969263,2000.0,25.0,0.3333333333333333,1.3652123889719707,400.0,56.25,1.0,1.2090619551221675,aggregating
648,74.48275862068967,86.89655172413794,-25.11941224422027,0.0,0.3351734787870402,1.8768655162663688,516.7728108837514,0.0,0.06693714266607842,3.589203546640696,2000.0,25.0,0.3333333333333333,1.3652123889719707,400.0,56.25,1.0,1.2090619551221675,aggregating
649,78.62068965517241,86.89655172413794,-60.9083097614546,0.0,0.31655150723209824,13.448643373066194,548.5851642324042,0.563656858932253,0.0,6.891072647567828,2000.0,25.0,0.5,1.3652123889719707,2500.0,35.59322033898305,0.8,1.0459431618637296,expanding
650,82.75862068965517,86.89655172413794,4.575534731344376,0.0,1.0988155698055988,5.103663418677007,490.3773024610272,0.0,0.08066934325852534,5.211883208318109,2000.0,25.0,0.3333333333333333,1.3652123889719707,400.0,56.25,1.0,1.2090619551221675,aggregating
651,86.89655172413794,86.89655172413794,75.84342963788768,3.43574609099376,1.4780071700962063,0.8113153510162121,427.02806254409984,0.0,0.051063073721283214,3.409946311199449,400.0,56.25,1.0,1.2090619551221675,10000.0,0.0,0.25,1.0,fragmenting
652,91.0344827586207,86.89655172413794,148.25535578534732,7.458630876963739,0.5675188370823053,2.1577834842196406,362.6619059685802,0.0,0.0,3.6325327115048944,769.2307692307693,44.44444444444444,0.5,1.2549471261506067,769.2307692307693,44.44444444444444,0.5,1.2549471261506067,stable
653,95.17241379310346,86.89655172413794,277.6496298827184,14.647201660151019,0.0,1.427829140795248,247.6447734375837,0.0,0.0,3.6173451429091834,2000.0,25.0,0.5,1.3652123889719707,2500.0,35.59322033898305,0.8,1.0459431618637296,expanding
654,99.31034482758622,86.89655172413794,615.9791797964306,30.0,0.0,5.3165145708403045,0.0,0.0,0.2675335624709035,6.8229526981067,769.2307692307693,44.44444444444444,0.5,1.2549471261506067,769.2307692307693,44.44444444444444,0.5,1.2549471261506067,stable
655,103.44827586206897,86.89655172413794,818.4755603769614,30.0,0.0,18.16715507511597,0.0,6.646673111745863,0.08615643148129774,11.004979855727173,2000.0,25.0,0.5,1.3652123889719707,2500.0,35.59322033898305,0.8,1.0459431618637296,expanding
656,107.58620689655173,86.89655172413794,420.8780836420778,22.604337980115435,0.5640179474746472,0.0,120.33059231815307,1.2932501136965777,0.2529846251011149,-1.1249382817602034,2000.0,25.0,0.3333333333333333,1.3652123889719707,400.0,56.25,1.0,1.2090619551221675,aggregating
657,111.72413793103449,86.89655172413794,64.7449156638984,2.8191619813276887,1.9752721631774341,0.0,436.893408298757,0.0,0.6013019475121535,-1.2985056819253287,2000.0,25.0,0.5,1.3652123889719707,2500.0,35.59322033898305,0.8,1.0459431618637296,expanding
658,115.86206896551725,86.89655172413794,247.64776152284492,12.980431195713606,1.1183861070956373,0.0,274.3131008685823,0.0,0.29997057493116724,0.3478951788982368,2000.0,25.0,0.3333333333333333,1.3652123889719707,400.0,56.25,1.0,1.2090619551221675,aggregating
659,120.0,86.89655172413794,430.5506073817914,23.141700410099524,0.26150005101384055,2.54452051049447,111.73279343840763,0.0,0.19099361091825456,5.076383635897641,2000.0,25.0,0.5,1.3652123889719707,2500.0,35.59322033898305,0.8,1.0459431618637296,expanding
660,0.0,91.0344827586207,-21.48155504321859,0.0,0.07017049338891601,0.0,513.5391600384166,0.0,0.0,-1.0116003565525478,769.2307692307693,44.44444444444444,0.5,1.2549471261506067,769.2307692307693,44.44444444444444,0.5,1.2549471261506067,stable
661,4.137931034482759,91.0344827586207,102.95564096306377,4.941980053503543,0.651662090081783,5.035457343878482,402.9283191439433,0.0,0.0,1.2604574602394298,2000.0,25.0,0.5,1.3652123889719707,2500.0,35.59322033898305,0.8,1.0459431618637296,expanding
662,8.275862068965518,91.0344827586207,227.39283696934612,11.855157609408117,1.2331536867746498,8.98737688013991,292.3174782494701,0.0,0.07001946323025418,2.1536999404744908,400.0,56.25,1.0,1.2090619551221675,10000.0,0.0,0.25,1.0,fragmenting
663,12.413793103448278,91.0344827586207,167.9611606746089,8.55339781525605,0.8018281382074258,6.809314234330212,345.1456349559032,0.0,0.06487329174490658,-0.619522322018969,2000.0,25.0,0.3333333333333333,1.3652123889719707,400.0,56.25,1.0,1.2090619551221675,aggregating
664,16.551724137931036,91.0344827586207,94.38572497210092,4.465873609561162,0.2925935784663485,2.4444053710554425,410.5460222470214,1.4859407941517206,0.05315830485314463,0.24926771625668387,2000.0,25.0,0.5,1.3652123889719707,2500.0,35.59322033898305,0.8,1.0459431618637296,expanding
665,20.689655172413794,91.0344827586207,108.09498340435317,5.227499078019621,0.4918881584136492,2.128906298268653,398.3600147516861,1.3420472640068897,0.16792086327699032,1.9789860897982288,2000.0,25.0,0.3333333333333333,1.3652123889719707,400.0,56.25,1.0,1.2090619551221675,aggregating
666,24.827586206896555,91.0344827586207,146.61365802654774,7.367425445919319,0.5255306994719324,3.905942398399909,364.1211928652909,0.0,0.20497922746996114,2.650811029337347,769.2307692307693,44.44444444444444,0.5,1.2549471261506067,769.2307692307693,44.44444444444444,0.5,1.2549471261506067,stable
667,28.965517241379313,91.0344827586207,198.74109023129313,10.263393901738507,0.8267640800634626,6.04669213640512,317.7856975721839,0.0,0.0,1.3802032975457905,2000.0,25.0,0.5,1.3652123889719707,2500.0,35.59322033898305,0.8,1.0459431618637296,expanding
668,33.10344827586207,91.0344827586207,254.58000177673418,13.36555565426301,1.200976780527696,7.468730890572034,268.1511095317918,0.0,0.0,3.5906215677102575,769.2307692307693,44.44444444444444,0.5,1.2549471261506067,769.2307692307693,44.44444444444444,0.5,1.2549471261506067,stable
669,37.24137931034483,91.0344827586207,317.95027277554993,16.88612626530833,1.2854683592243026,8.830500223711276,211.8219797550667,0.0,0.0,5.3064944317743965,400.0,56.25,1.0,1.2090619551221675,10000.0,0.0,0.25,1.0,fragmenting
670,41.37931034482759,91.0344827586207,370.8634418099787,19.82574676722104,1.3822044282781873,8.435727476328253,164.78805172446334,0.0,0.12496298969480742,5.319963931000871,2000.0,25.0,0.3333333333333333,1.3652123889719707,400.0,56.25,1.0,1.2090619551221675,aggregating
671,45.51724137931035,91.0344827586207,374.1094790578443,20.006082169880237,1.232261239344685,5.760347970661782,161.90268528191618,0.0,0.22018174680470848,4.023797758255977,2000.0,25.0,0.3333333333333333,1.3652123889719707,400.0,56.25,1.0,1.2090619551221675,aggregating
672,49.65517241379311,91.0344827586207,364.7289383639936,19.484941020221868,0.8029040859022706,1.7363862774968901,170.24094367645012,0.0,0.2978512812887621,2.195143791798411,769.2307692307693,44.44444444444444,0.5,1.2549471261506067,769.2307692307693,44.44444444444444,0.5,1.2549471261506067,stable
673,53.793103448275865,91.0344827586207,331.04627147281354,17.61368174848964,0.6480677022286683,0.0,200.18109202416574,0.19248928675925273,0.34667040050367937,0.21122663688590637,769.2307692307693,44.44444444444444,0.5,1.2549471261506067,769.2307692307693,44.44444444444444,0.5,1.2549471261506067,stable
674,57.931034482758626,91.0344827586207,279.13700993363653,14.72983388520203,0.6991218958816753,0.0,246.32265783676752,1.0234748486204561,0.35440672820955815,1.3153165197675736,2000.0,25.0,0.3333333333333333,1.3652123889719707,400.0,56.25,1.0,1.2090619551221675,aggregating
675,62.06896551724138,91.0344827586207,185.2246443331013,9.51248024072785,0.9162727070896834,0.0,329.8003161483544,0.39599505155171966,0.283546718231214,0.8522757856014598,2000.0,25.0,0.5,1.3652123889719707,2500.0,35.59322033898305,0.8,1.0459431618637296,expanding
676,66.20689655172414,91.0344827586207,49.30917467120832,1.9616208150671288,1.2995201358526902,0.0,450.6140669589259,0.0,0.004869613305438419,1.3634762514688132,400.0,56.25,1.0,1.2090619551221675,10000.0,0.0,0.25,1.0,fragmenting
677,70.3448275862069,91.0344827586207,-40.8677431425093,0.0,1.0739737000045508,0.0,530.7713272377861,0.0,0.0,0.8638100920806437,2000.0,25.0,0.3333333333333333,1.3652123889719707,400.0,56.25,1.0,1.2090619551221675,aggregating
678,74.48275862068967,91.0344827586207,-70.05992515865944,0.0,0.03670211134155521,0.0,556.7199334743639,0.5557287306889793,0.0,1.5547558228611673,2000.0,25.0,0.5,1.3652123889719707,2500.0,35.59322033898305,0.8,1.0459431618637296,expanding
679,78.62068965517241,91.0344827586207,-34.21061878889199,0.0,0.0,15.095694532264693,524.853883367904,0.0,0.04595792021553016,7.611168227248851,2000.0,25.0,0.3333333333333333,1.3652123889719707,400.0,56.25,1.0,1.2090619551221675,aggregating
680,82.75862068965517,91.0344827586207,122.87562675187935,6.048645930659964,0.4680867547468671,10.266269906503766,385.2216651094406,0.0,0.28158084082756807,7.834659193317973,400.0,56.25,1.0,1.2090619551221675,10000.0,0.0,0.25,1.0,fragmenting
681,86.89655172413794,91.0344827586207,281.2392750932267,14.84662639406815,1.0620425402415494,5.268119622764429,244.4539776949096,0.0,0.2552423194442198,6.748517988594783,2000.0,25.0,0.5,1.3652123889719707,2500.0,35.59322033898305,0.8,1.0459431618637296,expanding
682,91.0344827586207,91.0344827586207,437.5936053405717,23.532978074476205,0.6394029772491391,1.9010163708681909,105.47235080838071,0.0,0.1409794937037747,2.8457070048422253,2000.0,25.0,0.3333333333333333,1.3652123889719707,400.0,56.25,1.0,1.2090619551221675,aggregating
683,95.17241379310346,91.0344827586207,570.6363277289885,30.0,0.316044173955204,3.292946722566537,0.0,0.0,0.3194572338900155,3.436377729697908,400.0,56.25,1.0,1.2090619551221675,10000.0,0.0,0.25,1.0,fragmenting
684,99.31034482758622,91.0344827586207,618.203154634669,30.0,0.35671482288900913,6.223325912595841,0.0,0.0,0.29173825121000246,9.34672722903562,769.2307692307693,44.44444444444444,0.5,1.2549471261506067,769.2307692307693,44.44444444444444,0.5,1.2549471261506067,stable
685,103.44827586206897,91.0344827586207,598.7208582001642,30.0,0.33254059571402267,7.087364936554372,0.0,0.0,0.18936844489427287,8.079692357549725,400.0,56.25,1.0,1.2090619551221675,10000.0,0.0,0.25,1.0,fragmenting
686,107.58620689655173,91.0344827586207,389.2516661385967,20.847314785477597,0.5810780392903466,0.0,148.44296343235848,0.0,0.21469882756160086,-1.4959348737331701,769.2307692307693,44.44444444444444,0.5,1.2549471261506067,769.2307692307693,44.44444444444444,0.5,1.2549471261506067,stable
687,111.72413793103449,91.0344827586207,201.92572899409225,10.44031827744957,0.7642706580339613,0.0,314.9549075608069,0.0,0.25193443847089486,-0.26556424817983604,2000.0,25.0,0.3333333333333333,1.3652123889719707,400.0,56.25,1.0,1.2090619551221675,aggregating
688,115.86206896551725,91.0344827586207,302.46210577139186,16.025672542855105,0.09798055395238203,1.2107067661849422,225.58923931431832,0.0,0.28493995993305354,4.197807325938446,2000.0,25.0,0.3333333333333333,1.3652123889719707,400.0,56.25,1.0,1.2090619551221675,aggregating
689,120.0,91.0344827586207,402.9984825486915,21.61102680826064,0.0,3.039494145553682,136.22357106782977,0.0,0.2665191080837981,5.1745708965552515,2000.0,25.0,0.3333333333333333,1.3652123889719707,400.0,56.25,1.0,1.2090619551221675,aggregating
690,0.0,95.17241379310346,-3.6719853186348743,0.0,1.2934609412343665,12.953406304587098,497.7084313943421,0.0,0.0,1.1317680571998276,2000.0,25.0,0.5,1.3652123889719707,2500.0,35.59322033898305,0.8,1.0459431618637296,expanding
691,4.137931034482759,95.17241379310346,217.41556886111496,11.300864936728608,0.9816137931556367,9.278114187861338,301.18616101234227,0.0,0.0,3.425091490232234,2000.0,25.0,0.3333333333333333,1.3652123889719707,400.0,56.25,1.0,1.2090619551221675,aggregating
692,8.275862068965518,95.17241379310346,438.5031230408647,23.583506835603593,0.6697666450769069,3.83039147258401,104.6638906303425,0.0,0.139215716561471,1.5917564360459837,769.2307692307693,44.44444444444444,0.5,1.2549471261506067,769.2307692307693,44.44444444444444,0.5,1.2549471261506067,stable
693,12.413793103448278,95.17241379310346,382.97965474480435,20.498869708044687,0.46883107801222496,4.153485668478961,154.01808467128504,0.0,0.10369299756098162,1.5628349459183477,769.2307692307693,44.44444444444444,0.5,1.2549471261506067,769.2307692307693,44.44444444444444,0.5,1.2549471261506067,stable
694,16.551724137931036,95.17241379310346,306.17841548906637,16.23213419383702,0.2764271710255467,3.1356118727863924,222.2858528986077,4.591744586787949,0.07529424200185914,2.0455985871059275,2000.0,25.0,0.5,1.3652123889719707,2500.0,35.59322033898305,0.8,1.0459431618637296,expanding
695,20.689655172413794,95.17241379310346,259.4834413075598,13.637968961531103,0.5805344638402473,4.178196670594986,263.7924966155024,3.7358671236392786,0.1444829328752475,2.5428876565979017,2000.0,25.0,0.3333333333333333,1.3652123889719707,400.0,56.25,1.0,1.2090619551221675,aggregating
696,24.827586206896555,95.17241379310346,229.32046950046242,11.962248305581246,0.8244041898467165,7.069039385226196,290.6040271107001,0.03311373866165618,0.1997882291029084,3.475997972697938,2000.0,25.0,0.5,1.3652123889719707,2500.0,35.59322033898305,0.8,1.0459431618637296,expanding
697,28.965517241379313,95.17241379310346,239.78967656999706,12.543870920555392,1.7681517556147068,8.182707440526908,281.2980652711137,0.0,0.013176173632169524,4.410188538663196,769.2307692307693,44.44444444444444,0.5,1.2549471261506067,769.2307692307693,44.44444444444444,0.5,1.2549471261506067,stable
698,33.10344827586207,95.17241379310346,261.3403869695222,13.741132609417901,2.902775095863112,8.570061990915473,262.14187824931355,0.0,0.0,4.0719530646127,400.0,56.25,1.0,1.2090619551221675,10000.0,0.0,0.25,1.0,fragmenting
699,37.24137931034483,95.17241379310346,235.00816112246977,12.278231173470544,3.181849239498547,11.883155487208544,285.5483012244713,0.0,0.0,5.0451027636659855,2000.0,25.0,0.5,1.3652123889719707,2500.0,35.59322033898305,0.8,1.0459431618637296,expanding
700,41.37931034482759,95.17241379310346,176.2199886579007,9.012221592105593,3.194159176009588,16.1900504064662,337.8044545263105,0.0,0.04010257112102977,4.789993633361539,2000.0,25.0,0.5,1.3652123889719707,2500.0,35.59322033898305,0.8,1.0459431618637296,expanding
701,45.51724137931035,95.17241379310346,208.52343417606914,10.806857454226064,2.3993657044622334,11.719432429632016,309.090280732383,0.08703710489321909,0.2314239251460332,5.034032806767409,2000.0,25.0,0.5,1.3652123889719707,2500.0,35.59322033898305,0.8,1.0459431618637296,expanding
702,49.65517241379311,95.17241379310346,306.2141920389645,16.23412177994247,1.0723420378593354,5.813107067906026,222.25405152092046,0.0,0.2705056338917088,4.36041334583001,769.2307692307693,44.44444444444444,0.5,1.2549471261506067,769.2307692307693,44.44444444444444,0.5,1.2549471261506067,stable
703,53.793103448275865,95.17241379310346,257.0900581915006,13.505003232861142,0.6761536838905127,0.0,265.9199482742217,0.0,0.32119817453115346,0.9963006715391809,2000.0,25.0,0.3333333333333333,1.3652123889719707,400.0,56.25,1.0,1.2090619551221675,aggregating
704,57.931034482758626,95.17241379310346,97.85475556126755,4.658597531181531,0.9780918143972461,0.0,407.4624395010955,0.0,0.4185128009622124,1.6625831680287626,2000.0,25.0,0.5,1.3652123889719707,2500.0,35.59322033898305,0.8,1.0459431618637296,expanding
705,62.06896551724138,95.17241379310346,-19.18369963045427,0.0,1.3078118810733301,0.0,511.49662189373714,0.0,0.2553998070104369,1.5304671464247868,769.2307692307693,44.44444444444444,0.5,1.2549471261506067,769.2307692307693,44.44444444444444,0.5,1.2549471261506067,stable
706,66.20689655172414,95.17241379310346,-94.02530738366426,0.0,1.665313883918763,0.0,578.022495452146,0.0,0.0,0.957770869002575,400.0,56.25,1.0,1.2090619551221675,10000.0,0.0,0.25,1.0,fragmenting
707,70.3448275862069,95.17241379310346,-109.47521980363018,0.0,1.2549554691604072,0.0,591.7557509365602,0.0,0.0,-0.09268573963298021,400.0,56.25,1.0,1.2090619551221675,10000.0,0.0,0.25,1.0,fragmenting
708,74.48275862068967,95.17241379310346,-45.736205112603486,0.0,0.0,0.0,535.0988489889809,1.1260264805253686,0.0,0.5761123025336929,2000.0,25.0,0.3333333333333333,1.3652123889719707,400.0,56.25,1.0,1.2090619551221675,aggregating
709,78.62068965517241,95.17241379310346,71.13593625064604,3.174218680591446,0.0,14.232385619216824,431.21250111053683,0.0,0.11819508162980605,7.221815627743197,400.0,56.25,1.0,1.2090619551221675,10000.0,0.0,0.25,1.0,fragmenting
710,82.75862068965517,95.17241379310346,281.31934994184667,14.851074996769258,0.018902653238414446,8.920781641728498,244.38280005169187,0.0,0.31975147292559797,6.824916303226523,400.0,56.25,1.0,1.2090619551221675,10000.0,0.0,0.25,1.0,fragmenting
711,86.89655172413794,95.17241379310346,480.3958637231339,25.910881317951883,0.766449526359962,2.5033113542467884,67.42589891276984,0.0,0.21322825258856354,7.103276729821341,2000.0,25.0,0.5,1.3652123889719707,2500.0,35.59322033898305,0.8,1.0459431618637296,expanding
712,91.0344827586207,95.17241379310346,654.6155723321986,30.0,0.7930019633238468,1.9743926288972047,0.0,0.0,0.3198266777697725,4.475347685313269,2000.0,25.0,0.3333333333333333,1.3652123889719707,400.0,56.25,1.0,1.2090619551221675,aggregating
713,95.17241379310346,95.17241379310346,756.7493507409569,30.0,0.8950381394793048,7.6284786518833245,0.0,0.0,0.6432636000421927,9.645413515862463,2000.0,25.0,0.3333333333333333,1.3652123889719707,400.0,56.25,1.0,1.2090619551221675,aggregating
714,99.31034482758622,95.17241379310346,594.5680517485935,30.0,1.2738480260038636,4.97588996956455,0.0,0.0,0.2804513459102159,8.056935403050725,2000.0,25.0,0.5,1.3652123889719707,2500.0,35.59322033898305,0.8,1.0459431618637296,expanding
715,103.44827586206897,95.17241379310346,421.3926190230886,22.632923279060478,1.3717290483337552,0.0,119.87322753503236,0.0,0.19771451714372512,0.7610947984139834,769.2307692307693,44.44444444444444,0.5,1.2549471261506067,769.2307692307693,44.44444444444444,0.5,1.2549471261506067,stable
716,107.58620689655173,95.17241379310346,391.9629140431579,20.99793966906433,0.7545816861056034,0.0,146.03296529497072,0.0,0.18124332515010552,3.350235528224104,769.2307692307693,44.44444444444444,0.5,1.2549471261506067,769.2307692307693,44.44444444444444,0.5,1.2549471261506067,stable
717,111.72413793103449,95.17241379310346,364.12221329289684,19.4512340718276,0.13624966451699383,1.8569818660814312,170.78025485075838,1.1117871787814588,0.1655457812774107,3.5096998393242584,2000.0,25.0,0.3333333333333333,1.3652123889719707,400.0,56.25,1.0,1.2090619551221675,aggregating
718,115.86206896551725,95.17241379310346,356.93856752833904,19.05214264046328,0.0,2.857628144888991,177.1657177525875,1.218807501515214,0.27239951203364343,5.539791322487313,2000.0,25.0,0.3333333333333333,1.3652123889719707,400.0,56.25,1.0,1.2090619551221675,aggregating
719,120.0,95.17241379310346,349.75492176378134,18.65305120909896,0.0,3.9595261008651503,183.5511806544166,1.3258278242489694,0.39016722064062664,5.280126632336826,2000.0,25.0,0.3333333333333333,1.3652123889719707,400.0,56.25,1.0,1.2090619551221675,aggregating
720,0.0,99.31034482758622,345.24475912370326,18.402486617983513,0.0,10.554721622459969,187.5602141122638,3.751002471403015,0.03819647018276909,1.4623524825394174,2000.0,25.0,0.5,1.3652123889719707,2500.0,35.59322033898305,0.8,1.0459431618637296,expanding
721,4.137931034482759,99.31034482758622,358.1127876845975,19.117377093588747,0.0,8.417889696540119,176.12196650258002,4.922147692070663,0.0902907638001163,2.3881875932647736,769.2307692307693,44.44444444444444,0.5,1.2549471261506067,769.2307692307693,44.44444444444444,0.5,1.2549471261506067,stable
722,8.275862068965518,99.31034482758622,370.9808162454917,19.832267569193984,0.0,6.539620463326913,164.68371889289625,6.09329291273831,0.13537634802701715,3.248576056160935,2000.0,25.0,0.5,1.3652123889719707,2500.0,35.59322033898305,0.8,1.0459431618637296,expanding
723,12.413793103448278,99.31034482758622,288.73870170231004,15.263261205683891,0.0,6.461389556150351,237.78782070905774,6.209160914557335,0.1328463762953879,2.290376718665018,2000.0,25.0,0.5,1.3652123889719707,2500.0,35.59322033898305,0.8,1.0459431618637296,expanding
724,16.551724137931036,99.31034482758622,199.18042230496863,10.287801239164924,0.0,4.027768873094818,317.3951801733612,6.243853745695699,0.1573659308967092,3.008060163246826,400.0,56.25,1.0,1.2090619551221675,10000.0,0.0,0.25,1.0,fragmenting
725,20.689655172413794,99.31034482758622,266.4933313576724,14.027407297648466,0.03767155754598239,2.6367559208557587,257.56148323762454,4.0726283714828435,0.2729151812278349,1.6290319744644508,400.0,56.25,1.0,1.2090619551221675,10000.0,0.0,0.25,1.0,fragmenting
726,24.827586206896555,99.31034482758622,372.7180543753091,19.928780798628285,0.2914434666164485,2.5616628208961845,163.13950722194744,0.0,0.27550940873724084,2.1977444813226104,400.0,56.25,1.0,1.2090619551221675,10000.0,0.0,0.25,1.0,fragmenting
727,28.965517241379313,99.31034482758622,365.19727489862254,19.51095971659014,1.5061805655601896,3.804386940830346,169.82464453455776,0.0,0.18718196997088532,6.199106821566048,400.0,56.25,1.0,1.2090619551221675,10000.0,0.0,0.25,1.0,fragmenting
728,33.10344827586207,99.31034482758622,326.654994741666,17.369721930092552,2.982999079923916,6.2201447091664335,204.08444911851916,0.12647689063569378,0.018372772680505967,4.22536788914826,400.0,56.25,1.0,1.2090619551221675,10000.0,0.0,0.25,1.0,fragmenting
729,37.24137931034483,99.31034482758622,363.9526284943857,19.441812694132537,3.20506424913561,6.186172753228124,170.93099689387938,0.0,0.05841904713534077,2.8511664942188295,2000.0,25.0,0.5,1.3652123889719707,2500.0,35.59322033898305,0.8,1.0459431618637296,expanding
730,41.37931034482759,99.31034482758622,418.45032931894144,22.469462739941193,2.948006084263753,4.412441219742618,122.48859616094094,0.0,0.16027409871924891,3.0253386052174704,769.2307692307693,44.44444444444444,0.5,1.2549471261506067,769.2307692307693,44.44444444444444,0.5,1.2549471261506067,stable
731,45.51724137931035,99.31034482758622,379.5115979606345,20.30619988670192,1.9817056778070419,3.440989508438559,157.1008018127693,0.0,0.17389273008516803,2.3296977224879365,769.2307692307693,44.44444444444444,0.5,1.2549471261506067,769.2307692307693,44.44444444444444,0.5,1.2549471261506067,stable
732,49.65517241379311,99.31034482758622,303.25918038077566,16.06995446559865,0.5960729104951281,0.35683219749278816,224.8807285504216,0.0,0.14411473601408925,2.415439150267453,2000.0,25.0,0.5,1.3652123889719707,2500.0,35.59322033898305,0.8,1.0459431618637296,expanding
733,53.793103448275865,99.31034482758622,156.8232224005159,7.934623466695328,0.39901454322522784,0.0,355.04602453287475,0.0,0.24227539154813263,0.08253872428814174,2000.0,25.0,0.5,1.3652123889719707,2500.0,35.59322033898305,0.8,1.0459431618637296,expanding
734,57.931034482758626,99.31034482758622,-42.25039088004401,0.0,1.0933869759868367,0.0,532.000347448928,0.0,0.6806492096995749,1.2745366900317867,769.2307692307693,44.44444444444444,0.5,1.2549471261506067,769.2307692307693,44.44444444444444,0.5,1.2549471261506067,stable
735,62.06896551724138,99.31034482758622,-150.9573545825932,0.0,1.3199167319243144,0.0,628.6287596289718,0.0,0.7422735570572399,1.405315952050866,400.0,56.25,1.0,1.2090619551221675,10000.0,0.0,0.25,1.0,fragmenting
736,66.20689655172414,99.31034482758622,-169.29766870713132,0.0,1.078603811037661,0.0,644.9312610730055,0.0,0.17531434653368183,2.038981255194652,769.2307692307693,44.44444444444444,0.5,1.2549471261506067,769.2307692307693,44.44444444444444,0.5,1.2549471261506067,stable
737,70.3448275862069,99.31034482758622,-56.07758300822688,0.0,0.6307644269318008,0.0,544.2911848962017,0.0,0.0,-0.3514029706614984,400.0,56.25,1.0,1.2090619551221675,10000.0,0.0,0.25,1.0,fragmenting
738,74.48275862068967,99.31034482758622,232.55636912193305,12.142020506774058,0.0,7.266073267438475,287.72767189161505,0.44860718517942477,0.13097785727613992,4.173117131040856,2000.0,25.0,0.3333333333333333,1.3652123889719707,400.0,56.25,1.0,1.2090619551221675,aggregating
739,78.62068965517241,99.31034482758622,464.8616595357589,25.04786997420883,0.0,3.130917883932061,81.23408041265874,2.104656508237734,0.20013486388890195,4.813635633783564,2000.0,25.0,0.3333333333333333,1.3652123889719707,400.0,56.25,1.0,1.2090619551221675,aggregating
740,82.75862068965517,99.31034482758622,586.9563874197316,30.0,0.23538250141431383,0.29145134197287903,0.0,0.0,0.16371758717920487,3.071986233704801,2000.0,25.0,0.3333333333333333,1.3652123889719707,400.0,56.25,1.0,1.2090619551221675,aggregating
741,86.89655172413794,99.31034482758622,656.6751773264583,30.0,0.9122191043796256,0.3212125272595201,0.0,0.0,0.1323444311901515,3.2415400466720885,2000.0,25.0,0.5,1.3652123889719707,2500.0,35.59322033898305,0.8,1.0459431618637296,expanding
742,91.0344827586207,99.31034482758622,606.4778365906359,30.0,1.2462220510607565,0.31755484941269496,0.0,0.0,0.2623206068639698,1.449070066084488,2000.0,25.0,0.3333333333333333,1.3652123889719707,400.0,56.25,1.0,1.2090619551221675,aggregating
743,95.17241379310346,99.31034482758622,550.9922326938209,29.832901816323385,1.4977551748569597,1.0375141098603575,4.673570938825833,0.0,0.26253197022417135,4.0885031935430565,769.2307692307693,44.44444444444444,0.5,1.2549471261506067,769.2307692307693,44.44444444444444,0.5,1.2549471261506067,stable
744,99.31034482758622,99.31034482758622,476.11633054003437,25.673129474446352,1.4468989480750964,2.3480728413214083,71.22992840885836,0.0,0.188338058018248,3.6078262077468413,400.0,56.25,1.0,1.2090619551221675,10000.0,0.0,0.25,1.0,fragmenting
745,103.44827586206897,99.31034482758622,399.62807751165803,21.423782083981,1.2556947879088989,2.266297355041015,139.21948665630399,0.0,0.22494269174539766,3.735087938022641,2000.0,25.0,0.5,1.3652123889719707,2500.0,35.59322033898305,0.8,1.0459431618637296,expanding
746,107.58620689655173,99.31034482758622,520.5789351105401,28.143274172807786,1.501711701252566,1.9107232536186909,31.70761323507545,0.4064772233689501,0.19247673671865495,3.1173296982833576,2000.0,25.0,0.5,1.3652123889719707,2500.0,35.59322033898305,0.8,1.0459431618637296,expanding
747,111.72413793103449,99.31034482758622,618.0428244766067,30.0,1.6458238802971972,1.2728667070901352,0.0,3.9369530911011554,0.14194509353866863,5.10602965205169,2000.0,25.0,0.3333333333333333,1.3652123889719707,400.0,56.25,1.0,1.2090619551221675,aggregating
748,115.86206896551725,99.31034482758622,410.1761268160867,22.00978482311593,0.4651745134544055,2.876326738432224,129.84344283014514,2.2380662345736346,0.2662035428674335,5.907992369687067,2000.0,25.0,0.3333333333333333,1.3652123889719707,400.0,56.25,1.0,1.2090619551221675,aggregating
749,120.0,99.31034482758622,202.30942915556668,10.461634953087037,0.0,5.9748243478865355,314.6138407506074,0.5391793780461138,0.49241022738999446,8.308659265867103,2000.0,25.0,0.5,1.3652123889719707,2500.0,35.59322033898305,0.8,1.0459431618637296,expanding
750,0.0,103.44827586206897,600.2255752860851,30.0,0.0,0.0,0.0,10.828825468292235,0.32074780693886507,5.352173469911513,2000.0,25.0,0.3333333333333333,1.3652123889719707,400.0,56.25,1.0,1.2090619551221675,aggregating
751,4.137931034482759,103.44827586206897,462.08316596326017,24.893509220181123,0.0,4.1824690189931815,83.70385247710206,11.842913690367036,0.17542683619123256,5.815009888331253,769.2307692307693,44.44444444444444,0.5,1.2549471261506067,769.2307692307693,44.44444444444444,0.5,1.2549471261506067,stable
752,8.275862068965518,103.44827586206897,323.9407566404353,17.21893092446863,0.0,8.548784699724775,206.49710520850192,12.857001912441834,0.18390805607804672,-0.30350725267170686,2000.0,25.0,0.3333333333333333,1.3652123889719707,400.0,56.25,1.0,1.2090619551221675,aggregating
753,12.413793103448278,103.44827586206897,218.55100999801812,11.363944999889895,0.0,8.174593179640471,300.1768800017617,9.116488900615032,0.2420087926049332,0.8277953716951232,2000.0,25.0,0.5,1.3652123889719707,2500.0,35.59322033898305,0.8,1.0459431618637296,expanding
754,16.551724137931036,103.44827586206897,115.68069894640144,5.648927719244524,0.0,4.718437371890836,391.6171564920876,5.01023733233426,0.3405107788219528,0.9710640569449381,2000.0,25.0,0.5,1.3652123889719707,2500.0,35.59322033898305,0.8,1.0459431618637296,expanding
755,20.689655172413794,103.44827586206897,271.8369605979897,14.324275588777201,0.0,1.3856350883607365,252.81159057956478,1.9685686984869137,0.38092321290695297,0.5059710864821534,769.2307692307693,44.44444444444444,0.5,1.2549471261506067,769.2307692307693,44.44444444444444,0.5,1.2549471261506067,stable
756,24.827586206896555,103.44827586206897,482.9452610633371,26.05251450351873,0.15359713587709867,1.8602086684720076,65.15976794370033,0.0,0.2175305101601786,1.9260802035894902,2000.0,25.0,0.5,1.3652123889719707,2500.0,35.59322033898305,0.8,1.0459431618637296,expanding
757,28.965517241379313,103.44827586206897,460.7188766470679,24.81771536928155,1.3801286036949132,2.041305875634249,84.91655409149521,0.0,0.2162323342717733,2.779202965914224,2000.0,25.0,0.5,1.3652123889719707,2500.0,35.59322033898305,0.8,1.0459431618637296,expanding
758,33.10344827586207,103.44827586206897,374.85575999035774,20.04754222168654,2.879953060029989,3.792444519713115,161.23932445301534,1.6850906786432112,0.14579545440400188,1.5814319699467414,2000.0,25.0,0.5,1.3652123889719707,2500.0,35.59322033898305,0.8,1.0459431618637296,expanding
759,37.24137931034483,103.44827586206897,462.97139586435213,24.94285532579734,2.9588445164569492,2.6679289808403683,82.91431478724256,0.0,0.1779165497015596,3.9197144418117924,769.2307692307693,44.44444444444444,0.5,1.2549471261506067,769.2307692307693,44.44444444444444,0.5,1.2549471261506067,stable
760,41.37931034482759,103.44827586206897,608.6555644685488,30.0,2.4989224487621966,0.5606665804458564,0.0,0.0,0.23721459477802612,3.9406511079226187,769.2307692307693,44.44444444444444,0.5,1.2549471261506067,769.2307692307693,44.44444444444444,0.5,1.2549471261506067,stable
761,45.51724137931035,103.44827586206897,523.8350333231177,28.324168517950987,1.5210688613125884,2.153454256690834,28.813303712784233,0.0,0.20950739044230823,4.514361557595898,2000.0,25.0,0.5,1.3652123889719707,2500.0,35.59322033898305,0.8,1.0459431618637296,expanding
762,49.65517241379311,103.44827586206897,324.3151892968712,17.23973273871507,0.2226314563974709,0.0,206.16427618055891,0.0,0.06164480984456033,1.3467291358328275,769.2307692307693,44.44444444444444,0.5,1.2549471261506067,769.2307692307693,44.44444444444444,0.5,1.2549471261506067,stable
763,53.793103448275865,103.44827586206897,107.18408673476588,5.176893707486994,0.25155868497468037,0.0,399.1697006802081,0.0,0.10265699786684755,1.149252614120161,2000.0,25.0,0.3333333333333333,1.3652123889719707,400.0,56.25,1.0,1.2090619551221675,aggregating
764,57.931034482758626,103.44827586206897,-123.1554597292328,0.0,1.2760093886711334,9.206169313658872,603.9159642037624,0.0,0.8157795399068803,5.5015377219178285,400.0,56.25,1.0,1.2090619551221675,10000.0,0.0,0.25,1.0,fragmenting
765,62.06896551724138,103.44827586206897,-223.71465334232914,0.0,1.405842156423367,24.924178086637774,693.3019140820703,0.0,1.0,11.199712098354382,2000.0,25.0,0.5,1.3652123889719707,2500.0,35.59322033898305,0.8,1.0459431618637296,expanding
766,66.20689655172414,103.44827586206897,-194.493494104523,0.0,0.6410569882313826,29.611136946880674,667.3275503151316,0.0,0.5585466597227626,9.117953642184851,400.0,56.25,1.0,1.2090619551221675,10000.0,0.0,0.25,1.0,fragmenting
767,70.3448275862069,103.44827586206897,1.1112557491439716,0.0,0.17120605671877548,23.995466792100736,493.45666155631653,0.0,0.24185702637134776,5.754584886755134,769.2307692307693,44.44444444444444,0.5,1.2549471261506067,769.2307692307693,44.44444444444444,0.5,1.2549471261506067,stable
768,74.48275862068967,103.44827586206897,418.56079309062363,22.475599616145757,0.09460077411200363,5.53615963072507,122.3904061416679,1.0747188861841452,0.20356849032856036,4.193761561163339,769.2307692307693,44.44444444444444,0.5,1.2549471261506067,769.2307692307693,44.44444444444444,0.5,1.2549471261506067,stable
769,78.62068965517241,103.44827586206897,712.7159215305599,30.0,0.05743015986916955,0.0,0.0,6.180651923091831,0.18695446368107133,0.5955031290518273,2000.0,25.0,0.3333333333333333,1.3652123889719707,400.0,56.25,1.0,1.2090619551221675,aggregating
770,82.75862068965517,103.44827586206897,771.6447139704434,30.0,0.3781746216093625,0.0,0.0,4.865419921068627,0.14412715080082864,3.1322529721956944,2000.0,25.0,0.3333333333333333,1.3652123889719707,400.0,56.25,1.0,1.2090619551221675,aggregating
771,86.89655172413794,103.44827586206897,741.0613554188135,30.0,0.8756961295750492,2.553538833764912,0.0,1.916925273531994,0.16012505922801445,6.037680848459524,400.0,56.25,1.0,1.2090619551221675,10000.0,0.0,0.25,1.0,fragmenting
772,91.0344827586207,103.44827586206897,503.31811935999605,27.184339964444224,1.4564944119445418,1.9169658965944454,47.05056056889241,0.0,0.20121239971297147,3.5202459932824404,769.2307692307693,44.44444444444444,0.5,1.2549471261506067,769.2307692307693,44.44444444444444,0.5,1.2549471261506067,stable
773,95.17241379310346,103.44827586206897,314.8412736805188,16.713404093362154,1.822616024034838,10.636791432932986,214.58553450620553,0.0,0.07566364056468487,10.359667964008693,2000.0,25.0,0.3333333333333333,1.3652123889719707,400.0,56.25,1.0,1.2090619551221675,aggregating
774,99.31034482758622,103.44827586206897,307.00785939195384,16.278214410664102,1.401589845101417,11.141441933980296,221.54856942937437,1.411143868731493,0.1703137101573099,8.900614261160184,2000.0,25.0,0.5,1.3652123889719707,2500.0,35.59322033898305,0.8,1.0459431618637296,expanding
775,103.44827586206897,103.44827586206897,321.00683788741,17.055935438189444,1.0067590457181983,8.731499794010979,209.1050329889689,8.574820143791538,0.2755418393809905,8.330556747538184,2000.0,25.0,0.5,1.3652123889719707,2500.0,35.59322033898305,0.8,1.0459431618637296,expanding
776,107.58620689655173,103.44827586206897,570.6869031705174,30.0,1.8999560047663016,0.3176880437364653,0.0,7.318459076300726,0.14686564256235798,0.31576172591811935,769.2307692307693,44.44444444444444,0.5,1.2549471261506067,769.2307692307693,44.44444444444444,0.5,1.2549471261506067,stable
777,111.72413793103449,103.44827586206897,778.631377525461,30.0,2.6181358700940263,0.0,0.0,5.941173358440681,0.0,0.10758482085793641,400.0,56.25,1.0,1.2090619551221675,10000.0,0.0,0.25,1.0,fragmenting
778,115.86206896551725,103.44827586206897,444.01316981429926,23.88962054523885,1.061093517056921,2.7615287677312943,99.76607127617845,2.9918671857805803,0.25184926757388165,5.070981530605209,769.2307692307693,44.44444444444444,0.5,1.2549471261506067,769.2307692307693,44.44444444444444,0.5,1.2549471261506067,stable
779,120.0,103.44827586206897,109.39496210313763,5.299720116840978,0.0,8.269687603000957,397.2044781305443,0.042561013120479135,0.5137286362339294,8.911417167150129,400.0,56.25,1.0,1.2090619551221675,10000.0,0.0,0.25,1.0,fragmenting
780,0.0,107.58620689655173,315.05310976547577,16.725172764748656,0.0,13.248657205446966,214.39723576402153,1.1479926737169825,0.0,-0.35711387636464687,2000.0,25.0,0.3333333333333333,1.3652123889719707,400.0,56.25,1.0,1.2090619551221675,aggregating
781,4.137931034482759,107.58620689655173,353.8842404196906,18.882457801093924,0.2696357886000217,9.397325493180517,179.88067518249719,1.157209549019749,0.053688443561525995,2.0586299341672456,2000.0,25.0,0.3333333333333333,1.3652123889719707,400.0,56.25,1.0,1.2090619551221675,aggregating
782,8.275862068965518,107.58620689655173,392.7153710739055,21.039742837439196,1.6782752256055067,6.337724840253897,145.3641146009729,1.1664264243225184,0.16326507935553694,2.6687972670265405,2000.0,25.0,0.3333333333333333,1.3652123889719707,400.0,56.25,1.0,1.2090619551221675,aggregating
783,12.413793103448278,107.58620689655173,270.33352866950634,14.24075159275035,1.1388920441337564,9.150050322127015,254.14797451599443,0.0,0.21256962390899267,2.319464987506365,400.0,56.25,1.0,1.2090619551221675,10000.0,0.0,0.25,1.0,fragmenting
784,16.551724137931036,107.58620689655173,135.55068833752142,6.752816018751191,0.4496609689329885,9.982005061179068,373.95494369998096,0.0,0.35734286558847383,1.6087942421062007,769.2307692307693,44.44444444444444,0.5,1.2549471261506067,769.2307692307693,44.44444444444444,0.5,1.2549471261506067,stable
785,20.689655172413794,107.58620689655173,216.97816649148294,11.276564805082385,0.8584034836688186,5.964404932159855,301.5749631186818,0.0,0.2835049546993529,1.8920312613399335,769.2307692307693,44.44444444444444,0.5,1.2549471261506067,769.2307692307693,44.44444444444444,0.5,1.2549471261506067,stable
786,24.827586206896555,107.58620689655173,344.788369185376,18.377131621409777,1.442676203174723,3.4048841179318825,187.96589405744356,0.05023830581113736,0.17436837231129976,2.3737194933551367,2000.0,25.0,0.3333333333333333,1.3652123889719707,400.0,56.25,1.0,1.2090619551221675,aggregating
787,28.965517241379313,107.58620689655173,328.4056985123315,17.466983250685082,1.750262822736821,1.924367498820963,202.52826798903865,0.0,0.113442632947287,2.4928820186121694,2000.0,25.0,0.5,1.3652123889719707,2500.0,35.59322033898305,0.8,1.0459431618637296,expanding
788,33.10344827586207,107.58620689655173,272.69769873921314,14.372094374400731,1.9823895968597,0.0,252.04649000958827,0.0,0.0157149307737324,1.5715074611857027,769.2307692307693,44.44444444444444,0.5,1.2549471261506067,769.2307692307693,44.44444444444444,0.5,1.2549471261506067,stable
789,37.24137931034483,107.58620689655173,335.60322090647253,17.866845605915138,2.025550679016237,1.441123435646701,196.13047030535776,0.0,0.0969928466424356,3.3832313636279543,769.2307692307693,44.44444444444444,0.5,1.2549471261506067,769.2307692307693,44.44444444444444,0.5,1.2549471261506067,stable
790,41.37931034482759,107.58620689655173,435.23332509437915,23.401851394132176,2.041358659973606,2.5476552118280384,107.57037769388518,0.0,0.19175833977708873,3.002336037441313,2000.0,25.0,0.5,1.3652123889719707,2500.0,35.59322033898305,0.8,1.0459431618637296,expanding
791,45.51724137931035,107.58620689655173,441.07490119490257,23.72638339971681,1.6015171580142509,1.8799373543219449,102.37786560453105,0.0,0.19988520247174854,2.602882499957362,769.2307692307693,44.44444444444444,0.5,1.2549471261506067,769.2307692307693,44.44444444444444,0.5,1.2549471261506067,stable
792,49.65517241379311,107.58620689655173,406.7237691974391,21.817987177635505,0.8549446371151947,0.016623512111990868,132.91220515783192,0.0,0.17979560497713964,1.7231135688156054,769.2307692307693,44.44444444444444,0.5,1.2549471261506067,769.2307692307693,44.44444444444444,0.5,1.2549471261506067,stable
793,53.793103448275865,107.58620689655173,262.97924385616085,13.832180214231158,0.8608338594130257,0.0,260.68511657230147,0.0,0.2236947783444874,1.45437254167931,400.0,56.25,1.0,1.2090619551221675,10000.0,0.0,0.25,1.0,fragmenting
794,57.931034482758626,107.58620689655173,37.18967350702196,1.2883151948345533,1.4310693891085213,0.0,461.38695688264715,0.0,0.5771786840633932,0.46976308603994177,2000.0,25.0,0.5,1.3652123889719707,2500.0,35.59322033898305,0.8,1.0459431618637296,expanding
795,62.06896551724138,107.58620689655173,-36.206856481824374,0.0,1.3448903179162606,1.8498784932504524,526.6283168727327,0.0,0.8045756700428535,4.323967510556054,400.0,56.25,1.0,1.2090619551221675,10000.0,0.0,0.25,1.0,fragmenting
796,66.20689655172414,107.58620689655173,42.78965388962157,1.5994252160900873,0.6022966458362456,16.232148215084663,456.4091965425586,0.0,0.6743826678982525,8.257475614705065,400.0,56.25,1.0,1.2090619551221675,10000.0,0.0,0.25,1.0,fragmenting
797,70.3448275862069,107.58620689655173,98.91986348266593,4.71777019348144,0.2968583834182082,22.298937774280418,406.515676904297,0.0,0.5407502619650641,9.431835256025789,769.2307692307693,44.44444444444444,0.5,1.2549471261506067,769.2307692307693,44.44444444444444,0.5,1.2549471261506067,stable
798,74.48275862068967,107.58620689655173,124.56167203784166,6.142315113213425,0.5742940005494718,22.34580269006856,383.7229581885852,8.228848804532133,0.3993183495505943,9.898745633980583,2000.0,25.0,0.3333333333333333,1.3652123889719707,400.0,56.25,1.0,1.2090619551221675,aggregating
799,78.62068965517241,107.58620689655173,214.9195717263509,11.162198429241718,0.5337826521997637,17.10013345159751,303.4048251321325,11.782498190088546,0.30010391648717344,6.207787914557632,2000.0,25.0,0.3333333333333333,1.3652123889719707,400.0,56.25,1.0,1.2090619551221675,aggregating
800,82.75862068965517,107.58620689655173,404.39524438507846,21.688624688059914,0.18577403378768154,5.759065522427903,134.98200499104138,1.4528722624985326,0.2422142207615934,5.778807324572464,2000.0,25.0,0.3333333333333333,1.3652123889719707,400.0,56.25,1.0,1.2090619551221675,aggregating
801,86.89655172413794,107.58620689655173,486.1812604138355,26.23229224521308,0.2890030932688206,2.4096470990850056,62.283324076590674,0.0,0.207633896416348,4.414370931689141,769.2307692307693,44.44444444444444,0.5,1.2549471261506067,769.2307692307693,44.44444444444444,0.5,1.2549471261506067,stable
802,91.0344827586207,107.58620689655173,320.45712370489514,17.02539576138306,1.1893172627287911,8.21669735402578,209.59366781787102,0.0,0.323777183833357,6.981038162921692,769.2307692307693,44.44444444444444,0.5,1.2549471261506067,769.2307692307693,44.44444444444444,0.5,1.2549471261506067,stable
803,95.17241379310346,107.58620689655173,185.09594992173737,9.505330551207631,1.8972282026086873,14.810377508566964,329.9147111806779,3.043973178552164,0.4281148513878983,8.050916871570315,769.2307692307693,44.44444444444444,0.5,1.2549471261506067,769.2307692307693,44.44444444444444,0.5,1.2549471261506067,stable
804,99.31034482758622,107.58620689655173,161.06564019978202,8.170313344432333,1.8996606340283173,19.175310070973346,351.27498648908266,3.880545974219164,0.33064836492889715,7.999975496001145,2000.0,25.0,0.3333333333333333,1.3652123889719707,400.0,56.25,1.0,1.2090619551221675,aggregating
805,103.44827586206897,107.58620689655173,166.8610601991669,8.492281122175939,1.7933889847862359,18.083636538444775,346.123502045185,4.327942344742166,0.2636723209807808,9.970888776478398,400.0,56.25,1.0,1.2090619551221675,10000.0,0.0,0.25,1.0,fragmenting
806,107.58620689655173,107.58620689655173,333.9052685145176,17.772514917473202,1.9258517268398887,6.33930718340149,197.63976132042876,4.2220566178601615,0.24711452050234906,5.905202178003926,2000.0,25.0,0.3333333333333333,1.3652123889719707,400.0,56.25,1.0,1.2090619551221675,aggregating
807,111.72413793103449,107.58620689655173,481.92936180917576,25.99607565606532,1.975831308855229,2.0978726114151263,66.0627895029549,3.95495629250885,0.20697705403236138,4.363026754363582,2000.0,25.0,0.3333333333333333,1.3652123889719707,400.0,56.25,1.0,1.2090619551221675,aggregating
808,115.86206896551725,107.58620689655173,382.69195983484366,20.482886657491314,0.9535298103725347,2.40836714903958,154.27381348013895,1.5920661870565673,0.27241648034798516,3.762206033431657,400.0,56.25,1.0,1.2090619551221675,10000.0,0.0,0.25,1.0,fragmenting
809,120.0,107.58620689655173,283.4545578605116,14.969697658917312,0.0,2.3348208099553833,242.484837457323,0.0,0.3837472622639918,3.5478415580170126,2000.0,25.0,0.3333333333333333,1.3652123889719707,400.0,56.25,1.0,1.2090619551221675,aggregating
810,0.0,111.72413793103449,70.76633861837611,3.153685478798673,0.3583935466362197,20.494540973525424,431.54103233922126,0.0,0.0,1.8878211439573294,769.2307692307693,44.44444444444444,0.5,1.2549471261506067,769.2307692307693,44.44444444444444,0.5,1.2549471261506067,stable
811,4.137931034482759,111.72413793103449,255.05504550020297,13.391946972233498,2.229000428204852,12.547596582675332,267.72884844426403,0.0,0.0,2.385562457889087,400.0,56.25,1.0,1.2090619551221675,10000.0,0.0,0.25,1.0,fragmenting
812,8.275862068965518,111.72413793103449,439.34375238202966,23.630208465668314,4.099607309773484,4.61033123503864,103.91666454930694,0.0,0.16437135314605694,3.6598210867973484,2000.0,25.0,0.5,1.3652123889719707,2500.0,35.59322033898305,0.8,1.0459431618637296,expanding
813,12.413793103448278,111.72413793103449,310.5237756312615,16.47354309062564,2.766023327491628,9.424427763553304,218.42331054998976,0.0,0.18831538622356664,5.646212361280403,769.2307692307693,44.44444444444444,0.5,1.2549471261506067,769.2307692307693,44.44444444444444,0.5,1.2549471261506067,stable
814,16.551724137931036,111.72413793103449,157.61851552413975,7.978806418007765,1.1859631249135805,13.996663469791548,354.3390973118758,0.0,0.3536527657417535,3.2985449364522585,2000.0,25.0,0.5,1.3652123889719707,2500.0,35.59322033898305,0.8,1.0459431618637296,expanding
815,20.689655172413794,111.72413793103449,167.22963741076862,8.51275763393159,1.680884780396438,11.4311947612498,345.7958778570946,0.0,0.1516978691417893,3.631594363802738,400.0,56.25,1.0,1.2090619551221675,10000.0,0.0,0.25,1.0,fragmenting
816,24.827586206896555,111.72413793103449,212.8412225176784,11.046734584315466,2.4985248676004774,8.67274483003883,305.25224665095254,1.8364030436803402,0.0,1.7809864047042911,2000.0,25.0,0.5,1.3652123889719707,2500.0,35.59322033898305,0.8,1.0459431618637296,expanding
817,28.965517241379313,111.72413793103449,201.74765857447673,10.430425476359819,1.9868809477922593,1.2743413541731035,315.1131923782429,0.0,0.0,0.07376900227597982,2000.0,25.0,0.5,1.3652123889719707,2500.0,35.59322033898305,0.8,1.0459431618637296,expanding
818,33.10344827586207,111.72413793103449,175.18905398124468,8.954947443402483,1.1127050260716085,0.0,338.7208409055603,0.0,0.0,2.385407883456746,769.2307692307693,44.44444444444444,0.5,1.2549471261506067,769.2307692307693,44.44444444444444,0.5,1.2549471261506067,stable
819,37.24137931034483,111.72413793103449,217.64202458401405,11.313445810223003,1.1039284865279764,0.0,300.984867036432,0.0,0.020398428983420952,-0.548465702823257,769.2307692307693,44.44444444444444,0.5,1.2549471261506067,769.2307692307693,44.44444444444444,0.5,1.2549471261506067,stable
820,41.37931034482759,111.72413793103449,278.28094003625597,14.682274446458663,1.5082183751883573,2.851211049215949,247.08360885666139,0.0,0.2113642028890497,1.6619184840779675,769.2307692307693,44.44444444444444,0.5,1.2549471261506067,769.2307692307693,44.44444444444444,0.5,1.2549471261506067,stable
821,45.51724137931035,111.72413793103449,364.7904283698628,19.488357131659043,1.5704178533546702,2.351407339537595,170.1862858934553,0.0,0.24680380716126346,2.9269046631673947,2000.0,25.0,0.3333333333333333,1.3652123889719707,400.0,56.25,1.0,1.2090619551221675,aggregating
822,49.65517241379311,111.72413793103449,476.1376630030361,25.674314611279783,1.3682263530984946,1.7188310177615262,71.21096621952346,0.0,0.20760200063101883,3.2474294990443564,400.0,56.25,1.0,1.2090619551221675,10000.0,0.0,0.25,1.0,fragmenting
823,53.793103448275865,111.72413793103449,403.1300611117025,21.618336728427916,1.4111223408998763,0.0,136.1066123451533,0.0,0.24144771294563241,0.061069494855275464,769.2307692307693,44.44444444444444,0.5,1.2549471261506067,769.2307692307693,44.44444444444444,0.5,1.2549471261506067,stable
824,57.931034482758626,111.72413793103449,191.85633182698945,9.880907323721637,1.6378339447444263,0.0,323.9054828204538,0.0,0.3971553732902996,0.45390245640565896,2000.0,25.0,0.5,1.3652123889719707,2500.0,35.59322033898305,0.8,1.0459431618637296,expanding
825,62.06896551724138,111.72413793103449,143.85863890234253,7.214368827907919,1.3909217511601601,0.0,366.5700987534733,0.0,0.5513142415194271,2.3327289648191964,769.2307692307693,44.44444444444444,0.5,1.2549471261506067,769.2307692307693,44.44444444444444,0.5,1.2549471261506067,stable
826,66.20689655172414,111.72413793103449,259.1369823377616,13.618721240986755,0.6703857601470797,7.522258942418267,264.10046014421187,0.0,0.553528784117146,4.527232093279991,769.2307692307693,44.44444444444444,0.5,1.2549471261506067,769.2307692307693,44.44444444444444,0.5,1.2549471261506067,stable
827,70.3448275862069,111.72413793103449,184.6695359574116,9.481640886522866,0.4870725679842115,19.42722804213177,330.2937458156341,1.7699495403011904,0.6755608154476099,5.91350899877119,2000.0,25.0,0.3333333333333333,1.3652123889719707,400.0,56.25,1.0,1.2090619551221675,aggregating
828,74.48275862068967,111.72413793103449,-142.79229684396188,0.0,1.0200564409549555,42.38330460240449,621.370930527966,14.694695371498202,0.8174632387549556,10.814436784249105,2000.0,25.0,0.3333333333333333,1.3652123889719707,400.0,56.25,1.0,1.2090619551221675,aggregating
829,78.62068965517241,111.72413793103449,-237.42740524727463,0.0,0.9331248010442612,52.18295739558212,705.4910268864663,16.80870718237491,0.6480856811007019,11.311324085325522,2000.0,25.0,0.3333333333333333,1.3652123889719707,400.0,56.25,1.0,1.2090619551221675,aggregating
830,82.75862068965517,111.72413793103449,65.57960810363181,2.865533783535101,0.0,30.482503750592112,436.1514594634384,0.0,0.4701619356781024,8.925606498753778,2000.0,25.0,0.5,1.3652123889719707,2500.0,35.59322033898305,0.8,1.0459431618637296,expanding
831,86.89655172413794,111.72413793103449,247.79500586310007,12.988611436838893,0.0,16.665109008777055,274.18221701057774,0.0,0.4151516633326898,6.518369756658703,2000.0,25.0,0.3333333333333333,1.3652123889719707,400.0,56.25,1.0,1.2090619551221675,aggregating
832,91.0344827586207,111.72413793103449,154.83884234683399,7.824380130379665,0.810749134783019,16.773577208480873,356.8099179139254,2.799445294472764,0.7541178285183234,8.010418730301616,769.2307692307693,44.44444444444444,0.5,1.2549471261506067,769.2307692307693,44.44444444444444,0.5,1.2549471261506067,stable
833,95.17241379310346,111.72413793103449,73.68951040776687,3.316083911542604,1.7834393615667081,16.70512399079464,428.94265741531837,12.218998660948717,1.0,9.029138262778925,769.2307692307693,44.44444444444444,0.5,1.2549471261506067,769.2307692307693,44.44444444444444,0.5,1.2549471261506067,stable
834,99.31034482758622,111.72413793103449,35.83189425176234,1.2128830139867968,2.225022681762619,26.132240305114316,462.59387177621124,5.649948827194791,0.6136454464385142,12.32783043367459,400.0,56.25,1.0,1.2090619551221675,10000.0,0.0,0.25,1.0,fragmenting
835,103.44827586206897,111.72413793103449,35.38619010462803,1.1881216724793346,2.4416405667038634,27.880830989804597,462.99005324033067,0.0,0.21431899697123719,10.32418378039237,2000.0,25.0,0.3333333333333333,1.3652123889719707,400.0,56.25,1.0,1.2090619551221675,aggregating
836,107.58620689655173,111.72413793103449,119.31404790303702,5.850780439057612,1.9595281095190156,12.294921166538508,388.3875129750782,0.985069199637681,0.1589862053683142,9.059721728811642,400.0,56.25,1.0,1.2090619551221675,10000.0,0.0,0.25,1.0,fragmenting
837,111.72413793103449,111.72413793103449,206.0993677422627,10.672187096792372,1.4718362179889983,1.9916272679796025,311.24500645132207,1.8251989736281835,0.14171987418606738,5.052130595585021,400.0,56.25,1.0,1.2090619551221675,10000.0,0.0,0.25,1.0,fragmenting
838,115.86206896551725,111.72413793103449,330.03169411210735,17.557316339561517,0.911611679971769,0.9055762271386261,201.0829385670157,0.0,0.25694868839907126,0.00890613705975829,2000.0,25.0,0.3333333333333333,1.3652123889719707,400.0,56.25,1.0,1.2090619551221675,aggregating
839,120.0,111.72413793103449,453.964020481952,24.442445582330667,0.35138714195453974,1.4084613069550682,90.92087068270934,0.0,0.2399780241554294,4.902231576120997,400.0,56.25,1.0,1.2090619551221675,10000.0,0.0,0.25,1.0,fragmenting
840,0.0,115.86206896551725,357.99359432687595,19.110755240381998,0.7493937543542669,4.432881506361184,176.22791615388803,0.0,0.00493614578419041,0.42658169181101924,2000.0,25.0,0.5,1.3652123889719707,2500.0,35.59322033898305,0.8,1.0459431618637296,expanding
841,4.137931034482759,115.86206896551725,278.03234869377116,14.66846381632062,1.4486266986373275,8.053806106663801,247.3045789388701,0.0,0.0,2.3834351514281806,769.2307692307693,44.44444444444444,0.5,1.2549471261506067,769.2307692307693,44.44444444444444,0.5,1.2549471261506067,stable
842,8.275862068965518,115.86206896551725,198.07110306066633,10.22617239225924,2.147859642920388,13.296532756776585,318.38124172385216,0.0,0.0,2.62551537286964,769.2307692307693,44.44444444444444,0.5,1.2549471261506067,769.2307692307693,44.44444444444444,0.5,1.2549471261506067,stable
843,12.413793103448278,115.86206896551725,200.01449036649268,10.334138353694037,1.9253881635173644,11.716015228926306,316.6537863408954,0.0,0.0612986907972157,3.845191610509672,769.2307692307693,44.44444444444444,0.5,1.2549471261506067,769.2307692307693,44.44444444444444,0.5,1.2549471261506067,stable
844,16.551724137931036,115.86206896551725,208.2582340522368,10.792124114013156,1.6320163438307964,9.642260447219403,309.3260141757895,0.26622962043877596,0.1497978605413397,3.3478521388653615,769.2307692307693,44.44444444444444,0.5,1.2549471261506067,769.2307692307693,44.44444444444444,0.5,1.2549471261506067,stable
845,20.689655172413794,115.86206896551725,183.91455366535087,9.439697425852826,1.1151971176486748,5.766772225594816,330.96484118635476,0.0,0.2521109559162892,-0.38576280258950923,2000.0,25.0,0.5,1.3652123889719707,2500.0,35.59322033898305,0.8,1.0459431618637296,expanding
846,24.827586206896555,115.86206896551725,161.62076358339783,8.201153532410991,0.5223782946920481,1.1921790761615398,350.78154348142414,0.0,0.28494655451600204,0.4454397107511794,2000.0,25.0,0.3333333333333333,1.3652123889719707,400.0,56.25,1.0,1.2090619551221675,aggregating
847,28.965517241379313,115.86206896551725,148.6064151960747,7.478134177559705,0.48778985102364003,0.0,362.3498531590447,0.0,0.2028956538674233,0.6593443594981816,2000.0,25.0,0.3333333333333333,1.3652123889719707,400.0,56.25,1.0,1.2090619551221675,aggregating
848,33.10344827586207,115.86206896551725,138.12282363455972,6.895712424142207,0.6054460562520189,0.0,371.6686012137247,0.0,0.08265083653921254,0.20522117293244285,2000.0,25.0,0.3333333333333333,1.3652123889719707,400.0,56.25,1.0,1.2090619551221675,aggregating
849,37.24137931034483,115.86206896551725,221.97155052202191,11.553975029001217,0.33403767842153065,0.0,297.13639953598056,0.0,0.09527918943880492,1.0710790232562604,769.2307692307693,44.44444444444444,0.5,1.2549471261506067,769.2307692307693,44.44444444444444,0.5,1.2549471261506067,stable
850,41.37931034482759,115.86206896551725,335.4366610867226,17.8575922825957,0.0,2.244843962223655,196.2785234784688,0.0,0.1592062093488565,3.5723140675304066,2000.0,25.0,0.3333333333333333,1.3652123889719707,400.0,56.25,1.0,1.2090619551221675,aggregating
851,45.51724137931035,115.86206896551725,372.68952648609957,19.92719591589442,0.08919973099896028,3.311571852211293,163.1648653456893,0.0,0.20757296987877705,4.127454546002561,2000.0,25.0,0.5,1.3652123889719707,2500.0,35.59322033898305,0.8,1.0459431618637296,expanding
852,49.65517241379311,115.86206896551725,376.6206375740209,20.145590976334496,0.33409902753433934,4.203981452885541,159.67054437864806,0.0,0.24803527030049055,3.636192214890469,769.2307692307693,44.44444444444444,0.5,1.2549471261506067,769.2307692307693,44.44444444444444,0.5,1.2549471261506067,stable
853,53.793103448275865,115.86206896551725,339.9044601111671,18.105803339509283,1.1945838140173304,3.9565344307355756,192.30714656785148,0.0,0.2796267876656479,1.5941357079757976,2000.0,25.0,0.5,1.3652123889719707,2500.0,35.59322033898305,0.8,1.0459431618637296,expanding
854,57.931034482758626,115.86206896551725,272.70281623523215,14.372378679735121,2.5167577179610277,1.2444297818871188,252.0419411242381,0.0,0.29979647082989785,2.0544821251834957,2000.0,25.0,0.5,1.3652123889719707,2500.0,35.59322033898305,0.8,1.0459431618637296,expanding
855,62.06896551724138,115.86206896551725,227.17421509412978,11.843011949673878,2.8277357171670796,1.826559388814828,292.5118088052179,0.0,0.339469476172214,3.6379564349076206,2000.0,25.0,0.5,1.3652123889719707,2500.0,35.59322033898305,0.8,1.0459431618637296,expanding
856,66.20689655172414,115.86206896551725,203.3186566878604,10.517703149325579,2.1275178116354887,8.018578196249615,313.71674961079077,0.0,0.41177382350112746,4.364186227118788,400.0,56.25,1.0,1.2090619551221675,10000.0,0.0,0.25,1.0,fragmenting
857,70.3448275862069,115.86206896551725,113.6530500680748,5.536280559337489,1.5165909048156039,15.779440180782768,393.41951105060014,2.417237637362305,0.4990429561286172,7.917777903416254,2000.0,25.0,0.3333333333333333,1.3652123889719707,400.0,56.25,1.0,1.2090619551221675,aggregating
858,74.48275862068967,115.86206896551725,-63.759287503064556,0.0,1.0247186629446612,26.611313015661697,551.1193666693907,12.212858370499797,0.5632834673626442,9.471506122113308,2000.0,25.0,0.3333333333333333,1.3652123889719707,400.0,56.25,1.0,1.2090619551221675,aggregating
859,78.62068965517241,115.86206896551725,-98.93253542335171,0.0,0.3313324845695401,31.495339506572037,582.3844759318682,14.351631603426997,0.458092377861838,9.102837538922746,769.2307692307693,44.44444444444444,0.5,1.2549471261506067,769.2307692307693,44.44444444444444,0.5,1.2549471261506067,stable
860,82.75862068965517,115.86206896551725,96.40380477309913,4.577989154061063,0.0,21.074377246410105,408.752173535023,1.5512669453272108,0.23245359899089962,4.8127623993158615,400.0,56.25,1.0,1.2090619551221675,10000.0,0.0,0.25,1.0,fragmenting
861,86.89655172413794,115.86206896551725,223.82867721750168,11.657148734305649,0.0,13.589731669027886,295.4856202511096,0.0,0.20855868623961846,6.220469746531613,2000.0,25.0,0.3333333333333333,1.3652123889719707,400.0,56.25,1.0,1.2090619551221675,aggregating
862,91.0344827586207,115.86206896551725,213.37584685027792,11.07643593612655,0.0,11.306271777105943,304.7770250219752,0.25584856207768636,0.4054931641168582,9.928535261524274,769.2307692307693,44.44444444444444,0.5,1.2549471261506067,769.2307692307693,44.44444444444444,0.5,1.2549471261506067,stable
863,95.17241379310346,115.86206896551725,200.68856607632725,10.371587004240402,0.0,9.611914094528817,316.05460793215354,4.071535019495285,0.5602774043251999,6.747435576075946,2000.0,25.0,0.3333333333333333,1.3652123889719707,400.0,56.25,1.0,1.2090619551221675,aggregating
864,99.31034482758622,115.86206896551725,179.8083004777108,9.21157224876171,0.30517109399321085,10.777874237371204,334.6148440198126,0.0,0.5073848650938506,5.817662219158395,2000.0,25.0,0.5,1.3652123889719707,2500.0,35.59322033898305,0.8,1.0459431618637296,expanding
865,103.44827586206897,115.86206896551725,198.63311872823033,10.257395484901684,1.2909735056662512,8.30557618900217,317.881672241573,0.0,0.4375699250631912,9.31268593234173,2000.0,25.0,0.5,1.3652123889719707,2500.0,35.59322033898305,0.8,1.0459431618637296,expanding
866,107.58620689655173,115.86206896551725,193.19820987028595,9.955456103904774,2.094353080070162,4.960991516935181,322.71270233752364,0.0,0.352491382895751,6.705787172358365,769.2307692307693,44.44444444444444,0.5,1.2549471261506067,769.2307692307693,44.44444444444444,0.5,1.2549471261506067,stable
867,111.72413793103449,115.86206896551725,201.6056551171631,10.42253639539795,2.7658642419660726,1.499254181477744,315.2394176736328,0.0,0.27100654874887165,5.324127344562466,2000.0,25.0,0.5,1.3652123889719707,2500.0,35.59322033898305,0.8,1.0459431618637296,expanding
868,115.86206896551725,115.86206896551725,389.9637037267133,20.886872429261846,1.7230860412580549,0.48690491375108724,147.81004113181044,0.0,0.24373690889137312,2.2198716660020597,769.2307692307693,44.44444444444444,0.5,1.2549471261506067,769.2307692307693,44.44444444444444,0.5,1.2549471261506067,stable
869,120.0,115.86206896551725,578.3217523362634,30.0,0.6803078405500373,4.022550441183057,0.0,0.0,0.15637540233324726,6.957508168317615,769.2307692307693,44.44444444444444,0.5,1.2549471261506067,769.2307692307693,44.44444444444444,0.5,1.2549471261506067,stable
870,0.0,120.0,645.2208500353757,30.0,1.1403939620723142,3.281277592611403,0.0,3.44407329123994,0.3032973262964597,6.165585504345041,769.2307692307693,44.44444444444444,0.5,1.2549471261506067,769.2307692307693,44.44444444444444,0.5,1.2549471261506067,stable
871,4.137931034482759,120.0,301.00965188733926,15.944980660407738,0.6682529690698031,4.285534014728922,226.88030943347619,0.0,0.037624006088594675,2.573265167022921,400.0,56.25,1.0,1.2090619551221675,10000.0,0.0,0.25,1.0,fragmenting
872,8.275862068965518,120.0,-43.2015462606971,0.0,0.19611197606729214,19.27069345662332,532.8458188983975,0.0,0.0,5.192190677333594,2000.0,25.0,0.5,1.3652123889719707,2500.0,35.59322033898305,0.8,1.0459431618637296,expanding
873,12.413793103448278,120.0,89.50520510172387,4.194733616762437,1.0847529995431013,12.505632822951226,414.884262131801,0.7553060720187117,0.0,3.5004300985643635,2000.0,25.0,0.5,1.3652123889719707,2500.0,35.59322033898305,0.8,1.0459431618637296,expanding
874,16.551724137931036,120.0,258.8979525803338,13.605441810018545,2.0780695627480124,6.183531060596969,264.31293103970324,7.503016498032589,0.008822680550505307,0.23363367077448327,2000.0,25.0,0.5,1.3652123889719707,2500.0,35.59322033898305,0.8,1.0459431618637296,expanding
875,20.689655172413794,120.0,200.59946991993317,10.366637217774064,0.5495094549009113,0.6504327567372308,316.133804515615,0.0,0.3421788923945903,1.6581091156919037,400.0,56.25,1.0,1.2090619551221675,10000.0,0.0,0.25,1.0,fragmenting
876,24.827586206896555,120.0,110.40030464911726,5.355572480506515,0.0,0.0,396.3108403118958,0.0,0.8519711733950044,2.180267224012822,2000.0,25.0,0.3333333333333333,1.3652123889719707,400.0,56.25,1.0,1.2090619551221675,aggregating
877,28.965517241379313,120.0,95.46517181767265,4.525842878759592,0.0,0.0,409.5865139398465,0.0,0.7186311060165813,2.189380637551227,400.0,56.25,1.0,1.2090619551221675,10000.0,0.0,0.25,1.0,fragmenting
878,33.10344827586207,120.0,101.05659328787473,4.836477404881929,0.09818708643242913,1.1753305702960122,404.61636152188913,5.272011415950409,0.38232649618672654,0.7788527498841993,2000.0,25.0,0.5,1.3652123889719707,2500.0,35.59322033898305,0.8,1.0459431618637296,expanding
879,37.24137931034483,120.0,226.30107646002975,11.79450424777943,0.0,2.272605638036862,293.28793203552914,2.2364036464957033,0.16791359667433198,3.438426980858716,769.2307692307693,44.44444444444444,0.5,1.2549471261506067,769.2307692307693,44.44444444444444,0.5,1.2549471261506067,stable
880,41.37931034482759,120.0,392.59238213718936,21.032910118732744,0.0,1.907257615480442,145.4734381002761,0.0,0.14124403648135753,3.864295100471092,2000.0,25.0,0.3333333333333333,1.3652123889719707,400.0,56.25,1.0,1.2090619551221675,aggregating
881,45.51724137931035,120.0,380.5886246023364,20.3660347001298,0.0,4.150040184547622,156.14344479792322,0.0,0.17287105261026045,6.792159925733699,2000.0,25.0,0.5,1.3652123889719707,2500.0,35.59322033898305,0.8,1.0459431618637296,expanding
882,49.65517241379311,120.0,277.1036121450057,14.616867341389204,0.0,12.589777744542799,248.13012253777273,0.0,0.3025506947375821,4.286805263100823,400.0,56.25,1.0,1.2090619551221675,10000.0,0.0,0.25,1.0,fragmenting
883,53.793103448275865,120.0,276.6788591106316,14.593269950590644,0.9780452871347847,13.65421671615128,248.5076807905497,0.0,0.32659431171507824,5.152132672788359,400.0,56.25,1.0,1.2090619551221675,10000.0,0.0,0.25,1.0,fragmenting
884,57.931034482758626,120.0,353.5493006434748,18.8638500357486,3.395681491177628,7.6003586551812825,180.17839942802237,0.0,0.2348989157776824,4.692036959736189,2000.0,25.0,0.5,1.3652123889719707,2500.0,35.59322033898305,0.8,1.0459431618637296,expanding
885,62.06896551724138,120.0,310.489791285917,16.471655071439834,4.264549683173999,7.065072086141019,218.45351885696266,0.0,0.20681493801240985,5.025422578826031,400.0,56.25,1.0,1.2090619551221675,10000.0,0.0,0.25,1.0,fragmenting
886,66.20689655172414,120.0,147.50033103795917,7.416685057664399,3.584649863123898,8.220106316988591,363.3330390773696,0.0,0.18585044966367031,4.711969710380947,2000.0,25.0,0.3333333333333333,1.3652123889719707,400.0,56.25,1.0,1.2090619551221675,aggregating
887,70.3448275862069,120.0,42.6365641787379,1.5909202321521052,2.546109241646996,9.347723694747133,456.5452762855664,3.0645257344234196,0.21825759295106859,2.7870833273751177,2000.0,25.0,0.5,1.3652123889719707,2500.0,35.59322033898305,0.8,1.0459431618637296,expanding
888,74.48275862068967,120.0,15.273721837832568,0.07076232432403184,1.0293808849343669,13.869304621190503,480.8678028108154,9.731021369501393,0.35908426917718306,6.2834556894043825,2000.0,25.0,0.5,1.3652123889719707,2500.0,35.59322033898305,0.8,1.0459431618637296,expanding
889,78.62068965517241,120.0,39.562334400571245,1.4201296889206247,0.0,16.016478357688783,459.27792497727006,11.894556024479082,0.31704676225379963,7.54813893437263,769.2307692307693,44.44444444444444,0.5,1.2549471261506067,769.2307692307693,44.44444444444444,0.5,1.2549471261506067,stable
890,82.75862068965517,120.0,127.22800144256644,6.290444524587024,0.0,12.794622058047304,381.3528876066076,4.600643286728036,0.028126602607786738,6.374248821250074,400.0,56.25,1.0,1.2090619551221675,10000.0,0.0,0.25,1.0,fragmenting
891,86.89655172413794,120.0,199.8623485719032,10.3256860317724,0.0,9.738715548516454,316.7890234916416,0.0,0.0,9.106793351330278,769.2307692307693,44.44444444444444,0.5,1.2549471261506067,769.2307692307693,44.44444444444444,0.5,1.2549471261506067,stable
892,91.0344827586207,120.0,271.91285135372186,14.328491741873435,0.0,7.048740686608543,252.744132130025,0.0,0.1608824083329965,6.389914769834973,2000.0,25.0,0.5,1.3652123889719707,2500.0,35.59322033898305,0.8,1.0459431618637296,expanding
893,95.17241379310346,120.0,327.68762174488757,17.427090096938198,0.0,4.820565093341987,203.16655844898884,0.0,0.2760312972985686,7.325499658241146,2000.0,25.0,0.3333333333333333,1.3652123889719707,400.0,56.25,1.0,1.2090619551221675,aggregating
894,99.31034482758622,120.0,323.7847067036592,17.21026148353662,0.0,2.500198648947411,206.63581626341406,0.0,0.3812992479078266,4.770136235728776,769.2307692307693,44.44444444444444,0.5,1.2549471261506067,769.2307692307693,44.44444444444444,0.5,1.2549471261506067,stable
895,103.44827586206897,120.0,361.88004735183256,19.32666929732403,0.14030644462863917,0.08600917161158228,172.7732912428155,0.0,0.4135053909149017,1.9318765789789174,769.2307692307693,44.44444444444444,0.5,1.2549471261506067,769.2307692307693,44.44444444444444,0.5,1.2549471261506067,stable
896,107.58620689655173,120.0,267.0823718375349,14.060131768751937,2.229178050621309,0.19703772704319178,257.037891699969,0.0,0.45663040602923305,1.8653983999521426,2000.0,25.0,0.3333333333333333,1.3652123889719707,400.0,56.25,1.0,1.2090619551221675,aggregating
897,111.72413793103449,120.0,197.11194249206352,10.17288569400353,4.059892265943146,0.9920550239348362,319.23382889594353,0.0,0.40421408513858925,5.149375470211191,769.2307692307693,44.44444444444444,0.5,1.2549471261506067,769.2307692307693,44.44444444444444,0.5,1.2549471261506067,stable
898,115.86206896551725,120.0,449.8957133413191,24.21642851896217,2.534560402544341,0.9446655479768626,94.53714369660524,0.0,0.2230429346979776,2.929877695933666,2000.0,25.0,0.5,1.3652123889719707,2500.0,35.59322033898305,0.8,1.0459431618637296,expanding
899,120.0,120.0,702.6794841905748,30.0,1.0092285391455351,9.863504913628333,0.0,0.0,0.15022679015305596,10.130194335067527,2000.0,25.0,0.5,1.3652123889719707,2500.0,35.59322033898305,0.8,1.0459431618637296,expanding
