id,x,y,elevation,slope,road_density,gdp_per_capita,pop_density,river_dist,farmland_ratio,y_area_change,t1_PD,t1_AI,t1_CONN,t1_FRAC,t2_PD,t2_AI,t2_CONN,t2_FRAC,true_type,q_gdp,q_pop,q_interaction,interaction_type
0,0.0,0.0,392.63135043158576,21.035075023976987,2.3929370772267635,8.522037719336176,145.43879961636821,0.4971368413460577,0.06969681402693947,1.9442240703558493,400.0,56.25,1.0,1.2090619551221675,10000.0,0.0,0.25,1.0,fragmenting,0.990727646752912,0.9948334530711962,0.9966743432629136,bivariate_enhancement
1,5.0,0.0,188.21910056632538,9.67883892035141,2.575239585672837,10.333872157083434,327.13857727437744,3.7586337130236034,0.06162252065604257,2.2696597821845206,2000.0,25.0,0.5,1.3652123889719707,2500.0,35.59322033898305,0.8,1.0459431618637296,expanding,0.9874201500415473,0.9918519973079893,0.994822862654489,bivariate_enhancement
2,10.0,0.0,-16.193149298935055,0.0,2.7575420941189113,0.0,508.83835493238666,7.0201305847011515,0.3682516309441596,-2.7202444641171937,2000.0,25.0,0.3333333333333333,1.3652123889719707,400.0,56.25,1.0,1.2090619551221675,aggregating,0.9843140315506432,0.9882254940451041,0.992572477753801,bivariate_enhancement
3,15.0,0.0,176.56280668056218,9.031267037809009,1.8067180612279334,0.0,337.49972739505586,4.745503344032121,0.3258767044854577,1.0063349785432167,2000.0,25.0,0.5,1.3652123889719707,2500.0,35.59322033898305,0.8,1.0459431618637296,expanding,0.9819710979742705,0.984623127791441,0.990242647632482,bivariate_enhancement
4,20.0,0.0,457.5783639588944,24.643242442160798,0.6040881302620557,1.6924218583101527,87.70812092542721,1.2406263006194058,0.21253190565628796,-1.5799329163152667,769.2307692307693,44.44444444444444,0.5,1.2549471261506067,769.2307692307693,44.44444444444444,0.5,1.2549471261506067,stable,0.9807873552865791,0.9818491002093382,0.9883973549166472,bivariate_enhancement
5,25.0,0.0,576.7295634079208,30.0,0.08634968146091793,1.6962561171525061,0.0,0.0,0.1840841759539592,2.1679686169471437,769.2307692307693,44.44444444444444,0.5,1.2549471261506067,769.2307692307693,44.44444444444444,0.5,1.2549471261506067,stable,0.9807594321651982,0.980266415216161,0.987466944908078,bivariate_enhancement
6,30.0,0.0,589.045774946946,30.0,0.0,0.0,0.0,0.0,0.18884626467759594,3.7753804894340353,769.2307692307693,44.44444444444444,0.5,1.2549471261506067,769.2307692307693,44.44444444444444,0.5,1.2549471261506067,stable,0.9814278202026835,0.9796073950958387,0.98729539020006,bivariate_enhancement
7,35.0,0.0,384.4728659478479,20.58182588599155,0.0,4.599929465748327,152.69078582413522,0.0,0.22784658355418522,4.077586234564572,400.0,56.25,1.0,1.2090619551221675,10000.0,0.0,0.25,1.0,fragmenting,0.9821889290849434,0.9792290859016598,0.9874492526460638,bivariate_enhancement
8,40.0,0.0,-80.36698769699893,0.0,1.043132458809196,0.0,565.8817668417769,0.0,0.5449470374588103,-0.2690453125599679,2000.0,25.0,0.5,1.3652123889719707,2500.0,35.59322033898305,0.8,1.0459431618637296,expanding,0.9827086419645426,0.9785303927667206,0.9877099350000116,bivariate_enhancement
9,45.0,0.0,-395.7017720877822,0.0,1.258050143717527,0.0,846.1793529669176,0.33996992012717686,0.8982585776708951,2.463844864741874,400.0,56.25,1.0,1.2090619551221675,10000.0,0.0,0.25,1.0,fragmenting,0.9830247775602172,0.9774006054956146,0.9880902901501288,bivariate_enhancement
10,50.0,0.0,-302.95304511562796,0.0,0.0,0.0,763.7360401027804,2.0627200193800195,0.6775564814811323,3.6890759817349394,2000.0,25.0,0.3333333333333333,1.3652123889719707,400.0,56.25,1.0,1.2090619551221675,aggregating,0.9833698523475652,0.97626799027653,0.9886858448318903,bivariate_enhancement
11,55.0,0.0,-185.10375525969351,0.0,0.0,0.0,658.9811157863943,2.4762330817015052,0.5807166210643577,0.6469835470934254,769.2307692307693,44.44444444444444,0.5,1.2549471261506067,769.2307692307693,44.44444444444444,0.5,1.2549471261506067,stable,0.9839591201446681,0.9754552882988194,0.9895252513959134,bivariate_enhancement
12,60.0,0.0,42.70126315252312,1.5945146195846176,0.0,0.0,456.4877660866461,0.0,0.565884487271415,3.4505303161960654,769.2307692307693,44.44444444444444,0.5,1.2549471261506067,769.2307692307693,44.44444444444444,0.5,1.2549471261506067,stable,0.984932719900958,0.9747314375523832,0.990483752113039,bivariate_enhancement
13,65.0,0.0,274.7882530633107,14.48823628129504,0.0,0.0,250.18821949927937,0.0,0.43502585692493445,0.7153827006344984,400.0,56.25,1.0,1.2090619551221675,10000.0,0.0,0.25,1.0,fragmenting,0.9863172889048504,0.9734756810549745,0.9914358364440193,bivariate_enhancement
14,70.0,0.0,243.07879285638896,12.726599603132719,0.0,0.0,278.3744063498765,0.0,0.5096287018018717,1.1831623680131946,2000.0,25.0,0.5,1.3652123889719707,2500.0,35.59322033898305,0.8,1.0459431618637296,expanding,0.9878729016389952,0.9711266033746186,0.9922788610121633,bivariate_enhancement
15,75.0,0.0,200.51816605592592,10.362120336440329,0.6572726393493596,0.0,316.2060746169547,0.0,0.5369674293313664,2.6994092888024195,400.0,56.25,1.0,1.2090619551221675,10000.0,0.0,0.25,1.0,fragmenting,0.989135259013164,0.967609317109999,0.992862431301305,bivariate_enhancement
16,80.0,0.0,252.03593523644759,13.224218624247088,0.6347759628074494,0.0,270.41250201204656,0.0,0.40549670828218326,0.8781533817461346,769.2307692307693,44.44444444444444,0.5,1.2549471261506067,769.2307692307693,44.44444444444444,0.5,1.2549471261506067,stable,0.9897697265728068,0.9634797933012188,0.9930624696864809,bivariate_enhancement
17,85.0,0.0,334.95098330528094,17.830610183626717,0.11986498809002649,3.998159672451197,196.7102370619725,0.0,0.28408850697975385,3.7641048400497934,2000.0,25.0,0.3333333333333333,1.3652123889719707,400.0,56.25,1.0,1.2090619551221675,aggregating,0.989691651607041,0.9596729712730165,0.9929872293217511,bivariate_enhancement
18,90.0,0.0,321.95151328955694,17.108417404975384,0.15067104312576857,6.914861548983639,208.26532152039383,0.0,0.15686619857038173,6.231155350886562,400.0,56.25,1.0,1.2090619551221675,10000.0,0.0,0.25,1.0,fragmenting,0.9890108789267495,0.9570305747877805,0.9928492931286643,bivariate_enhancement
19,95.0,0.0,229.02327820336885,11.945737677964935,0.6362412896224833,11.662862253149072,290.86819715256104,0.0,0.0,7.83976887980423,769.2307692307693,44.44444444444444,0.5,1.2549471261506067,769.2307692307693,44.44444444444444,0.5,1.2549471261506067,stable,0.9880620507144837,0.9560373368325705,0.9927203637330602,bivariate_enhancement
20,100.0,0.0,221.16026667440852,11.508903704133806,0.9643686140412496,11.382490742704547,297.8575407338591,5.930269960810478,0.0,6.259540645976644,2000.0,25.0,0.5,1.3652123889719707,2500.0,35.59322033898305,0.8,1.0459431618637296,expanding,0.9873575746175247,0.9569261160505135,0.9926276497627285,bivariate_enhancement
21,105.0,0.0,451.5025229483852,24.305695719354734,1.0437034081296779,3.2869803109145406,93.10886849032426,5.068836591439499,0.1830225411294957,4.768994532317737,400.0,56.25,1.0,1.2090619551221675,10000.0,0.0,0.25,1.0,fragmenting,0.9873723528378276,0.9597897663473693,0.9926647528476844,bivariate_enhancement
22,110.0,0.0,630.2131068119774,30.0,1.207062398089575,0.0,0.0,3.0949695289965793,0.12793658249695605,0.022053026909881313,2000.0,25.0,0.5,1.3652123889719707,2500.0,35.59322033898305,0.8,1.0459431618637296,expanding,0.9883038892380546,0.9644763424019341,0.9929618504786867,bivariate_enhancement
23,115.0,0.0,576.5811648288409,30.0,1.7485302694710834,2.915170972983624,0.0,0.0,0.15654985959762935,6.568522100262788,2000.0,25.0,0.5,1.3652123889719707,2500.0,35.59322033898305,0.8,1.0459431618637296,expanding,0.9900120543547664,0.9705000262073109,0.9936104822437873,bivariate_enhancement
24,120.0,0.0,522.9492228457041,28.274956824761343,2.2899981408525916,2.908638031964152,29.60069080381853,0.0,0.1866591420964483,5.4721353117875235,2000.0,25.0,0.5,1.3652123889719707,2500.0,35.59322033898305,0.8,1.0459431618637296,expanding,0.9921475338032892,0.9771196120082009,0.99460377858682,bivariate_enhancement
25,0.0,5.0,376.82517220354646,20.156954011308134,2.4812868639697103,2.3510970253276975,159.48873581906983,4.7522571097009525,0.03039968911140123,1.2416788325734458,2000.0,25.0,0.5,1.3652123889719707,2500.0,35.59322033898305,0.8,1.0459431618637296,expanding,0.9890423018993917,0.9933486869090855,0.9956590050737069,bivariate_enhancement
26,5.0,5.0,334.1261347173041,17.78478526207245,2.089094778162538,1.9345615036649997,197.4434358068408,0.27740676588112245,0.13516049938360017,1.476342279966388,2000.0,25.0,0.3333333333333333,1.3652123889719707,400.0,56.25,1.0,1.2090619551221675,aggregating,0.9851444794332531,0.9897497535201993,0.9933460042035676,bivariate_enhancement
27,10.0,5.0,291.42709723106185,15.41261651283677,1.6969026923553658,1.240917470945305,235.39813579461168,0.0,0.32412473443098866,1.9453750197821715,2000.0,25.0,0.3333333333333333,1.3652123889719707,400.0,56.25,1.0,1.2090619551221675,aggregating,0.9814779423176964,0.9854878921156135,0.9905604323342926,bivariate_enhancement
28,15.0,5.0,363.93776206411604,19.440986781339777,1.1825086970163585,1.2193628455091106,170.94421149856353,0.0,0.29856996493060994,2.6563110458431813,2000.0,25.0,0.5,1.3652123889719707,2500.0,35.59322033898305,0.8,1.0459431618637296,expanding,0.9786721155971421,0.9813338135076832,0.9877021422512042,bivariate_enhancement
29,20.0,5.0,462.05058296812507,24.891699053784727,0.6409587217813879,1.7123276445847693,83.7328151394444,0.0,0.2251759495562633,1.7169163515354124,400.0,56.25,1.0,1.2090619551221675,10000.0,0.0,0.25,1.0,fragmenting,0.9771391422091235,0.9781189505820599,0.9854257014946258,bivariate_enhancement
30,25.0,5.0,441.66517091941904,23.75917616218995,0.0,2.0536957540947305,101.85318140496085,0.0,0.23283063893822675,1.6783878268121701,769.2307692307693,44.44444444444444,0.5,1.2549471261506067,769.2307692307693,44.44444444444444,0.5,1.2549471261506067,stable,0.9768549522548519,0.9761636087753067,0.9841887783177944,bivariate_enhancement
31,30.0,5.0,343.40953451040394,18.30052969502244,0.0,5.02610286416628,189.19152487964092,0.0,0.2744323386172078,4.514304785403766,769.2307692307693,44.44444444444444,0.5,1.2549471261506067,769.2307692307693,44.44444444444444,0.5,1.2549471261506067,stable,0.9773355380083961,0.9751364472535333,0.9838199500798097,bivariate_enhancement
32,35.0,5.0,210.08449472428907,10.893583040238282,0.0,8.16254007257472,307.7026713561875,0.0,0.32430206215665547,3.022232319954535,2000.0,25.0,0.3333333333333333,1.3652123889719707,400.0,56.25,1.0,1.2090619551221675,aggregating,0.9779526986235875,0.9743314472482947,0.9839051512152623,bivariate_enhancement
33,40.0,5.0,34.67617088565421,1.1486761603141225,0.009819375150651677,3.5914083393918244,463.62118143497406,0.0,0.4006654828219051,1.205997766904155,400.0,56.25,1.0,1.2090619551221675,10000.0,0.0,0.25,1.0,fragmenting,0.9783412103209767,0.9731292134473265,0.9842555989923021,bivariate_enhancement
34,45.0,5.0,-109.21365726097841,0.0,0.5472983250683159,0.0,591.5232508986475,0.0,0.48138903759083423,1.6292124314617036,769.2307692307693,44.44444444444444,0.5,1.2549471261506067,769.2307692307693,44.44444444444444,0.5,1.2549471261506067,stable,0.9785077504896621,0.9714695148453898,0.9848633576940966,bivariate_enhancement
35,50.0,5.0,-156.25104658457468,0.0,0.0,0.0,633.3342636307331,0.48463933111922064,0.5997521613076369,1.7849653980670148,769.2307692307693,44.44444444444444,0.5,1.2549471261506067,769.2307692307693,44.44444444444444,0.5,1.2549471261506067,stable,0.9786907490510041,0.9697659265862664,0.9857390499388472,bivariate_enhancement
36,55.0,5.0,-157.7092212251226,0.0,0.0,0.0,634.6304188667757,4.212063081471859,0.7196048709368847,-0.7311946460889693,2000.0,25.0,0.5,1.3652123889719707,2500.0,35.59322033898305,0.8,1.0459431618637296,expanding,0.9791861000809423,0.9683303523216148,0.986805244559364,bivariate_enhancement
37,60.0,5.0,104.57799629936437,5.032110905520243,0.0,0.0,401.48622551167614,3.847867729914473,0.4707131506581071,0.699096725107138,400.0,56.25,1.0,1.2090619551221675,10000.0,0.0,0.25,1.0,fragmenting,0.980238464791505,0.9671361706846959,0.9878894091652957,bivariate_enhancement
38,65.0,5.0,372.18584621734516,19.8992136787414,0.0,0.0,163.61258114013762,3.5630458243308882,0.27429666511690676,1.6241759981615345,769.2307692307693,44.44444444444444,0.5,1.2549471261506067,769.2307692307693,44.44444444444444,0.5,1.2549471261506067,stable,0.9819037648583837,0.9657223748112609,0.9888935135700511,bivariate_enhancement
39,70.0,5.0,318.4757674914033,16.915320416189076,0.0,0.0,211.35487334097482,0.03572731519812111,0.32886950436882856,1.1901648621855514,2000.0,25.0,0.5,1.3652123889719707,2500.0,35.59322033898305,0.8,1.0459431618637296,expanding,0.9838746892205432,0.9634389275636976,0.9897992227455406,bivariate_enhancement
40,75.0,5.0,241.60250955180854,12.644583863989364,0.0,0.0,279.68665817617017,0.0,0.3796230182293569,1.364007678672646,2000.0,25.0,0.3333333333333333,1.3652123889719707,400.0,56.25,1.0,1.2090619551221675,aggregating,0.985566041641589,0.9599835312594167,0.9904925530089177,bivariate_enhancement
41,80.0,5.0,257.0106121789588,13.500589565497709,0.03484358597470272,0.7941781537933825,265.99056695203666,0.0,0.2780819314195324,0.35660861729709614,2000.0,25.0,0.5,1.3652123889719707,2500.0,35.59322033898305,0.8,1.0459431618637296,expanding,0.9865177176542826,0.9557334852330182,0.99083810308842,bivariate_enhancement
42,85.0,5.0,304.7820716059533,16.15455953366407,0.0011691051369842054,4.402858416716066,223.52704746137485,0.0,0.1716078404433637,5.44592101180086,769.2307692307693,44.44444444444444,0.5,1.2549471261506067,769.2307692307693,44.44444444444444,0.5,1.2549471261506067,stable,0.9865694882207081,0.951578554937474,0.9909052862480704,bivariate_enhancement
43,90.0,5.0,286.62094492326776,15.145608051292653,0.38680041577610264,6.112399437504138,239.67027117931755,0.0,0.08384853913481731,5.639166494755483,769.2307692307693,44.44444444444444,0.5,1.2549471261506067,769.2307692307693,44.44444444444444,0.5,1.2549471261506067,stable,0.9858211358293028,0.9484014175793531,0.9908783720322711,bivariate_enhancement
44,95.0,5.0,213.51599648251593,11.08422202680644,1.1218532193125847,7.055815178171552,304.65244757109696,0.0,0.0,6.043417515072561,2000.0,25.0,0.5,1.3652123889719707,2500.0,35.59322033898305,0.8,1.0459431618637296,expanding,0.9846872257976419,0.946823343314267,0.9908147246039147,bivariate_enhancement
45,100.0,5.0,241.66731377916813,12.648184098842673,1.3820500342416564,5.3281761992726535,279.6290544185172,4.008997926078452,0.018868493679650516,7.060093129271374,2000.0,25.0,0.5,1.3652123889719707,2500.0,35.59322033898305,0.8,1.0459431618637296,expanding,0.9838377555420565,0.9473413600861087,0.9907534467223841,bivariate_enhancement
46,105.0,5.0,505.52421981498134,27.306901100832295,0.7981450126591036,1.9325912004336454,45.08958238668326,5.422228060714756,0.20038832213516816,5.745544692499543,400.0,56.25,1.0,1.2090619551221675,10000.0,0.0,0.25,1.0,fragmenting,0.9839036909431201,0.9502912403090189,0.9908226732413034,bivariate_enhancement
47,110.0,5.0,699.0855053797555,30.0,0.4699845938032,0.14393755901877658,0.0,4.713234860712465,0.11710130614074087,3.740417855118489,2000.0,25.0,0.3333333333333333,1.3652123889719707,400.0,56.25,1.0,1.2090619551221675,aggregating,0.9851526914760323,0.955611849412305,0.9911958045283744,bivariate_enhancement
48,115.0,5.0,576.3164988248544,30.0,1.2926748872172205,2.2633043981029988,0.0,0.0,0.18059071474037836,6.419280210740759,2000.0,25.0,0.3333333333333333,1.3652123889719707,400.0,56.25,1.0,1.2090619551221675,aggregating,0.9873982306978002,0.9627569255672339,0.9919989279743426,bivariate_enhancement
49,120.0,5.0,453.5474922699534,24.419305126108522,2.1153651806312412,1.246388513788945,91.29111798226366,0.0,0.2042854745991076,3.257515652340776,400.0,56.25,1.0,1.2090619551221675,10000.0,0.0,0.25,1.0,fragmenting,0.9901678745341104,0.9708248183036158,0.9932326933106789,bivariate_enhancement
50,0.0,10.0,361.0189939755071,19.278832998639285,2.569636650712657,0.0,173.53867202177145,9.007377378055848,0.0,1.1619492523503543,2000.0,25.0,0.5,1.3652123889719707,2500.0,35.59322033898305,0.8,1.0459431618637296,expanding,0.9878664990110326,0.9918119380649143,0.9945156539106054,bivariate_enhancement
51,5.0,10.0,480.03316886828287,25.890731603793494,1.6029499706522392,1.450534475107639,67.7482943393041,0.0,0.19325193772925775,3.7864144294274285,2000.0,25.0,0.5,1.3652123889719707,2500.0,35.59322033898305,0.8,1.0459431618637296,expanding,0.9835345623288094,0.9877273024071179,0.9917710816370867,bivariate_enhancement
52,10.0,10.0,599.0473437610586,30.0,0.6362632905918206,1.9994336239395933,0.0,0.0,0.11439519105108267,4.825336607378483,400.0,56.25,1.0,1.2090619551221675,10000.0,0.0,0.25,1.0,fragmenting,0.979426524911876,0.9830380817022131,0.988522010057077,bivariate_enhancement
53,15.0,10.0,551.3127174476699,29.85070652487055,0.5582993328047837,2.041257478779786,4.388695602071202,0.0,0.14562335584621677,4.058454798916686,769.2307692307693,44.44444444444444,0.5,1.2549471261506067,769.2307692307693,44.44444444444444,0.5,1.2549471261506067,stable,0.9762127835337563,0.9785535720403354,0.9852426179833214,bivariate_enhancement
54,20.0,10.0,466.5228019773557,25.14015566540865,0.6778293133007205,1.7351843264232354,79.75750935346161,0.0,0.23452848495981926,3.961004720547691,2000.0,25.0,0.3333333333333333,1.3652123889719707,400.0,56.25,1.0,1.2090619551221675,aggregating,0.9743147521234825,0.9750587384964833,0.9826430473967936,bivariate_enhancement
55,25.0,10.0,306.6007784309172,16.255598801717625,0.0,1.5904425249731844,221.91041917251803,0.0,0.3775724952325684,1.8772165373391523,2000.0,25.0,0.3333333333333333,1.3652123889719707,400.0,56.25,1.0,1.2090619551221675,aggregating,0.973700752291094,0.9727991036756194,0.9811578170411227,bivariate_enhancement
56,30.0,10.0,97.77329407386183,4.654071892992324,0.0,6.86646538979709,407.5348497121228,0.0,0.5319995381827163,2.2327855856727057,769.2307692307693,44.44444444444444,0.5,1.2549471261506067,769.2307692307693,44.44444444444444,0.5,1.2549471261506067,stable,0.9738999301703715,0.9713938201808735,0.9805936278900611,bivariate_enhancement
57,35.0,10.0,35.69612350073031,1.205340194485017,0.0,11.289670353410047,462.71455688823977,0.0,0.4862276045715264,3.5639248304684665,2000.0,25.0,0.5,1.3652123889719707,2500.0,35.59322033898305,0.8,1.0459431618637296,expanding,0.9743017734351637,0.9701278885673911,0.9806028334892133,bivariate_enhancement
58,40.0,10.0,149.71932946830748,7.539962748239305,0.0,9.127365877179592,361.36059602817113,0.0,0.2939160320814472,4.6380544223873414,769.2307692307693,44.44444444444444,0.5,1.2549471261506067,769.2307692307693,44.44444444444444,0.5,1.2549471261506067,stable,0.9745129230112145,0.9684374256634342,0.981060853905418,bivariate_enhancement
59,45.0,10.0,177.27445756582557,9.07080319810142,0.0,8.090481600030607,336.86714883037723,0.0,0.24654086885959617,4.006125835687004,769.2307692307693,44.44444444444444,0.5,1.2549471261506067,769.2307692307693,44.44444444444444,0.5,1.2549471261506067,stable,0.9744769586940546,0.9663263438381287,0.9819129645565504,bivariate_enhancement
60,50.0,10.0,-9.54904805352129,0.0,0.0,7.4430918750038115,502.9324871586856,0.0,0.5177242957443164,4.920594181850465,2000.0,25.0,0.5,1.3652123889719707,2500.0,35.59322033898305,0.8,1.0459431618637296,expanding,0.9744166610451779,0.9640933520706152,0.9830436949491812,bivariate_enhancement
61,55.0,10.0,-130.31468719055147,0.0,0.0,2.639534195309638,610.2797219471569,5.947893081242213,0.845655184107019,4.206442628786162,2000.0,25.0,0.5,1.3652123889719707,2500.0,35.59322033898305,0.8,1.0459431618637296,expanding,0.9747124253514244,0.9619578561363187,0.9842697883271996,bivariate_enhancement
62,60.0,10.0,166.45472944620565,8.469707191455871,0.0,3.5567969051185595,346.48468493670606,10.681334826849914,0.38983300855874053,2.603456729439897,2000.0,25.0,0.3333333333333333,1.3652123889719707,400.0,56.25,1.0,1.2090619551221675,aggregating,0.9757233411016972,0.9601568283461235,0.9854026423517509,bivariate_enhancement
63,65.0,10.0,469.58343937137965,25.31019107618776,0.0,2.260858193342231,77.03694278099587,15.477264775096915,0.20361945221039013,3.998582734986529,400.0,56.25,1.0,1.2090619551221675,10000.0,0.0,0.25,1.0,fragmenting,0.9775513209531767,0.9585998531053606,0.9863883259429321,bivariate_enhancement
64,70.0,10.0,393.8727421264177,21.10404122924543,0.0,2.0049519813505583,144.33534033207314,4.921426611177216,0.2227865455048285,3.6328201596765655,400.0,56.25,1.0,1.2090619551221675,10000.0,0.0,0.25,1.0,fragmenting,0.9798634194539976,0.9567066909092037,0.9872958008720145,bivariate_enhancement
65,75.0,10.0,282.6868530476912,14.927047391538398,0.0,0.9968748875143039,243.16724173538563,0.0,0.2576132712796408,0.7757036580060377,2000.0,25.0,0.5,1.3652123889719707,2500.0,35.59322033898305,0.8,1.0459431618637296,expanding,0.9819936485390767,0.9539169349795393,0.9880935937243689,bivariate_enhancement
66,80.0,10.0,261.9852891214699,13.776960506748328,0.0,2.5705171813523893,261.5686318920267,0.0,0.15571542676198694,5.443943248289839,2000.0,25.0,0.5,1.3652123889719707,2500.0,35.59322033898305,0.8,1.0459431618637296,expanding,0.9833367343613987,0.9502586773714958,0.9886437579533147,bivariate_enhancement
67,85.0,10.0,274.61315990662564,14.478508883701425,0.0,4.8197534173808805,250.34385786077723,0.0,0.019611073931447787,4.507778413857787,2000.0,25.0,0.5,1.3652123889719707,2500.0,35.59322033898305,0.8,1.0459431618637296,expanding,0.9836137769520533,0.9463558288901168,0.9889123742202561,bivariate_enhancement
68,90.0,10.0,251.2903765569786,13.182798697609922,0.6229297884264365,4.721236738493444,271.07522083824125,0.0,0.0,3.3536361352969424,769.2307692307693,44.44444444444444,0.5,1.2549471261506067,769.2307692307693,44.44444444444444,0.5,1.2549471261506067,stable,0.9829026537348577,0.9429727046244447,0.9890006315397362,bivariate_enhancement
69,95.0,10.0,198.00871476166301,10.222706375647945,1.6074651490026861,1.8901470725159477,318.4366979896329,0.0,0.0734694621620193,2.4753394607262056,400.0,56.25,1.0,1.2090619551221675,10000.0,0.0,0.25,1.0,fragmenting,0.9816926491826443,0.9408408183066568,0.9889736986188108,bivariate_enhancement
70,100.0,10.0,262.17436088392765,13.787464493551537,1.7997314544420635,0.12552066706748977,261.40056810317543,2.087725891346428,0.21163683614422357,-0.22024946981519955,2000.0,25.0,0.5,1.3652123889719707,2500.0,35.59322033898305,0.8,1.0459431618637296,expanding,0.980790209327588,0.9407395466487704,0.9889188801694078,bivariate_enhancement
71,105.0,10.0,559.5459166815774,30.0,0.5525866171885293,2.1269659083242307,0.0,5.775619529990016,0.18752632390268403,4.360608484917458,769.2307692307693,44.44444444444444,0.5,1.2549471261506067,769.2307692307693,44.44444444444444,0.5,1.2549471261506067,stable,0.9809550029497238,0.9432783501318036,0.9890140536762306,bivariate_enhancement
72,110.0,10.0,767.9579039475337,30.0,0.0,1.2086799134763824,0.0,6.33150019242835,0.12514110598011247,3.7216775774049036,400.0,56.25,1.0,1.2090619551221675,10000.0,0.0,0.25,1.0,fragmenting,0.982514889955514,0.9485824534130007,0.9894748345530929,bivariate_enhancement
73,115.0,10.0,576.0518328208681,30.0,0.8368195049633582,1.615937238829737,0.0,0.0,0.20446586381136303,3.6842342598675564,2000.0,25.0,0.5,1.3652123889719707,2500.0,35.59322033898305,0.8,1.0459431618637296,expanding,0.9852469134195387,0.9561909976420543,0.9904548965779909,bivariate_enhancement
74,120.0,10.0,384.1457616942026,20.563653427455698,1.940732220409891,2.827995838737079,152.98154516070883,0.0,0.1540277930566425,5.984889157504194,769.2307692307693,44.44444444444444,0.5,1.2549471261506067,769.2307692307693,44.44444444444444,0.5,1.2549471261506067,stable,0.9885708210698457,0.9651690415194621,0.991949577356829,bivariate_enhancement
75,0.0,15.0,312.8235259876633,16.60130699931463,1.712795077894686,0.0,216.37908801096594,9.254178402504188,0.0,1.0533374165648968,769.2307692307693,44.44444444444444,0.5,1.2549471261506067,769.2307692307693,44.44444444444444,0.5,1.2549471261506067,stable,0.9871644714517651,0.9903191161852937,0.9932557143605638,bivariate_enhancement
76,5.0,15.0,396.66346708588765,21.259081504771537,0.9241293923290186,0.4199072719945003,141.8546959236554,2.824382507490669,0.15857981460157258,1.96020811113122,2000.0,25.0,0.3333333333333333,1.3652123889719707,400.0,56.25,1.0,1.2090619551221675,aggregating,0.9825590393367873,0.9859230016097749,0.9901344001524317,bivariate_enhancement
77,10.0,15.0,480.503408184112,25.916856010228443,0.13546370676335118,2.0045782543423107,67.33030383634491,0.0,0.20660019506855543,3.543947791988677,2000.0,25.0,0.3333333333333333,1.3652123889719707,400.0,56.25,1.0,1.2090619551221675,aggregating,0.9781395076220138,0.9810431905401795,0.986535336847626,bivariate_enhancement
78,15.0,15.0,466.4813340472375,25.137851891513193,0.26958231457069315,2.1343570065344175,79.79436973578888,0.0,0.22296537915848635,3.755848995274762,769.2307692307693,44.44444444444444,0.5,1.2549471261506067,769.2307692307693,44.44444444444444,0.5,1.2549471261506067,stable,0.9745986672445803,0.9764640890829627,0.9829950353299344,bivariate_enhancement
79,20.0,15.0,430.71214541367453,23.15067474520414,0.6087640986831478,2.3582511034683624,111.58920407673376,0.0,0.26544225145829464,0.3288455006752704,400.0,56.25,1.0,1.2090619551221675,10000.0,0.0,0.25,1.0,fragmenting,0.9723759458410166,0.9728678380833211,0.9802393522326238,bivariate_enhancement
80,25.0,15.0,314.49680556938915,16.694266976077174,0.0,3.531071034411667,214.8917283827652,0.0,0.36212729706549596,2.1365597828057408,400.0,56.25,1.0,1.2090619551221675,10000.0,0.0,0.25,1.0,fragmenting,0.9714502117276732,0.9703966492684054,0.9786369305840736,bivariate_enhancement
81,30.0,15.0,150.5235296006431,7.58464053336906,0.0,5.686204089394947,360.645751466095,0.0,0.45065873112474547,0.23417045183300456,400.0,56.25,1.0,1.2090619551221675,10000.0,0.0,0.25,1.0,fragmenting,0.9713800766577785,0.9686218063634667,0.9779597338538814,bivariate_enhancement
82,35.0,15.0,104.58253319581286,5.032362955322937,0.0,6.8740232350398,401.482192714833,0.0,0.3864621473428611,3.3386517740357133,769.2307692307693,44.44444444444444,0.5,1.2549471261506067,769.2307692307693,44.44444444444444,0.5,1.2549471261506067,stable,0.9715840772174968,0.9668656534154944,0.9779198717705363,bivariate_enhancement
83,40.0,15.0,200.28027226768188,10.348904014871215,0.0,6.041996146840909,316.41753576206054,0.0,0.23571168247008906,3.3489098983933014,769.2307692307693,44.44444444444444,0.5,1.2549471261506067,769.2307692307693,44.44444444444444,0.5,1.2549471261506067,stable,0.9716350753836158,0.9646816156888403,0.9784664157196827,bivariate_enhancement
84,45.0,15.0,228.06550241326372,11.892527911847985,0.6095591751694602,5.766674672579059,291.71955341043224,0.0,0.19429076461477895,4.917090962251315,400.0,56.25,1.0,1.2090619551221675,10000.0,0.0,0.25,1.0,fragmenting,0.9714011503908612,0.9621492159911995,0.9795084965919112,bivariate_enhancement
85,50.0,15.0,94.35340631763455,4.464078128757476,0.0,6.672272852754854,410.5747499398804,0.0,0.3512328359216003,5.502010924805157,2000.0,25.0,0.5,1.3652123889719707,2500.0,35.59322033898305,0.8,1.0459431618637296,expanding,0.9710776137673762,0.9594538906207181,0.9808042715132967,bivariate_enhancement
86,55.0,15.0,26.82394893576106,0.712441607542281,0.0,5.521404581937869,470.60093427932355,1.3489352368513456,0.5085181981217528,4.433224652987153,2000.0,25.0,0.3333333333333333,1.3652123889719707,400.0,56.25,1.0,1.2090619551221675,aggregating,0.9711057579741642,0.956691551731023,0.9820956341511495,bivariate_enhancement
87,60.0,15.0,327.0804152581322,17.393356403229568,0.0,1.0756484683710037,203.70629754832694,7.290025831391781,0.246020629054773,1.2659389716187888,2000.0,25.0,0.3333333333333333,1.3652123889719707,400.0,56.25,1.0,1.2090619551221675,aggregating,0.9719389657104551,0.9542886668250198,0.9832169197257277,bivariate_enhancement
88,65.0,15.0,634.734835763843,30.0,0.0,4.4183378827473225,0.0,13.276719385237012,0.21504864428686515,6.259847176734547,769.2307692307693,44.44444444444444,0.5,1.2549471261506067,769.2307692307693,44.44444444444444,0.5,1.2549471261506067,stable,0.973747427748681,0.9526302638748813,0.9841727521364589,bivariate_enhancement
89,70.0,15.0,474.2745665256525,25.57080925142514,0.0,1.4136739084160652,72.86705197719776,5.480172941065264,0.19693908104861177,2.3758356783620354,2000.0,25.0,0.3333333333333333,1.3652123889719707,400.0,56.25,1.0,1.2090619551221675,aggregating,0.9762388811754904,0.951422472915495,0.9850832075100173,bivariate_enhancement
90,75.0,15.0,262.8517124288304,13.825095134935024,0.0,0.0,260.7984778410396,0.0,0.17097784351337553,0.509302531835815,400.0,56.25,1.0,1.2090619551221675,10000.0,0.0,0.25,1.0,fragmenting,0.9787316874125057,0.9499080435594699,0.9859581606133527,bivariate_enhancement
91,80.0,15.0,207.63306268047927,10.757392371137737,0.0,0.0,309.8817220617962,0.0,0.04919810463419663,1.55362070129065,2000.0,25.0,0.3333333333333333,1.3652123889719707,400.0,56.25,1.0,1.2090619551221675,aggregating,0.9804851092376534,0.9476135239200792,0.9866629692469208,bivariate_enhancement
92,85.0,15.0,212.02876853386473,11.001598251881374,0.2580460901338725,0.0,305.974427969898,0.0,0.0,-0.29021316943294156,2000.0,25.0,0.5,1.3652123889719707,2500.0,35.59322033898305,0.8,1.0459431618637296,expanding,0.9810615851903751,0.9446629993162334,0.9870767797426682,bivariate_enhancement
93,90.0,15.0,191.16431961116396,9.84246220062022,0.8430109809842005,0.0,324.52060479007645,0.0,0.0,1.4242670625213452,400.0,56.25,1.0,1.2090619551221675,10000.0,0.0,0.25,1.0,fragmenting,0.9805012075199286,0.9415518415911954,0.9872049930798881,bivariate_enhancement
94,95.0,15.0,149.2497417083917,7.513874539355093,1.5049617565935844,0.0,361.7780073703185,0.0,0.029007488824904865,1.3928308921217654,2000.0,25.0,0.5,1.3652123889719707,2500.0,35.59322033898305,0.8,1.0459431618637296,expanding,0.9793563040232054,0.9390529307592813,0.987129859052696,bivariate_enhancement
95,100.0,15.0,230.43541090586768,12.024189494770427,1.558230345366487,0.0,289.6129680836732,2.7373605206389904,0.18541210338795705,-0.6025910338425957,2000.0,25.0,0.3333333333333333,1.3652123889719707,400.0,56.25,1.0,1.2090619551221675,aggregating,0.9785228356079896,0.9381612135533556,0.987023763117813,bivariate_enhancement
96,105.0,15.0,523.8856304693134,28.326979470517408,0.453528371217445,2.4425367047291213,28.76832847172146,2.3109110935483566,0.20113473417572414,5.853151327279819,400.0,56.25,1.0,1.2090619551221675,10000.0,0.0,0.25,1.0,fragmenting,0.9788326491034169,0.9397597689387404,0.9871328143771931,bivariate_enhancement
97,110.0,15.0,749.9370722457409,30.0,0.0,3.224758752348931,0.0,0.682116830658611,0.2221931354041982,7.297456819461601,2000.0,25.0,0.3333333333333333,1.3652123889719707,400.0,56.25,1.0,1.2090619551221675,aggregating,0.9806502417048492,0.9442822847813247,0.9877116472600747,bivariate_enhancement
98,115.0,15.0,672.6940139805855,30.0,0.8641797886620901,0.851844483296788,0.0,0.0,0.2596867334987645,3.387163456503344,2000.0,25.0,0.5,1.3652123889719707,2500.0,35.59322033898305,0.8,1.0459431618637296,expanding,0.9837369706713258,0.9515400207645704,0.9889231852397238,bivariate_enhancement
99,120.0,15.0,595.45095571543,30.0,1.9764477393722812,0.2630540362153042,0.0,0.0,0.25750421376559707,0.6283470353959615,769.2307692307693,44.44444444444444,0.5,1.2549471261506067,769.2307692307693,44.44444444444444,0.5,1.2549471261506067,stable,0.9874509356349911,0.960721140459819,0.9907335570320728,bivariate_enhancement
100,0.0,20.0,257.4304380531963,13.523913225177573,0.6459109807298439,4.828376938504582,265.61738839715883,8.610241817195515,0.05082413466644184,-0.07039299105524,769.2307692307693,44.44444444444444,0.5,1.2549471261506067,769.2307692307693,44.44444444444444,0.5,1.2549471261506067,stable,0.9867844558890141,0.9890683858346732,0.9919870620204042,bivariate_enhancement
101,5.0,20.0,262.34337954052046,13.796854418917802,0.20249197604737135,3.3504691572855787,261.25032929731515,10.96579178199703,0.08368483435113626,0.24022916511953285,2000.0,25.0,0.5,1.3652123889719707,2500.0,35.59322033898305,0.8,1.0459431618637296,expanding,0.9820596849975939,0.9845676720222929,0.9885803044916273,bivariate_enhancement
102,10.0,20.0,267.2563210278446,14.069795612658032,0.0,1.9312968365961194,256.8832701974715,13.32134174679854,0.11531183069950254,1.3493179847036845,2000.0,25.0,0.5,1.3652123889719707,2500.0,35.59322033898305,0.8,1.0459431618637296,expanding,0.9774853693633406,0.979735450759066,0.9847825528663319,bivariate_enhancement
103,15.0,20.0,321.15965313925267,17.064425174402928,0.055419150998265665,3.572727620979026,208.9691972095532,3.152450828708888,0.22733659957244998,0.8852797976171582,2000.0,25.0,0.3333333333333333,1.3652123889719707,400.0,56.25,1.0,1.2090619551221675,aggregating,0.9737548655993349,0.9752791987262671,0.9811717325844784,bivariate_enhancement
104,20.0,20.0,385.94973872267946,20.66387437348219,0.5161575938129299,4.421451151656887,151.37801002428492,0.0,0.2862795227086689,3.4891068343040694,2000.0,25.0,0.5,1.3652123889719707,2500.0,35.59322033898305,0.8,1.0459431618637296,expanding,0.9713220894903384,0.9717373017788625,0.9784590286065924,bivariate_enhancement
105,25.0,20.0,354.1618148471887,18.897878602621592,0.20198838525742063,5.150801239806547,179.6339423580545,0.0,0.30806888895560824,1.5959674737060334,2000.0,25.0,0.3333333333333333,1.3652123889719707,400.0,56.25,1.0,1.2090619551221675,aggregating,0.9701860454870175,0.9691173735582456,0.9769249798892279,bivariate_enhancement
106,30.0,20.0,269.58187089705166,14.198992827613981,0.0,4.3636066747737,254.81611475817633,0.0,0.31687891188435613,2.4970769330731377,400.0,56.25,1.0,1.2090619551221675,10000.0,0.0,0.25,1.0,fragmenting,0.969936846085348,0.9669324205841069,0.9762774251205028,bivariate_enhancement
107,35.0,20.0,227.5300053172601,11.862778073181117,0.1898517266635928,2.876066932556924,292.1955508291021,0.0,0.26886224458048585,2.53287506495199,769.2307692307693,44.44444444444444,0.5,1.2549471261506067,769.2307692307693,44.44444444444444,0.5,1.2549471261506067,stable,0.9700131920766188,0.9645738033149516,0.9762335450064685,bivariate_enhancement
108,40.0,20.0,236.51183378188313,12.361768543437952,1.1781021054917342,2.3524823026685184,284.21170330499274,0.0,0.19297268773620296,5.4206266470863405,2000.0,25.0,0.3333333333333333,1.3652123889719707,400.0,56.25,1.0,1.2090619551221675,aggregating,0.969958364312337,0.9617511103938488,0.9767850560913037,bivariate_enhancement
109,45.0,20.0,226.47942059862052,11.804412255478919,1.7122972855641643,2.4169712432246913,293.12940391233735,0.0,0.15833750003455563,1.057171744969196,2000.0,25.0,0.3333333333333333,1.3652123889719707,400.0,56.25,1.0,1.2090619551221675,aggregating,0.969584569082969,0.9586590382357689,0.9778675399797181,bivariate_enhancement
110,50.0,20.0,188.74485087547976,9.708047270859986,0.9045757035765062,4.467280742478238,326.67124366624023,0.0,0.21966621146455018,5.312323587843542,2000.0,25.0,0.5,1.3652123889719707,2500.0,35.59322033898305,0.8,1.0459431618637296,expanding,0.9690509347373399,0.9555060987841788,0.979193313062173,bivariate_enhancement
111,55.0,20.0,212.79460774912712,11.044144874951506,0.0,5.326758157520544,305.2936820007759,0.0,0.24161177811977205,4.129157760416362,769.2307692307693,44.44444444444444,0.5,1.2549471261506067,769.2307692307693,44.44444444444444,0.5,1.2549471261506067,stable,0.9688044907790831,0.952306326518556,0.9804704107893034,bivariate_enhancement
112,60.0,20.0,509.65031277341086,27.536128487411712,0.0,2.2208738046770655,41.421944201412586,1.6265443709572973,0.20075783727504873,4.430165243636855,2000.0,25.0,0.3333333333333333,1.3652123889719707,400.0,56.25,1.0,1.2090619551221675,aggregating,0.9693503726329502,0.9495104564449524,0.9815640289443378,bivariate_enhancement
113,65.0,20.0,814.9426328759573,30.0,0.0,20.029215993849764,0.0,7.939559697460239,0.29162004499694194,11.335602887102809,400.0,56.25,1.0,1.2090619551221675,10000.0,0.0,0.25,1.0,fragmenting,0.9709467057524175,0.9478981823869093,0.982512288821333,bivariate_enhancement
114,70.0,20.0,555.7885797613809,30.0,0.0,5.130280070840495,0.41015132321700065,5.077374167377525,0.22325174010270404,6.179748932645855,2000.0,25.0,0.3333333333333333,1.3652123889719707,400.0,56.25,1.0,1.2090619551221675,aggregating,0.9733943193451271,0.9475972215114132,0.9834274004812751,bivariate_enhancement
115,75.0,20.0,229.47890867336002,11.971050481853334,0.0,0.0,290.4631922903467,1.3650069066009352,0.0646245162721226,0.14962978267226842,400.0,56.25,1.0,1.2090619551221675,10000.0,0.0,0.25,1.0,fragmenting,0.9760508135769064,0.9477699484096196,0.9842925416392723,bivariate_enhancement
116,80.0,20.0,140.09707993204375,7.005393329557986,0.30279185255469554,0.0,369.9137067270722,0.0,0.0,2.120840013678655,400.0,56.25,1.0,1.2090619551221675,10000.0,0.0,0.25,1.0,fragmenting,0.9781023314623035,0.9473955780723667,0.9849800165535672,bivariate_enhancement
117,85.0,20.0,142.24093723367423,7.1244965129819,0.7434564582844637,0.0,368.00805579228955,0.0,0.0,-0.10308990167384158,2000.0,25.0,0.5,1.3652123889719707,2500.0,35.59322033898305,0.8,1.0459431618637296,expanding,0.9789785233892584,0.9459818521343715,0.9853728791164752,bivariate_enhancement
118,90.0,20.0,125.52815409212145,6.196008560673414,1.059525911299171,0.0,382.8638630292254,0.0,0.0,1.862275741805413,2000.0,25.0,0.3333333333333333,1.3652123889719707,400.0,56.25,1.0,1.2090619551221675,aggregating,0.97866154131644,0.9436376473387337,0.9854099187078772,bivariate_enhancement
119,95.0,20.0,93.10150391458288,4.394527995254604,1.27176607038466,0.0,411.68755207592636,1.5461045695770022,0.0,-0.285511014496631,2000.0,25.0,0.5,1.3652123889719707,2500.0,35.59322033898305,0.8,1.0459431618637296,expanding,0.9777167471453825,0.9410469655571163,0.9851838772432604,bivariate_enhancement
120,100.0,20.0,187.08623935384793,9.615902186324885,1.170244229785137,0.0,328.14556501880185,3.9583077419370194,0.09149771693321956,0.2901410652236444,400.0,56.25,1.0,1.2090619551221675,10000.0,0.0,0.25,1.0,fragmenting,0.9770521174786154,0.9393221911298639,0.9849693301811443,bivariate_enhancement
121,105.0,20.0,468.2960146839694,25.238667482442747,0.38702571402402536,0.878304168773689,78.18132028091607,0.0,0.1865646682646566,1.4382825702858728,769.2307692307693,44.44444444444444,0.5,1.2549471261506067,769.2307692307693,44.44444444444444,0.5,1.2549471261506067,stable,0.9775088618613333,0.9396268119982076,0.9850905981274857,bivariate_enhancement
122,110.0,20.0,712.6066338173767,30.0,0.0,4.781614014742194,0.0,0.0,0.308072403601172,7.94952818426737,2000.0,25.0,0.5,1.3652123889719707,2500.0,35.59322033898305,0.8,1.0459431618637296,expanding,0.9794749557697302,0.9428001805739521,0.9858343099547894,bivariate_enhancement
123,115.0,20.0,790.8710500655703,30.0,0.9989213314613996,0.047304183839304015,0.0,0.0,0.3822920194687828,3.5851471080384893,400.0,56.25,1.0,1.2090619551221675,10000.0,0.0,0.25,1.0,fragmenting,0.9827374535645128,0.9490541597578261,0.9873530461868238,bivariate_enhancement
124,120.0,20.0,869.1354663137638,30.0,2.058907364819948,0.0,0.0,0.0,0.4750430573089779,1.6308572159435695,2000.0,25.0,0.5,1.3652123889719707,2500.0,35.59322033898305,0.8,1.0459431618637296,expanding,0.9866605881046311,0.9578116199161162,0.9895530428397797,bivariate_enhancement
125,0.0,25.0,279.1516814788739,14.73064897104855,0.6036916684921039,5.367449115646873,246.3096164632232,5.438266645545945,0.14564605223433286,1.0714764849322802,2000.0,25.0,0.3333333333333333,1.3652123889719707,400.0,56.25,1.0,1.2090619551221675,aggregating,0.986567977078945,0.9883138753433994,0.9909615281893768,bivariate_enhancement
126,5.0,25.0,217.7891482954448,11.321619349746934,0.6955261195748301,4.660718112560659,300.85409040404903,9.127104211782342,0.09696933475537795,-0.2987494244373796,2000.0,25.0,0.5,1.3652123889719707,2500.0,35.59322033898305,0.8,1.0459431618637296,expanding,0.9818871065455373,0.9839252415478514,0.9874158743978028,bivariate_enhancement
127,10.0,25.0,156.42661511201572,7.912589728445318,0.7873605706575565,3.239767684172662,355.39856434487496,12.815941778018738,0.03369206378138728,0.4786754328545663,400.0,56.25,1.0,1.2090619551221675,10000.0,0.0,0.25,1.0,fragmenting,0.9773644236630045,0.9793517275386371,0.9836056368485053,bivariate_enhancement
128,15.0,25.0,195.00324514755587,10.05573584153088,0.8659995915755316,7.111352904789912,321.1082265355059,5.0637767829259595,0.09721192279483186,0.04653579794352791,400.0,56.25,1.0,1.2090619551221675,10000.0,0.0,0.25,1.0,fragmenting,0.9736532987191636,0.9751861780735713,0.9801236878285329,bivariate_enhancement
129,20.0,25.0,255.78857812064473,13.432698784480262,0.9417062946791175,10.33359617675949,267.07681944831586,0.0,0.16804236854031454,1.9230313115358781,2000.0,25.0,0.5,1.3652123889719707,2500.0,35.59322033898305,0.8,1.0459431618637296,expanding,0.9711799201293632,0.9717940345074404,0.9776408614172003,bivariate_enhancement
130,25.0,25.0,286.06123907840686,15.114513282133714,0.34586817748153625,9.859345839717893,240.16778748586057,0.0,0.17616351855717718,3.588386709065726,2000.0,25.0,0.3333333333333333,1.3652123889719707,400.0,56.25,1.0,1.2090619551221675,aggregating,0.9699508942214967,0.9690251479642217,0.9763445152164629,bivariate_enhancement
131,30.0,25.0,302.05436550481284,16.003020305822936,0.0,6.696408901435145,225.95167510683302,0.0,0.19297938917728438,4.812465433576097,2000.0,25.0,0.5,1.3652123889719707,2500.0,35.59322033898305,0.8,1.0459431618637296,expanding,0.9695962920406906,0.9663336119879467,0.9758510410132187,bivariate_enhancement
132,35.0,25.0,300.3462652740203,15.908125848556685,0.1261567679859616,4.3792049092534775,227.46998642309305,0.0,0.2023929129540405,6.39247760741923,2000.0,25.0,0.3333333333333333,1.3652123889719707,400.0,56.25,1.0,1.2090619551221675,aggregating,0.9695897261533151,0.9632057036230024,0.9758336371066203,bivariate_enhancement
133,40.0,25.0,277.3966930545897,14.633149614143871,1.0218491529800218,2.344914594733103,247.86960617369806,0.0,0.20561879455640894,1.8791694027771637,2000.0,25.0,0.3333333333333333,1.3652123889719707,400.0,56.25,1.0,1.2090619551221675,aggregating,0.9694841727304003,0.9595274016498747,0.9762817472300004,bivariate_enhancement
134,45.0,25.0,249.96794461839102,13.109330256577278,1.5101919733325029,1.1438996856681172,272.2507158947636,0.0,0.2239899705090262,3.7477528327621688,400.0,56.25,1.0,1.2090619551221675,10000.0,0.0,0.25,1.0,fragmenting,0.969070585578934,0.9556354588212979,0.9771975040968576,bivariate_enhancement
135,50.0,25.0,235.71235993552088,12.31735332975116,0.730675996453032,4.064776575472137,284.92234672398143,0.0,0.2590145043944813,3.773888740735632,769.2307692307693,44.44444444444444,0.5,1.2549471261506067,769.2307692307693,44.44444444444444,0.5,1.2549471261506067,stable,0.9684471593027897,0.9519097675416668,0.9783786878611046,bivariate_enhancement
136,55.0,25.0,271.8699024011052,14.326105688950289,0.0,5.950466509931309,252.78230897679538,0.0,0.24388149963499098,4.061150615967186,769.2307692307693,44.44444444444444,0.5,1.2549471261506067,769.2307692307693,44.44444444444444,0.5,1.2549471261506067,stable,0.9679979176906004,0.9484336671650251,0.9795473922467693,bivariate_enhancement
137,60.0,25.0,435.39421138058526,23.410789521143624,0.0,0.8433898379350744,107.427367661702,0.0,0.2017351861177655,2.965192908661325,2000.0,25.0,0.3333333333333333,1.3652123889719707,400.0,56.25,1.0,1.2090619551221675,aggregating,0.9682353388978879,0.9455577631979952,0.9805618175526888,bivariate_enhancement
138,65.0,25.0,608.3937963332513,30.0,0.0,7.753640886591103,0.0,5.2526370895605545,0.21350749021832985,6.885998330005459,2000.0,25.0,0.3333333333333333,1.3652123889719707,400.0,56.25,1.0,1.2090619551221675,aggregating,0.9695016324977062,0.9441952253438768,0.9814497680786197,bivariate_enhancement
139,70.0,25.0,443.23933185571224,23.84662954753957,0.0,0.0,100.45392723936688,3.148316107795518,0.17743105750022137,1.093506651622836,2000.0,25.0,0.5,1.3652123889719707,2500.0,35.59322033898305,0.8,1.0459431618637296,expanding,0.9716911337329448,0.9448238178095365,0.9822911225977347,bivariate_enhancement
140,75.0,25.0,229.77212790205323,11.987340439002958,0.30752765702872936,0.0,290.2025529759527,0.28643226155612794,0.03809135278687234,-0.07148985569624655,769.2307692307693,44.44444444444444,0.5,1.2549471261506067,769.2307692307693,44.44444444444444,0.5,1.2549471261506067,stable,0.9742137491967544,0.9466595353021604,0.9830416660498233,bivariate_enhancement
141,80.0,25.0,168.1652811635885,8.564737842421582,0.8227630846077448,0.0,344.9641945212547,0.0,0.0,-1.227321969521719,2000.0,25.0,0.5,1.3652123889719707,2500.0,35.59322033898305,0.8,1.0459431618637296,expanding,0.9762703689386157,0.9482719908733007,0.9835666629597959,bivariate_enhancement
142,85.0,25.0,167.13040201409615,8.507244556338675,1.3363273099820054,0.0,345.8840870985812,0.0,0.0,-1.3233502894507172,400.0,56.25,1.0,1.2090619551221675,10000.0,0.0,0.25,1.0,fragmenting,0.9772916872916476,0.9485725876397766,0.983762625659,bivariate_enhancement
143,90.0,25.0,159.74522274338227,8.096956819076793,1.3907189315011184,0.0,352.4486908947713,0.0,0.0,1.3237724251279068,769.2307692307693,44.44444444444444,0.5,1.2549471261506067,769.2307692307693,44.44444444444444,0.5,1.2549471261506067,stable,0.9772330924158702,0.9472039775487904,0.9835734347724501,bivariate_enhancement
144,95.0,25.0,147.06812670498397,7.392673705832443,1.0624667164742738,0.0,363.7172207066809,0.9547615720356131,0.0,0.11723224361769252,2000.0,25.0,0.5,1.3652123889719707,2500.0,35.59322033898305,0.8,1.0459431618637296,expanding,0.9765697916589011,0.9446795714243179,0.9831402217805942,bivariate_enhancement
145,100.0,25.0,249.98365167958062,13.110202871087813,0.7508474981096915,0.0,272.23675406259497,1.1741424720263636,0.050840814304544124,-0.2878348072568422,400.0,56.25,1.0,1.2090619551221675,10000.0,0.0,0.25,1.0,fragmenting,0.9761066154387411,0.9422163622753159,0.9828099596726856,bivariate_enhancement
146,105.0,25.0,498.93312805586953,26.940729336437194,0.3438816838829385,1.954600184262334,50.94833061700488,0.0,0.199497730724218,4.259627740420984,769.2307692307693,44.44444444444444,0.5,1.2549471261506067,769.2307692307693,44.44444444444444,0.5,1.2549471261506067,stable,0.9766508477312585,0.941285630798699,0.982957653586278,bivariate_enhancement
147,110.0,25.0,718.9227490806561,30.0,0.09850989486807127,6.536365138836646,0.0,0.0,0.28142899652950176,9.255932268250334,2000.0,25.0,0.3333333333333333,1.3652123889719707,400.0,56.25,1.0,1.2090619551221675,aggregating,0.9786349634450145,0.9431231817161394,0.9839098735479916,bivariate_enhancement
148,115.0,25.0,808.5930210236819,30.0,0.5803112193066876,2.3023984301691205,0.0,0.0,0.3217450476855178,6.092377293816349,2000.0,25.0,0.5,1.3652123889719707,2500.0,35.59322033898305,0.8,1.0459431618637296,expanding,0.9819250704433798,0.9482906873483149,0.98579495511821,bivariate_enhancement
149,120.0,25.0,898.2632929667076,30.0,1.0621125437453038,0.0,0.0,0.0,0.36610763545730873,0.985458531730542,400.0,56.25,1.0,1.2090619551221675,10000.0,0.0,0.25,1.0,fragmenting,0.9859421220361884,0.9564140373484972,0.9884301621947252,bivariate_enhancement
150,0.0,30.0,336.12120155448673,17.895622308582595,0.6779013963432253,1.1734134372723544,195.67004306267845,0.0,0.22093955814265193,2.919525266145337,2000.0,25.0,0.3333333333333333,1.3652123889719707,400.0,56.25,1.0,1.2090619551221675,aggregating,0.986408287906568,0.9881620430779604,0.9904235484375344,bivariate_enhancement
151,5.0,30.0,230.81447906773658,12.045248837096477,1.6028709923783726,2.208958955996478,289.2760186064564,0.250799796335867,0.1957686813951496,3.310729980791895,400.0,56.25,1.0,1.2090619551221675,10000.0,0.0,0.25,1.0,fragmenting,0.9819441759027907,0.9840617597367977,0.9869394653825223,bivariate_enhancement
152,10.0,30.0,125.50775658098634,6.194875365610352,2.5278405884135204,4.470307011729522,382.8819941502344,1.1426675544328182,0.14037611680958073,2.414235764898492,769.2307692307693,44.44444444444444,0.5,1.2549471261506067,769.2307692307693,44.44444444444444,0.5,1.2549471261506067,stable,0.9777084954335772,0.9798949750412967,0.9833218102848635,bivariate_enhancement
153,15.0,30.0,116.28689375706331,5.6826052087257395,2.3609732795613696,10.516468225935823,391.07831666038817,0.7185641491957979,0.0,3.7296568408237167,2000.0,25.0,0.5,1.3652123889719707,2500.0,35.59322033898305,0.8,1.0459431618637296,expanding,0.9742567117259727,0.9761181419815048,0.9801392672207011,bivariate_enhancement
154,20.0,30.0,128.41844419154629,6.356580232863683,1.9514755474009309,16.850744227220602,380.2947162741811,0.002022707662338752,0.0,4.762024987980008,2000.0,25.0,0.3333333333333333,1.3652123889719707,400.0,56.25,1.0,1.2090619551221675,aggregating,0.9719124342338471,0.972916651741246,0.9779959538808664,bivariate_enhancement
155,25.0,30.0,219.64922954776893,11.424957197098275,0.7718491180168543,15.267012905067688,299.20068484642763,0.10120396037797338,0.0,4.838304230081105,769.2307692307693,44.44444444444444,0.5,1.2549471261506067,769.2307692307693,44.44444444444444,0.5,1.2549471261506067,stable,0.9706501012543226,0.9699909945481913,0.976999558212576,bivariate_enhancement
156,30.0,30.0,346.3036934477311,18.46131630265173,0.0,8.373571517035359,186.61893915757233,1.1571061565187961,0.09958145937996214,4.308926474327423,769.2307692307693,44.44444444444444,0.5,1.2549471261506067,769.2307692307693,44.44444444444444,0.5,1.2549471261506067,stable,0.970159412193264,0.9667630424559703,0.976696023416347,bivariate_enhancement
157,35.0,30.0,403.7561377578232,21.65311876432351,0.0,4.808974501581121,135.55009977082383,1.6600859472141927,0.1860324663589365,4.287462871410707,769.2307692307693,44.44444444444444,0.5,1.2549471261506067,769.2307692307693,44.44444444444444,0.5,1.2549471261506067,stable,0.970023306854386,0.9628354832099938,0.9767029436061909,bivariate_enhancement
158,40.0,30.0,378.16615856007115,20.231453253337286,0.08196830587184678,3.119587816700184,158.29674794660343,1.4995588513750746,0.23259294383055262,3.754625595799056,400.0,56.25,1.0,1.2090619551221675,10000.0,0.0,0.25,1.0,fragmenting,0.9698925844102944,0.9582683517255534,0.9769794578330939,bivariate_enhancement
159,45.0,30.0,342.99595323536346,18.277552957520193,0.49942890098818155,1.7151114815592354,189.55915267967694,0.0,0.29729759207102757,1.2325444451895278,2000.0,25.0,0.3333333333333333,1.3652123889719707,400.0,56.25,1.0,1.2090619551221675,aggregating,0.9695640948070784,0.9534990759648626,0.977555188105075,bivariate_enhancement
160,50.0,30.0,304.372679785569,16.131815543642723,0.0,4.620854998493501,223.89095130171643,0.0,0.3413992340506189,4.630257410160239,2000.0,25.0,0.3333333333333333,1.3652123889719707,400.0,56.25,1.0,1.2090619551221675,aggregating,0.9690250701796603,0.9490369533368238,0.9783666611805775,bivariate_enhancement
161,55.0,30.0,294.2000839389317,15.56667132994065,0.0,7.79002905237417,232.9332587209496,0.0,0.34134474833291895,3.174733036542386,2000.0,25.0,0.3333333333333333,1.3652123889719707,400.0,56.25,1.0,1.2090619551221675,aggregating,0.9685323037310275,0.9451881813267469,0.9792276023250008,bivariate_enhancement
162,60.0,30.0,237.1212409219453,12.395624495663627,0.0,3.2070064029134424,283.670008069382,0.0,0.3521027249241011,2.5244916111900526,2000.0,25.0,0.5,1.3652123889719707,2500.0,35.59322033898305,0.8,1.0459431618637296,expanding,0.9685636305035,0.9423079469972802,0.9799926977609392,bivariate_enhancement
163,65.0,30.0,190.55633477306841,9.808685265170467,0.0,0.0,325.0610357572725,4.894516608441319,0.35082619147745164,1.8639555712950222,2000.0,25.0,0.5,1.3652123889719707,2500.0,35.59322033898305,0.8,1.0459431618637296,expanding,0.9695070171988333,0.9412129519861577,0.9806847634193101,bivariate_enhancement
164,70.0,30.0,216.4862785581271,11.24923769767373,0.0,0.0,302.01219683722036,0.70723329193796,0.23120892650027278,1.4661257986713583,2000.0,25.0,0.5,1.3652123889719707,2500.0,35.59322033898305,0.8,1.0459431618637296,expanding,0.9713070030634436,0.9425045207802177,0.9813807696146879,bivariate_enhancement
165,75.0,30.0,242.47606246660249,12.693114581477916,0.4564810493277069,0.0,278.9101666963534,0.0,0.14101864454718233,2.3169365363189787,2000.0,25.0,0.3333333333333333,1.3652123889719707,400.0,56.25,1.0,1.2090619551221675,aggregating,0.9734069201125201,0.9455256835899393,0.9819956398334216,bivariate_enhancement
166,80.0,30.0,246.86038726718783,12.936688181510434,1.1932390470098189,0.0,275.01298909583306,0.0,0.061002302285656146,0.26569892769287456,769.2307692307693,44.44444444444444,0.5,1.2549471261506067,769.2307692307693,44.44444444444444,0.5,1.2549471261506067,stable,0.9750824300050462,0.9486356162495967,0.9823290076882574,bivariate_enhancement
167,85.0,30.0,244.94007611980862,12.830004228878257,1.927420343220731,0.0,276.71993233794785,0.0,0.0,-0.7280109975851092,400.0,56.25,1.0,1.2090619551221675,10000.0,0.0,0.25,1.0,fragmenting,0.975923333822612,0.9502510518718682,0.9822398917985055,bivariate_enhancement
168,90.0,30.0,252.6631343097746,13.2590630172097,1.8006520205997463,0.0,269.85499172464483,0.0,0.0,0.34538001503102034,400.0,56.25,1.0,1.2090619551221675,10000.0,0.0,0.25,1.0,fragmenting,0.97598481923953,0.9495949275452683,0.981750325483437,bivariate_enhancement
169,95.0,30.0,268.422333614195,14.1345740896775,0.9564256822855142,0.0,255.84681456516,0.0,0.0,0.632478192021944,2000.0,25.0,0.5,1.3652123889719707,2500.0,35.59322033898305,0.8,1.0459431618637296,expanding,0.9755905333350171,0.9470669179859956,0.9811378121091083,bivariate_enhancement
170,100.0,30.0,361.2794390953987,19.293302171966594,0.36979516978664795,0.0,173.30716524853452,0.0,0.10688450535466518,0.6149416673934476,2000.0,25.0,0.3333333333333333,1.3652123889719707,400.0,56.25,1.0,1.2090619551221675,aggregating,0.9753120287606025,0.944049409861531,0.9807546423488636,bivariate_enhancement
171,105.0,30.0,544.8495043687665,29.491639131598134,0.3096429499208357,4.043081635265462,10.133773894429865,0.0,0.20835313152017346,7.441278986514283,769.2307692307693,44.44444444444444,0.5,1.2549471261506067,769.2307692307693,44.44444444444444,0.5,1.2549471261506067,stable,0.9758837182888092,0.9423305804499864,0.9809699484940881,bivariate_enhancement
172,110.0,30.0,694.5074032815053,30.0,0.1772211185905751,7.85599337385964,0.0,0.0,0.15757306669578297,8.213797091861707,400.0,56.25,1.0,1.2090619551221675,10000.0,0.0,0.25,1.0,fragmenting,0.9778068797259148,0.9434394582923337,0.9821471947261444,bivariate_enhancement
173,115.0,30.0,691.5605535714128,30.0,0.0,5.039561614409353,0.0,0.0,0.15025363061261315,7.792439533045367,400.0,56.25,1.0,1.2090619551221675,10000.0,0.0,0.25,1.0,fragmenting,0.9810569854856037,0.9480972362619916,0.9843897809591717,bivariate_enhancement
174,120.0,30.0,688.6137038613205,30.0,0.0,2.307052728629989,0.0,0.0,0.14317916624913762,4.019114445298317,400.0,56.25,1.0,1.2090619551221675,10000.0,0.0,0.25,1.0,fragmenting,0.9851291202964199,0.9559564908578959,0.9874257504338326,bivariate_enhancement
175,0.0,35.0,426.76589981462985,22.931438878590548,0.4006102364275823,1.1850405231588597,115.09697794255125,0.0,0.23982373533762127,2.7716249239362596,2000.0,25.0,0.5,1.3652123889719707,2500.0,35.59322033898305,0.8,1.0459431618637296,expanding,0.9862542548347744,0.9884163181239085,0.9902908843615141,bivariate_enhancement
176,5.0,35.0,307.10382203571965,16.28354566865109,1.3816249441540662,2.4985907298946346,221.46326930158256,0.0,0.2729032232173034,1.8374899253281498,769.2307692307693,44.44444444444444,0.5,1.2549471261506067,769.2307692307693,44.44444444444444,0.5,1.2549471261506067,stable,0.982142064784489,0.9846907030712753,0.9870485111997944,bivariate_enhancement
177,10.0,35.0,187.44174425680947,9.635652458711638,2.362639651880551,7.093970165516649,327.82956066061377,0.0,0.266291622895531,1.3432014380790158,769.2307692307693,44.44444444444444,0.5,1.2549471261506067,769.2307692307693,44.44444444444444,0.5,1.2549471261506067,stable,0.978374024493789,0.9809922229957183,0.9837949076147497,bivariate_enhancement
178,15.0,35.0,164.16517137712341,8.3425095209513,2.184677242976467,10.066695656210557,348.5198476647792,0.0,0.0,2.270564074141626,769.2307692307693,44.44444444444444,0.5,1.2549471261506067,769.2307692307693,44.44444444444444,0.5,1.2549471261506067,stable,0.9753594320315726,0.9776398954893224,0.9810262285754263,bivariate_enhancement
179,20.0,35.0,162.3075995861538,8.239311088119656,1.7491643637100351,12.26946871674198,350.1710225900855,2.3946658504902283,0.0,2.6375940692608584,769.2307692307693,44.44444444444444,0.5,1.2549471261506067,769.2307692307693,44.44444444444444,0.5,1.2549471261506067,stable,0.9732521859201825,0.974664106449148,0.9792514053417012,bivariate_enhancement
180,25.0,35.0,270.141715172948,14.230095287386,0.5846436036112604,11.008473296551857,254.318475401824,3.464875713100504,0.0,2.7929291563730896,769.2307692307693,44.44444444444444,0.5,1.2549471261506067,769.2307692307693,44.44444444444444,0.5,1.2549471261506067,stable,0.971946752344865,0.9716612230694719,0.9785163639337083,bivariate_enhancement
181,30.0,35.0,417.9487483894102,22.44159713274501,0.0,5.447006943395889,122.93444587607985,4.026441375205526,0.11560651368825846,5.578729431125952,400.0,56.25,1.0,1.2090619551221675,10000.0,0.0,0.25,1.0,fragmenting,0.9712124787398853,0.9680568250598156,0.9783567211540755,bivariate_enhancement
182,35.0,35.0,453.0933167475518,24.394073152641766,0.0,3.506503002926414,91.69482955773174,4.949704356985579,0.18062842610220217,3.3048108952422464,769.2307692307693,44.44444444444444,0.5,1.2549471261506067,769.2307692307693,44.44444444444444,0.5,1.2549471261506067,stable,0.9708343677351378,0.9635567392475489,0.97837737984529,bivariate_enhancement
183,40.0,35.0,353.0429272757088,18.83571818198382,0.0,3.0241110139261576,180.62850908825885,6.307004122375671,0.22950791598049658,2.42590292704287,769.2307692307693,44.44444444444444,0.5,1.2549471261506067,769.2307692307693,44.44444444444444,0.5,1.2549471261506067,stable,0.9706555352261143,0.9583494116592792,0.978483454716307,bivariate_enhancement
184,45.0,35.0,271.5853285780912,14.310296032116176,0.03584759672947041,0.373808105355264,253.03526348614122,4.988861492165747,0.3613104279048047,-1.5328299715674447,400.0,56.25,1.0,1.2090619551221675,10000.0,0.0,0.25,1.0,fragmenting,0.9705032944388677,0.9529310199448962,0.9786583085499234,bivariate_enhancement
185,50.0,35.0,258.77927470728775,13.59884859484932,0.0,4.636579276715262,264.41842248241085,0.0,0.4034601870593482,2.6226421059146148,2000.0,25.0,0.3333333333333333,1.3652123889719707,400.0,56.25,1.0,1.2090619551221675,aggregating,0.9702195854876867,0.9477931570186829,0.9789071764018424,bivariate_enhancement
186,55.0,35.0,259.56296516422003,13.64238695356778,0.0,9.122235029241967,263.7218087429155,0.0,0.40460095757995074,4.695080777278952,2000.0,25.0,0.3333333333333333,1.3652123889719707,400.0,56.25,1.0,1.2090619551221675,aggregating,0.969888067962434,0.9433421569330167,0.9792157204846031,bivariate_enhancement
187,60.0,35.0,110.18255746531564,5.343475414739758,0.0,7.873894881046147,396.5043933641639,0.0,0.49225010616396886,4.168038102254276,2000.0,25.0,0.3333333333333333,1.3652123889719707,400.0,56.25,1.0,1.2090619551221675,aggregating,0.9698984230062032,0.9401184153918972,0.9795336763995502,bivariate_enhancement
188,65.0,35.0,-27.645252470556287,0.0,0.0,2.2175237865549438,519.01800219605,4.297511784585989,0.5527111403692686,4.793615296019329,400.0,56.25,1.0,1.2090619551221675,10000.0,0.0,0.25,1.0,fragmenting,0.9706257149574988,0.9389441854286557,0.9799247447654823,bivariate_enhancement
189,70.0,35.0,68.72226423747345,3.0401257909707473,0.0,0.0,433.35798734446803,0.1166910149694592,0.3264420368060639,0.37419188479160703,2000.0,25.0,0.3333333333333333,1.3652123889719707,400.0,56.25,1.0,1.2090619551221675,aggregating,0.9720209306841614,0.9403862307878836,0.980467592646566,bivariate_enhancement
190,75.0,35.0,188.62735840303864,9.701519911279924,0.9215451683887181,0.0,326.7756814195212,0.0,0.18086567186254549,2.1246619695553894,2000.0,25.0,0.5,1.3652123889719707,2500.0,35.59322033898305,0.8,1.0459431618637296,expanding,0.9735428716143316,0.9438398126825182,0.9809880961877527,bivariate_enhancement
191,80.0,35.0,230.77820112144286,12.043233395635715,1.4672582308284141,0.0,289.30826566982853,0.0,0.1252310273241875,0.7282685182463228,2000.0,25.0,0.3333333333333333,1.3652123889719707,400.0,56.25,1.0,1.2090619551221675,aggregating,0.9745539159744643,0.947567448541032,0.9811609040612034,bivariate_enhancement
192,85.0,35.0,243.7416883488756,12.763427130493088,1.7312554949220234,0.0,277.7851659121106,1.4122354718584726,0.0834993274094201,0.6482630751694306,2000.0,25.0,0.5,1.3652123889719707,2500.0,35.59322033898305,0.8,1.0459431618637296,expanding,0.9748652189351166,0.9496802273818469,0.9807903095712439,bivariate_enhancement
193,90.0,35.0,295.99034596757895,15.666130331532164,1.427488505730971,0.0,231.34191469548537,1.1652948655915165,0.07985532286445586,0.5106291620620934,2000.0,25.0,0.5,1.3652123889719707,2500.0,35.59322033898305,0.8,1.0459431618637296,expanding,0.97477249039573,0.9491722153446297,0.9800330006615267,bivariate_enhancement
194,95.0,35.0,380.97664557900765,20.387591421055983,0.6505846388027042,0.0,155.7985372631043,0.0,0.1181467833224089,0.6065897904881308,2000.0,25.0,0.5,1.3652123889719707,2500.0,35.59322033898305,0.8,1.0459431618637296,expanding,0.9745401991762739,0.9464428672898831,0.9793250581631072,bivariate_enhancement
195,100.0,35.0,463.49919028392674,24.97217723799593,0.24099376479048917,0.0,82.4451641920651,0.0,0.17936812163377905,2.831007361837119,769.2307692307693,44.44444444444444,0.5,1.2549471261506067,769.2307692307693,44.44444444444444,0.5,1.2549471261506067,stable,0.974434850291325,0.9430737971166623,0.9789919970378467,bivariate_enhancement
196,105.0,35.0,509.54654723908874,27.53036373550493,0.7500261633148155,2.4412077230713902,41.51418023192113,0.0,0.20042121852732192,1.9794386327658784,2000.0,25.0,0.3333333333333333,1.3652123889719707,400.0,56.25,1.0,1.2090619551221675,aggregating,0.9750476217908265,0.9411232706046629,0.97935773251223,bivariate_enhancement
197,110.0,35.0,551.2110447198588,29.845058039992153,1.051329436853183,3.8400155237552873,4.4790713601255305,0.0,0.17913261620573112,3.6393192539096133,2000.0,25.0,0.5,1.3652123889719707,2500.0,35.59322033898305,0.8,1.0459431618637296,expanding,0.9769206441829458,0.9422794223135131,0.9807587849971041,bivariate_enhancement
198,115.0,35.0,573.1526745658635,30.0,0.4178516479547263,4.025772118733568,0.0,0.0,0.1600414877734387,5.664147030543598,769.2307692307693,44.44444444444444,0.5,1.2549471261506067,769.2307692307693,44.44444444444444,0.5,1.2549471261506067,stable,0.980128028388097,0.9472371913182528,0.983269215158656,bivariate_enhancement
199,120.0,35.0,595.0943044118684,30.0,0.0,3.850033067446976,0.0,0.0,0.13486128157451854,6.329669734676238,769.2307692307693,44.44444444444444,0.5,1.2549471261506067,769.2307692307693,44.44444444444444,0.5,1.2549471261506067,stable,0.984243903648574,0.9554964509787408,0.9865783315125294,bivariate_enhancement
200,0.0,40.0,557.8208118962093,30.0,0.0,2.009452575896137,0.0,0.0,0.14158094071125688,4.739844788051737,400.0,56.25,1.0,1.2090619551221675,10000.0,0.0,0.25,1.0,fragmenting,0.9860879054483331,0.9887176106025308,0.9902843240387537,bivariate_enhancement
201,5.0,40.0,459.3099796385326,24.73944331325181,0.0,2.6895203684837328,86.16890698797101,0.0,0.23355919150759102,3.448633589274741,2000.0,25.0,0.5,1.3652123889719707,2500.0,35.59322033898305,0.8,1.0459431618637296,expanding,0.9823518614508309,0.9853395102137179,0.9873467067593917,bivariate_enhancement
202,10.0,40.0,360.79914738085597,19.26661929893644,0.0,6.740464916637961,173.73409121701692,0.0,0.2889713667954106,2.1907282259479492,2000.0,25.0,0.3333333333333333,1.3652123889719707,400.0,56.25,1.0,1.2090619551221675,aggregating,0.9790801123860459,0.9820762088392091,0.9845183469602697,bivariate_enhancement
203,15.0,40.0,363.95700380984687,19.442055767213716,0.002857536906671565,4.9264622253477945,170.92710772458054,1.1377425139579294,0.19496626186280103,3.805836778265346,400.0,56.25,1.0,1.2090619551221675,10000.0,0.0,0.25,1.0,fragmenting,0.9765328783463622,0.9791323279306423,0.9821885989257716,bivariate_enhancement
204,20.0,40.0,389.7079021692083,20.872661231622683,0.09235665632388601,2.2623031688250084,148.03742029403708,1.3790536445621535,0.10932061271957193,3.5786386293611407,769.2307692307693,44.44444444444444,0.5,1.2549471261506067,769.2307692307693,44.44444444444444,0.5,1.2549471261506067,stable,0.9746835079419793,0.9764279044950108,0.9807364851071003,bivariate_enhancement
205,25.0,40.0,460.91959498510715,24.82886638806151,0.0,2.336028561781823,84.73813779101587,0.2987252494003666,0.15390807201651457,3.3488367987523855,2000.0,25.0,0.3333333333333333,1.3652123889719707,400.0,56.25,1.0,1.2090619551221675,aggregating,0.9733252280507583,0.9735173917315817,0.9801772724526908,bivariate_enhancement
206,30.0,40.0,522.468675729602,28.248259762755666,0.0,1.507689671578841,30.027843795909348,0.0,0.22499628061985133,4.659601663879982,2000.0,25.0,0.5,1.3652123889719707,2500.0,35.59322033898305,0.8,1.0459431618637296,expanding,0.9723020237646914,0.9698508355143202,0.9800975675733858,bivariate_enhancement
207,35.0,40.0,437.5432635443912,23.530181308021735,0.0,3.1143542969551294,105.51709907165225,1.9041153624087372,0.14917726082218094,3.642219608338435,769.2307692307693,44.44444444444444,0.5,1.2549471261506067,769.2307692307693,44.44444444444444,0.5,1.2549471261506067,stable,0.9716231315872434,0.9651760815165199,0.9801327210078266,bivariate_enhancement
208,40.0,40.0,176.84845984353313,9.047136657974063,0.0,0.0,337.245813472415,8.62673023035167,0.12349698868222338,-0.7091121573566503,2000.0,25.0,0.3333333333333333,1.3652123889719707,400.0,56.25,1.0,1.2090619551221675,aggregating,0.9713500219679938,0.9597188250403613,0.9801315822582196,bivariate_enhancement
209,45.0,40.0,2.848343991724306,0.0,0.22888441417349098,0.0,491.91258311846724,11.515998653594323,0.33323945224537854,0.9878604626763283,400.0,56.25,1.0,1.2090619551221675,10000.0,0.0,0.25,1.0,fragmenting,0.9713640506984571,0.9540192910914101,0.9799737630901534,bivariate_enhancement
210,50.0,40.0,76.08139971501099,3.4489666508339436,0.0,1.491805925071545,426.8165335866569,3.45727819506372,0.4159921208014332,2.1482554887570036,2000.0,25.0,0.5,1.3652123889719707,2500.0,35.59322033898305,0.8,1.0459431618637296,expanding,0.9713952643982269,0.9485472017401281,0.9796411368190532,bivariate_enhancement
211,55.0,40.0,156.5650860144624,7.920282556359023,0.0,8.839196663241113,355.27547909825563,0.0,0.4124952461450456,4.832089589084741,2000.0,25.0,0.3333333333333333,1.3652123889719707,400.0,56.25,1.0,1.2090619551221675,aggregating,0.9713615530266284,0.9436146604721312,0.97927943893506,bivariate_enhancement
212,60.0,40.0,68.84501841109785,3.046945467283214,0.0,6.796364802829725,433.24887252346855,0.0,0.40007675961001,6.489321451488934,2000.0,25.0,0.5,1.3652123889719707,2500.0,35.59322033898305,0.8,1.0459431618637296,expanding,0.9715169067962964,0.9397809383413879,0.9790441154077186,bivariate_enhancement
213,65.0,40.0,-6.283790534311279,0.0,0.0,3.0939766082436484,500.0300360304989,3.4138457494473395,0.36826123679081774,0.6165662121203281,2000.0,25.0,0.3333333333333333,1.3652123889719707,400.0,56.25,1.0,1.2090619551221675,aggregating,0.9721665175210111,0.9379971058358577,0.9791093505713035,bivariate_enhancement
214,70.0,40.0,15.745096689137554,0.09694981606319741,0.0,0.0,480.4488029429889,1.7467973846678249,0.2420179963534202,-1.1637345044160259,2000.0,25.0,0.3333333333333333,1.3652123889719707,400.0,56.25,1.0,1.2090619551221675,aggregating,0.9732430916167597,0.9389018896142768,0.9795314654914284,bivariate_enhancement
215,75.0,40.0,54.91548798573899,2.2730826658743886,1.765942159564172,0.0,445.6306773460098,0.23325184186808717,0.13905833715454718,-0.6816631936003926,2000.0,25.0,0.3333333333333333,1.3652123889719707,400.0,56.25,1.0,1.2090619551221675,aggregating,0.9742164036188631,0.9419099600094369,0.9799850142110165,bivariate_enhancement
216,80.0,40.0,100.96326427648478,4.83129245980471,1.6255292803468357,0.0,404.6993206431246,0.0,0.17051056741228393,0.2642621389056058,2000.0,25.0,0.3333333333333333,1.3652123889719707,400.0,56.25,1.0,1.2090619551221675,aggregating,0.9745138459693665,0.9452535311076155,0.9800083958922607,bivariate_enhancement
217,85.0,40.0,147.73362632596803,7.429645906998225,0.5903811887783935,0.0,363.1256654880284,0.0,0.23111073639760232,0.2531487121291855,769.2307692307693,44.44444444444444,0.5,1.2549471261506067,769.2307692307693,44.44444444444444,0.5,1.2549471261506067,stable,0.9741230910400994,0.9469706105292083,0.9794019773587985,bivariate_enhancement
218,90.0,40.0,279.80871773507795,14.767150985282107,0.11460906610131028,0.0,245.72558423548628,0.260031066866377,0.21124095897282186,-1.2855322904576578,2000.0,25.0,0.3333333333333333,1.3652123889719707,400.0,56.25,1.0,1.2090619551221675,aggregating,0.9736319435681186,0.9460327102285732,0.9784821812874643,bivariate_enhancement
219,95.0,40.0,482.9710836105428,26.0539490894746,0.10498358416703235,1.2679256573762507,65.13681456840641,1.563784368662186,0.19740394787199894,2.054824352509006,2000.0,25.0,0.3333333333333333,1.3652123889719707,400.0,56.25,1.0,1.2090619551221675,aggregating,0.9734243115374148,0.9429114772505283,0.9777866329746236,bivariate_enhancement
220,100.0,40.0,554.8276979997073,30.0,0.41489346778659075,4.838447540327406,1.2642684447046193,0.04731286634593565,0.2132938566966235,5.430047071578638,2000.0,25.0,0.3333333333333333,1.3652123889719707,400.0,56.25,1.0,1.2090619551221675,aggregating,0.9735009078365767,0.9393589694508138,0.9776021131419098,bivariate_enhancement
221,105.0,40.0,376.7803899783215,20.15446610990675,1.7599557135360968,0.0,159.528542241492,0.0,0.19101811981095473,3.502605844621913,769.2307692307693,44.44444444444444,0.5,1.2549471261506067,769.2307692307693,44.44444444444444,0.5,1.2549471261506067,stable,0.9742336957345069,0.9375976208960992,0.9781849050243012,bivariate_enhancement
222,110.0,40.0,265.2574708432168,13.958748380178713,2.879914268563919,0.0,258.6600259171406,0.0,0.2272210665355567,3.057965622287358,2000.0,25.0,0.5,1.3652123889719707,2500.0,35.59322033898305,0.8,1.0459431618637296,expanding,0.9761336049599643,0.9393445051904465,0.9797927039016446,bivariate_enhancement
223,115.0,40.0,453.09430169637767,24.39412787202098,2.986906215344176,0.3187825254216454,91.69395404766432,0.0,0.21836753486127594,1.0196327336445061,2000.0,25.0,0.5,1.3652123889719707,2500.0,35.59322033898305,0.8,1.0459431618637296,expanding,0.9793278151710237,0.9451697330722869,0.9824553086755542,bivariate_enhancement
224,120.0,40.0,640.9311325495386,30.0,3.0938981621244332,6.820739356651999,0.0,0.0,0.1059697312370328,7.704559343195717,769.2307692307693,44.44444444444444,0.5,1.2549471261506067,769.2307692307693,44.44444444444444,0.5,1.2549471261506067,stable,0.983465419947501,0.9543557926950683,0.9858809311187755,bivariate_enhancement
225,0.0,45.0,555.6625509099713,30.0,0.0,1.9495009135546737,0.5221769689144082,0.0,0.1340225242073101,2.480559792607485,769.2307692307693,44.44444444444444,0.5,1.2549471261506067,769.2307692307693,44.44444444444444,0.5,1.2549471261506067,stable,0.9858725468618598,0.9887991115560733,0.9902670755313008,bivariate_enhancement
226,5.0,45.0,514.0009614592761,27.777831192182006,0.0,1.7069223294639002,37.55470092508793,0.0,0.18559576443330636,1.0280466888701176,2000.0,25.0,0.5,1.3652123889719707,2500.0,35.59322033898305,0.8,1.0459431618637296,expanding,0.9823992097574376,0.9856531810120434,0.9875904393171323,bivariate_enhancement
227,10.0,45.0,472.33937200858077,25.463298444921154,0.0,3.132927520303559,74.58722488126153,0.40491380661780174,0.22412822410954672,3.026952311700079,2000.0,25.0,0.3333333333333333,1.3652123889719707,400.0,56.25,1.0,1.2090619551221675,aggregating,0.9794822034814958,0.9827121898520415,0.9851233553825169,bivariate_enhancement
228,15.0,45.0,509.53436300504956,27.529686833613862,0.0,1.833112576788268,41.5250106621782,0.0,0.19652923058784086,2.1806026310698794,769.2307692307693,44.44444444444444,0.5,1.2549471261506067,769.2307692307693,44.44444444444444,0.5,1.2549471261506067,stable,0.977283550527925,0.980110189986826,0.983138700902273,bivariate_enhancement
229,20.0,45.0,564.2530385453325,30.0,0.0,3.0031657415780955,0.0,0.0,0.21429043764196787,4.321250973276128,400.0,56.25,1.0,1.2090619551221675,10000.0,0.0,0.25,1.0,fragmenting,0.9756560730819066,0.9777075352602533,0.9818800759003492,bivariate_enhancement
230,25.0,45.0,614.291236556698,30.0,0.0,3.248363194529971,0.0,0.0,0.28863976072912295,3.4745797367962634,2000.0,25.0,0.5,1.3652123889719707,2500.0,35.59322033898305,0.8,1.0459431618637296,expanding,0.9743096666433394,0.9750676690529697,0.9813705760349042,bivariate_enhancement
231,30.0,45.0,613.0825047588858,30.0,0.0,1.1057028201967198,0.0,0.0,0.3271722172138698,3.672706856403499,2000.0,25.0,0.3333333333333333,1.3652123889719707,400.0,56.25,1.0,1.2090619551221675,aggregating,0.9731157385123821,0.971664455083561,0.9813107803437234,bivariate_enhancement
232,35.0,45.0,459.5661231600668,24.7536735088926,0.0,2.330221709690856,85.9412238577184,2.2511040068071626,0.15668524822278843,3.3702467772320692,2000.0,25.0,0.5,1.3652123889719707,2500.0,35.59322033898305,0.8,1.0459431618637296,expanding,0.9722238642416982,0.9672085944234433,0.9813533319592647,bivariate_enhancement
233,40.0,45.0,123.28056180003932,6.071142322224406,0.16086125771687915,0.0,384.8617228444095,12.439944074850018,0.0,0.1475354124509855,2000.0,25.0,0.5,1.3652123889719707,2500.0,35.59322033898305,0.8,1.0459431618637296,expanding,0.9718460460514121,0.9618694014387873,0.981295952681987,bivariate_enhancement
234,45.0,45.0,-94.03593592004091,0.0,0.2834941657952078,0.0,578.0319430400364,17.962778040096346,0.18786728232581196,0.43558490478943274,2000.0,25.0,0.3333333333333333,1.3652123889719707,400.0,56.25,1.0,1.2090619551221675,aggregating,0.9719265683105841,0.9562070448729657,0.9809275146704908,bivariate_enhancement
235,50.0,45.0,18.92230792612019,0.27346155145112183,0.0,0.0,477.624615176782,9.893794228777786,0.38024544770598234,-1.380174692193343,400.0,56.25,1.0,1.2090619551221675,10000.0,0.0,0.25,1.0,fragmenting,0.972173000422534,0.9507351157694623,0.9801669910944676,bivariate_enhancement
236,55.0,45.0,133.396654058946,6.633147447719223,0.0,8.096903917282127,375.86964083649247,0.9860634063358813,0.4278860914289408,5.66926970580082,2000.0,25.0,0.5,1.3652123889719707,2500.0,35.59322033898305,0.8,1.0459431618637296,expanding,0.9724155608370139,0.9456935023589124,0.9792356127206574,bivariate_enhancement
237,60.0,45.0,67.67344516268494,2.9818580645936077,0.0,6.56276118104839,434.2902709665023,0.9278850092732034,0.33670257213600985,3.6180057485629535,2000.0,25.0,0.5,1.3652123889719707,2500.0,35.59322033898305,0.8,1.0459431618637296,expanding,0.9727758552653399,0.9414596807050962,0.9784984469707306,bivariate_enhancement
238,65.0,45.0,15.580155819302242,0.08778643440567979,0.0,4.049805591362249,480.59541704950914,0.8139981115083372,0.2178077066403476,4.783974351195765,2000.0,25.0,0.3333333333333333,1.3652123889719707,400.0,56.25,1.0,1.2090619551221675,aggregating,0.9734529434650886,0.9388732222759222,0.9782956577995032,bivariate_enhancement
239,70.0,45.0,-20.610570166651087,0.0,0.0,0.0,512.7649512592454,1.4416660483131172,0.12368218859639368,0.5056251804883815,2000.0,25.0,0.3333333333333333,1.3652123889719707,400.0,56.25,1.0,1.2090619551221675,aggregating,0.9743427284443129,0.9386565508001099,0.9786376623094222,bivariate_enhancement
240,75.0,45.0,-40.47761569747317,0.0,2.098134143978551,0.0,530.4245472866428,3.0253361546925785,0.03577988915877464,-0.9238033632091459,769.2307692307693,44.44444444444444,0.5,1.2549471261506067,769.2307692307693,44.44444444444444,0.5,1.2549471261506067,stable,0.9749253782182008,0.9404086948003907,0.9790317631561738,bivariate_enhancement
241,80.0,45.0,22.10408688910726,0.4502270493948477,1.5536677813905932,0.0,474.7963672096825,1.4632247524220494,0.16681845198522532,0.34737160112355103,2000.0,25.0,0.5,1.3652123889719707,2500.0,35.59322033898305,0.8,1.0459431618637296,expanding,0.9746672078079467,0.9425129843446828,0.978912394247008,bivariate_enhancement
242,85.0,45.0,111.92071398986681,5.440039666103711,0.0,1.7099872121979012,394.9593653423406,0.0,0.319422064158082,3.6381473325080824,2000.0,25.0,0.5,1.3652123889719707,2500.0,35.59322033898305,0.8,1.0459431618637296,expanding,0.9736504077160499,0.9431395026558157,0.9781284047638682,bivariate_enhancement
243,90.0,45.0,280.6484185043003,14.813801028016684,0.0,0.8975128358735829,244.97918355173306,0.0,0.2887627384284655,3.095682600330152,400.0,56.25,1.0,1.2090619551221675,10000.0,0.0,0.25,1.0,fragmenting,0.9727018434564967,0.9413722464896813,0.9771474074018521,bivariate_enhancement
244,95.0,45.0,515.1353541967947,27.84085301093304,0.0,2.5572805656719693,36.546351825071355,4.233237437647375,0.195942624293707,4.359566973307783,2000.0,25.0,0.5,1.3652123889719707,2500.0,35.59322033898305,0.8,1.0459431618637296,expanding,0.9724351165553987,0.9377772757628929,0.9765438292489896,bivariate_enhancement
245,100.0,45.0,551.2489813759037,29.847165631994653,0.6190739017273975,4.444251101325053,4.445349888085559,3.6192678731568444,0.1944714868717477,7.8843287997887375,2000.0,25.0,0.5,1.3652123889719707,2500.0,35.59322033898305,0.8,1.0459431618637296,expanding,0.9727125855732939,0.9341917103347681,0.9765542910876345,bivariate_enhancement
246,105.0,45.0,232.13522070090582,12.118623372272545,2.1839368769364107,0.0,288.1020260436393,0.0,0.2045213133013396,1.9887421290738634,400.0,56.25,1.0,1.2090619551221675,10000.0,0.0,0.25,1.0,fragmenting,0.9736552694785384,0.9328494712158689,0.9773578457406858,bivariate_enhancement
247,110.0,45.0,20.670100203073936,0.37056112239299654,3.5786549973573702,0.0,476.07102204171207,0.0,0.19893751446822844,0.8211403240786106,2000.0,25.0,0.5,1.3652123889719707,2500.0,35.59322033898305,0.8,1.0459431618637296,expanding,0.9756705622024269,0.9353968070317122,0.9791251101140733,bivariate_enhancement
248,115.0,45.0,293.6238605024914,15.534658916805078,4.207721271232115,0.0,233.44545733111875,0.0,0.2623753815398143,2.007716818203657,769.2307692307693,44.44444444444444,0.5,1.2549471261506067,769.2307692307693,44.44444444444444,0.5,1.2549471261506067,stable,0.9788856656646815,0.9422832133563429,0.9818620171117526,bivariate_enhancement
249,120.0,45.0,566.5776208019088,30.0,4.83678754510686,4.699473765488227,0.0,0.0,0.15960741751675656,9.155018489054314,769.2307692307693,44.44444444444444,0.5,1.2549471261506067,769.2307692307693,44.44444444444444,0.5,1.2549471261506067,stable,0.9830071320588574,0.9526105256857329,0.9853273541892991,bivariate_enhancement
250,0.0,50.0,222.32886192156448,11.573825662309138,0.0,0.0,296.81878940305376,0.0,0.36209029192926134,2.9960603264839953,769.2307692307693,44.44444444444444,0.5,1.2549471261506067,769.2307692307693,44.44444444444444,0.5,1.2549471261506067,stable,0.9855721132185612,0.988595642701875,0.9902357852188419,bivariate_enhancement
251,5.0,50.0,316.4892955355125,16.804960863084027,0.0,1.7903528471077115,213.12062619065557,0.0,0.304713446999417,0.10689135787726345,769.2307692307693,44.44444444444444,0.5,1.2549471261506067,769.2307692307693,44.44444444444444,0.5,1.2549471261506067,stable,0.9821799664997684,0.9855427170579271,0.987733886849834,bivariate_enhancement
252,10.0,50.0,410.6497291494606,22.03609606385892,0.0,3.7794094708072445,129.42246297825727,0.0,0.24981056442326138,1.5912399788622444,2000.0,25.0,0.5,1.3652123889719707,2500.0,35.59322033898305,0.8,1.0459431618637296,expanding,0.9793979527334804,0.9827826712996783,0.9855012161815442,bivariate_enhancement
253,15.0,50.0,485.93385623254335,26.21854756847463,0.0,2.1391418004908678,62.50323890440592,0.0,0.20368758283039126,4.9882652165607375,2000.0,25.0,0.3333333333333333,1.3652123889719707,400.0,56.25,1.0,1.2090619551221675,aggregating,0.977358034431406,0.9804235146281638,0.9837122575324421,bivariate_enhancement
254,20.0,50.0,557.0232485309892,30.0,0.0,2.4013193622855535,0.0,0.0,0.20546631295285198,2.8801852694856365,2000.0,25.0,0.3333333333333333,1.3652123889719707,400.0,56.25,1.0,1.2090619551221675,aggregating,0.9758855483740662,0.9783095715856764,0.9824975380348596,bivariate_enhancement
255,25.0,50.0,616.4447232580641,30.0,0.4677010727231484,2.1784211703052185,0.0,0.0,0.271484200641288,3.524188819284098,769.2307692307693,44.44444444444444,0.5,1.2549471261506067,769.2307692307693,44.44444444444444,0.5,1.2549471261506067,stable,0.9746593400160175,0.9760312027409672,0.9819016813576151,bivariate_enhancement
256,30.0,50.0,626.8308867974204,30.0,1.117940288377778,0.7374154011616829,0.0,1.8681139279126397,0.3298234278036517,3.903682940596596,2000.0,25.0,0.3333333333333333,1.3652123889719707,400.0,56.25,1.0,1.2090619551221675,aggregating,0.9735218032276965,0.9730661906394906,0.9817603096289882,bivariate_enhancement
257,35.0,50.0,553.686566864693,29.9825870480385,1.155717247924264,1.4119189403239107,2.278607231384022,11.357848765786818,0.25518265853981925,3.7393625698243564,769.2307692307693,44.44444444444444,0.5,1.2549471261506067,769.2307692307693,44.44444444444444,0.5,1.2549471261506067,stable,0.9726220876652648,0.9690436000046676,0.9817595098192824,bivariate_enhancement
258,40.0,50.0,380.30566676546505,20.350314820303616,0.4585395001409748,1.9242897965248742,156.39496287514217,19.47038462884889,0.134692345777279,1.5605058534780931,400.0,56.25,1.0,1.2090619551221675,10000.0,0.0,0.25,1.0,fragmenting,0.9721999928755708,0.9640450026138725,0.9816168951550047,bivariate_enhancement
259,45.0,50.0,262.6281493399471,13.812674963330391,0.0,0.7306290901363783,260.99720058671375,22.951573107028945,0.2010578063514047,-0.4525081068426254,769.2307692307693,44.44444444444444,0.5,1.2549471261506067,769.2307692307693,44.44444444444444,0.5,1.2549471261506067,stable,0.9722472840699048,0.9586327993415197,0.98110016210822,bivariate_enhancement
260,50.0,50.0,299.77899638512065,15.876610910284478,0.0,4.302148486266017,227.97422543544835,12.825139524087385,0.3354399846025122,2.2186390830900145,2000.0,25.0,0.3333333333333333,1.3652123889719707,400.0,56.25,1.0,1.2090619551221675,aggregating,0.9725325764344396,0.9533776313146519,0.9801104659583412,bivariate_enhancement
261,55.0,50.0,328.75195172481176,17.48621954026732,0.0,7.149992872691209,202.22048735572287,1.5276488632596663,0.39528913516513847,3.8778693346632855,2000.0,25.0,0.5,1.3652123889719707,2500.0,35.59322033898305,0.8,1.0459431618637296,expanding,0.9729028449271457,0.9485138948372175,0.9788791421065558,bivariate_enhancement
262,60.0,50.0,181.65582989770058,9.314212772094477,0.0,7.53629585527942,332.9725956464884,0.0,0.3299188422568074,3.759139174746717,2000.0,25.0,0.3333333333333333,1.3652123889719707,400.0,56.25,1.0,1.2090619551221675,aggregating,0.9734060570464452,0.9442432487134648,0.9778762926356984,bivariate_enhancement
263,65.0,50.0,49.22828851839082,1.957127139910601,0.0,3.9794225722924876,450.6859657614304,0.0,0.06692663988727046,6.612598604315073,2000.0,25.0,0.5,1.3652123889719707,2500.0,35.59322033898305,0.8,1.0459431618637296,expanding,0.9741360372059843,0.9410921922839116,0.9775372618787748,bivariate_enhancement
264,70.0,50.0,0.20150478805500427,0.0,0.2409955163175832,0.0,494.2653290772844,0.0,0.0,0.887428276556105,2000.0,25.0,0.3333333333333333,1.3652123889719707,400.0,56.25,1.0,1.2090619551221675,aggregating,0.9749395758187527,0.939620608729921,0.9778278191449977,bivariate_enhancement
265,75.0,50.0,-16.66856413424962,0.0,1.2860331961396712,0.0,509.2609458971108,0.0,0.0,1.7683991873629656,769.2307692307693,44.44444444444444,0.5,1.2549471261506067,769.2307692307693,44.44444444444444,0.5,1.2549471261506067,stable,0.9753090222406368,0.9396567229716934,0.978162252163936,bivariate_enhancement
266,80.0,50.0,101.504432843064,4.861357380170222,1.0019764211176876,0.0,404.21828191727644,0.295964702650665,0.0,-0.09782719140312457,400.0,56.25,1.0,1.2090619551221675,10000.0,0.0,0.25,1.0,fragmenting,0.9747446546561408,0.9399896003162275,0.977933315466386,bivariate_enhancement
267,85.0,50.0,264.364419771951,13.909134431775056,0.10712524937663148,2.6175205772316614,259.45384909159907,0.0,0.08515079264265657,3.659752871141368,2000.0,25.0,0.5,1.3652123889719707,2500.0,35.59322033898305,0.8,1.0459431618637296,expanding,0.9733595735452447,0.9391287990357132,0.9770494491114566,bivariate_enhancement
268,90.0,50.0,359.9732697304032,19.220737207244625,0.02179671624277979,1.6314241175877382,174.468204684086,0.0,0.17886079282689252,2.486842688219018,2000.0,25.0,0.3333333333333333,1.3652123889719707,400.0,56.25,1.0,1.2090619551221675,aggregating,0.9720785253317692,0.9363898756682214,0.9760540333383476,bivariate_enhancement
269,95.0,50.0,399.539505546826,21.41886141926811,0.6110703819482701,0.0,139.29821729171022,2.0641887131772276,0.2244329635155102,-2.5795791070541383,400.0,56.25,1.0,1.2090619551221675,10000.0,0.0,0.25,1.0,fragmenting,0.9717196942901385,0.9324385196574679,0.975525035078466,bivariate_enhancement
270,100.0,50.0,335.97551684069333,17.88752871337185,0.7934326496403136,0.0,195.79954058605037,0.5132346845153618,0.2669973766360419,-1.098809878818901,400.0,56.25,1.0,1.2090619551221675,10000.0,0.0,0.25,1.0,fragmenting,0.9721975033894144,0.9290574998642515,0.9756989734922986,bivariate_enhancement
271,105.0,50.0,99.53609330220195,4.752005183455664,0.9802052659554396,0.0,405.96791706470935,0.0,0.32741414780908323,-1.4522943535172619,769.2307692307693,44.44444444444444,0.5,1.2549471261506067,769.2307692307693,44.44444444444444,0.5,1.2549471261506067,stable,0.9734231792614249,0.9283155971115549,0.9766904680751249,bivariate_enhancement
272,110.0,50.0,-67.55176428767287,0.0,1.244680934534423,0.0,554.4904571445982,0.0,0.3452379058068149,-1.7357718675701188,2000.0,25.0,0.5,1.3652123889719707,2500.0,35.59322033898305,0.8,1.0459431618637296,expanding,0.975628187032371,0.9317232335421044,0.9786022925204116,bivariate_enhancement
273,115.0,50.0,77.44242489122672,3.524579160623707,1.8588203383007813,0.0,425.6067334300207,0.0,0.33512152482042507,-0.54782438972542,2000.0,25.0,0.5,1.3652123889719707,2500.0,35.59322033898305,0.8,1.0459431618637296,expanding,0.9788930844831034,0.9396404159991931,0.9814308847200994,bivariate_enhancement
274,120.0,50.0,222.43661407012635,11.579811892784798,2.47295974206714,0.0,296.72300971544325,0.0,0.3064841078467564,2.458816972024763,2000.0,25.0,0.5,1.3652123889719707,2500.0,35.59322033898305,0.8,1.0459431618637296,expanding,0.9829642785304898,0.9510352788795802,0.9849669705188171,bivariate_enhancement
275,0.0,55.0,-30.925329402483626,0.0,0.0,0.0,521.9336261355411,7.891128998153155,0.2605737774634194,0.24633764143824496,2000.0,25.0,0.3333333333333333,1.3652123889719707,400.0,56.25,1.0,1.2090619551221675,aggregating,0.9852967476336649,0.9881835445822764,0.9901858281015467,bivariate_enhancement
276,5.0,55.0,162.52662106397432,8.251478947998574,0.0,0.0,349.9763368320228,0.0,0.2416608472655675,1.9907893453731706,400.0,56.25,1.0,1.2090619551221675,10000.0,0.0,0.25,1.0,fragmenting,0.9818537410936604,0.9851120634830339,0.98777497443416,bivariate_enhancement
277,10.0,55.0,355.97857153043225,18.99880952946846,0.0,2.2913208506611635,178.01904752850467,0.0,0.21912714247265533,2.498744828862351,400.0,56.25,1.0,1.2090619551221675,10000.0,0.0,0.25,1.0,fragmenting,0.9790290846692816,0.9824093402986411,0.9856561764795715,bivariate_enhancement
278,15.0,55.0,436.8446724732162,23.491370692956455,0.0,2.2723457635697017,106.13806891269672,0.0,0.20222309724398302,3.6941542528263867,2000.0,25.0,0.5,1.3652123889719707,2500.0,35.59322033898305,0.8,1.0459431618637296,expanding,0.9769666010324758,0.9801836796538024,0.9839423568978273,bivariate_enhancement
279,20.0,55.0,492.69169574407255,26.59398309689292,0.4075367609190408,2.018304195787846,56.49627044971331,0.0,0.19937019387223115,2.2222984146760014,2000.0,25.0,0.3333333333333333,1.3652123889719707,400.0,56.25,1.0,1.2090619551221675,aggregating,0.9755351528987336,0.9782793860766934,0.9826886593521094,bivariate_enhancement
280,25.0,55.0,543.0662479766594,29.392569332036633,1.300766065683944,1.6343176545571934,11.718890687413897,0.0,0.22343580372173505,4.3904415621290855,400.0,56.25,1.0,1.2090619551221675,10000.0,0.0,0.25,1.0,fragmenting,0.9744500721215203,0.9762961668931778,0.9819202995122306,bivariate_enhancement
281,30.0,55.0,582.8550914167242,30.0,2.456673924866584,0.8603265468434023,0.0,6.873723596724064,0.2800667487084327,4.468947477647799,400.0,56.25,1.0,1.2090619551221675,10000.0,0.0,0.25,1.0,fragmenting,0.9735183613399815,0.9736976462043487,0.9815652516904,bivariate_enhancement
282,35.0,55.0,597.6284797737997,30.0,2.3535068339964837,0.49306392709727875,0.0,19.192741870346953,0.3004575433095573,2.1660634511915777,769.2307692307693,44.44444444444444,0.5,1.2549471261506067,769.2307692307693,44.44444444444444,0.5,1.2549471261506067,stable,0.9727928843667861,0.9700606342536119,0.9813860009454796,bivariate_enhancement
283,40.0,55.0,582.3833220312882,30.0,0.7394498030630905,0.9442042667137402,0.0,24.206039745037913,0.2543867106942339,3.3286924371928563,2000.0,25.0,0.5,1.3652123889719707,2500.0,35.59322033898305,0.8,1.0459431618637296,expanding,0.9724344634521421,0.965431277649187,0.9810744182537378,bivariate_enhancement
284,45.0,55.0,568.4000803515564,30.0,0.0,1.0436447441399648,0.0,24.87867696532402,0.2089951270059136,3.124099130641584,400.0,56.25,1.0,1.2090619551221675,10000.0,0.0,0.25,1.0,fragmenting,0.9724375267562928,0.9603890260476683,0.9803987274811148,bivariate_enhancement
285,50.0,55.0,551.7583707262834,29.875465040349074,0.24242460765420853,0.5868337052720611,3.992559354414823,13.083392618074974,0.16071910483055318,1.683609015591919,2000.0,25.0,0.5,1.3652123889719707,2500.0,35.59322033898305,0.8,1.0459431618637296,expanding,0.972647942936302,0.955536160993947,0.9793257557015648,bivariate_enhancement
286,55.0,55.0,509.4980449972466,27.5276691665137,0.4986335299125054,1.6152954493585225,41.5572933357808,0.49754815818050063,0.18689206362012142,2.1883800610170505,2000.0,25.0,0.5,1.3652123889719707,2500.0,35.59322033898305,0.8,1.0459431618637296,expanding,0.9729885947587724,0.9510777673440933,0.9780855964349761,bivariate_enhancement
287,60.0,55.0,301.4052199248971,15.966956662494281,0.9544261287311475,6.290080515780665,226.5286934000915,0.0,0.2547091973406082,3.3896983499221705,400.0,56.25,1.0,1.2090619551221675,10000.0,0.0,0.25,1.0,fragmenting,0.9735061278303694,0.9470446323973097,0.9771311216410293,bivariate_enhancement
288,65.0,55.0,109.01963619527189,5.278868677515105,1.407211450573068,2.903868890704458,397.5381011597583,0.0,0.0,3.5550110951703706,400.0,56.25,1.0,1.2090619551221675,10000.0,0.0,0.25,1.0,fragmenting,0.9742303517924379,0.9436230639461056,0.9768546763861878,bivariate_enhancement
289,70.0,55.0,47.142436992127195,1.8412464995626219,1.0132241821139791,0.0,452.5400560069981,0.0,0.0,0.9606261791189283,400.0,56.25,1.0,1.2090619551221675,10000.0,0.0,0.25,1.0,fragmenting,0.9749702758158749,0.9410585856591065,0.9771340023048106,bivariate_enhancement
290,75.0,55.0,33.87921809944555,1.1044010055247533,0.8582445237138271,0.0,464.3295839116039,0.0,0.0,-0.3795678342262725,2000.0,25.0,0.3333333333333333,1.3652123889719707,400.0,56.25,1.0,1.2090619551221675,aggregating,0.9752441700568003,0.9392755518952645,0.9773858005994478,bivariate_enhancement
291,80.0,55.0,207.05134705301737,10.725074836278743,0.6954762362759245,0.0,310.3988026195401,0.0,0.0,0.47660036143426404,2000.0,25.0,0.5,1.3652123889719707,2500.0,35.59322033898305,0.8,1.0459431618637296,expanding,0.9746054693111478,0.9375976537582728,0.9770874834007517,bivariate_enhancement
292,85.0,55.0,441.24594598448044,23.73588588802669,0.44886599567660546,2.3776084009418827,102.22582579157296,0.0,0.11929445236450695,4.807264199476584,2000.0,25.0,0.5,1.3652123889719707,2500.0,35.59322033898305,0.8,1.0459431618637296,expanding,0.9731636448084277,0.9351088197995822,0.9761815413740738,bivariate_enhancement
293,90.0,55.0,477.02061103311723,25.723367279617623,0.5774991186616072,2.073980402929056,70.426123526118,0.0,0.18142013742656898,4.852608709562529,2000.0,25.0,0.5,1.3652123889719707,2500.0,35.59322033898305,0.8,1.0459431618637296,expanding,0.9717582371894994,0.9315176344926055,0.9751685869329353,bivariate_enhancement
294,95.0,55.0,347.44533117939875,18.524740621077708,1.0188350446335455,0.0,185.60415006275667,0.0,0.21149463051569542,2.4574097895210354,2000.0,25.0,0.3333333333333333,1.3652123889719707,400.0,56.25,1.0,1.2090619551221675,aggregating,0.97127172107578,0.9275798444934626,0.9746349125490693,bivariate_enhancement
295,100.0,55.0,200.15050393857737,10.341694663254298,0.7716665599012009,0.0,316.53288538793123,0.0,0.3679523968341666,2.1985337294406664,2000.0,25.0,0.5,1.3652123889719707,2500.0,35.59322033898305,0.8,1.0459431618637296,expanding,0.9718593326347604,0.924835189663184,0.9748810008921707,bivariate_enhancement
296,105.0,55.0,50.57317791616171,2.0318432175645396,0.0,0.0,449.4905085189674,0.0,0.42634084323038646,-0.5154148004759432,2000.0,25.0,0.3333333333333333,1.3652123889719707,400.0,56.25,1.0,1.2090619551221675,aggregating,0.9733785186365097,0.9250094803486091,0.9760239141979143,bivariate_enhancement
297,110.0,55.0,-66.27959615599875,0.0,0.0,8.563342074897125,553.3596410275545,0.0,0.4419561070376725,10.380344315427646,2000.0,25.0,0.5,1.3652123889719707,2500.0,35.59322033898305,0.8,1.0459431618637296,expanding,0.9758350049298053,0.9294045672693931,0.9781314416189659,bivariate_enhancement
298,115.0,55.0,-35.871886452012006,0.0,0.0,4.204792307640309,526.3305657351218,0.0,0.3401921852932839,5.815451370548473,2000.0,25.0,0.3333333333333333,1.3652123889719707,400.0,56.25,1.0,1.2090619551221675,aggregating,0.9791984563345213,0.9382721806347742,0.9811567950264304,bivariate_enhancement
299,120.0,55.0,-5.464176748025011,0.0,0.4248557485731942,0.30089152437242106,499.30149044268893,1.103777876907726,0.2485028307331253,2.8578357243071477,2000.0,25.0,0.5,1.3652123889719707,2500.0,35.59322033898305,0.8,1.0459431618637296,expanding,0.9832285065773382,0.9504778572477985,0.9848567375127452,bivariate_enhancement
300,0.0,60.0,155.71995323690135,7.873330735383407,0.0,0.0,356.02670823386546,4.498724268933115,0.5262427243615341,0.460165300477478,2000.0,25.0,0.5,1.3652123889719707,2500.0,35.59322033898305,0.8,1.0459431618637296,expanding,0.9852865948400327,0.9876820417261141,0.9901041988743792,bivariate_enhancement
301,5.0,60.0,326.48654599952147,17.360363666640083,0.0,0.0,204.2341813337587,0.0,0.20169159719066648,0.5390664579544864,769.2307692307693,44.44444444444444,0.5,1.2549471261506067,769.2307692307693,44.44444444444444,0.5,1.2549471261506067,stable,0.9817841360383113,0.9845286879450368,0.9877250214477911,bivariate_enhancement
302,10.0,60.0,497.2531387621416,26.847396597896754,0.004982856082399789,2.0018655596173875,52.44165443365194,0.0,0.19745060949827167,1.063376142546978,769.2307692307693,44.44444444444444,0.5,1.2549471261506067,769.2307692307693,44.44444444444444,0.5,1.2549471261506067,stable,0.978856906514486,0.9817945289281789,0.9856442964894025,bivariate_enhancement
303,15.0,60.0,501.95777886048546,27.10876549224919,0.06937267397900249,1.9742374405676044,48.25975212401295,0.0,0.20145150823602326,3.1293539459636257,400.0,56.25,1.0,1.2090619551221675,10000.0,0.0,0.25,1.0,fragmenting,0.9766612975067539,0.9795856769900387,0.9839420255312862,bivariate_enhancement
304,20.0,60.0,469.75976281121234,25.31998682284513,0.04585842870336154,2.7527305076102606,76.88021083447794,0.0,0.1907828469420452,1.401299967981974,2000.0,25.0,0.5,1.3652123889719707,2500.0,35.59322033898305,0.8,1.0459431618637296,expanding,0.9751253366939833,0.9777290673315175,0.9826280977546961,bivariate_enhancement
305,25.0,60.0,486.3909462981849,26.24394146101027,0.6180476554770604,2.4634206820170235,62.09693662383566,0.0,0.1965310690780772,4.60653829166106,769.2307692307693,44.44444444444444,0.5,1.2549471261506067,769.2307692307693,44.44444444444444,0.5,1.2549471261506067,stable,0.9740450015557903,0.9758073729196087,0.981684070156881,bivariate_enhancement
306,30.0,60.0,558.37529426864,30.0,1.6678400289825306,0.0,0.0,12.28983492107297,0.20988542094479923,3.9920905713944244,2000.0,25.0,0.3333333333333333,1.3652123889719707,400.0,56.25,1.0,1.2090619551221675,aggregating,0.9732494667320061,0.9732893340698532,0.981041402499252,bivariate_enhancement
307,35.0,60.0,561.2378361469106,30.0,1.9867191571950937,0.0,0.0,18.615882271003883,0.21589792510162115,0.8202175398385962,2000.0,25.0,0.3333333333333333,1.3652123889719707,400.0,56.25,1.0,1.2090619551221675,aggregating,0.9727184678983289,0.9697898109398277,0.9805411759734004,bivariate_enhancement
308,40.0,60.0,481.15421071456007,25.95301170636445,1.428502391056168,2.3666105338829118,66.7518126981688,17.474949301514023,0.1894300693338265,3.085909733697999,769.2307692307693,44.44444444444444,0.5,1.2549471261506067,769.2307692307693,44.44444444444444,0.5,1.2549471261506067,stable,0.9725041732465735,0.9654064335571888,0.9799600885974707,bivariate_enhancement
309,45.0,60.0,436.1331782871336,23.45184323817409,1.0670488706541463,2.6931774948387943,106.77050818921457,14.844322533723165,0.16268299894640192,1.8721608974033188,2000.0,25.0,0.5,1.3652123889719707,2500.0,35.59322033898305,0.8,1.0459431618637296,expanding,0.9725430439915776,0.9607666407930454,0.9791283430717183,bivariate_enhancement
310,50.0,60.0,466.2792283061297,25.126623794784983,1.087424082266327,2.634012301118072,79.97401928344026,7.712888360321436,0.20212899961643924,2.6499039999037928,769.2307692307693,44.44444444444444,0.5,1.2549471261506067,769.2307692307693,44.44444444444444,0.5,1.2549471261506067,stable,0.9726980826674475,0.9564831029551044,0.9780673878805672,bivariate_enhancement
311,55.0,60.0,459.4740377842862,24.748557654682568,0.936010388857682,3.0905358380082206,86.02307752507889,0.2080101899093284,0.22003523135598468,4.992430820618973,2000.0,25.0,0.3333333333333333,1.3652123889719707,400.0,56.25,1.0,1.2090619551221675,aggregating,0.9729479066902073,0.952643932953994,0.9770094879715927,bivariate_enhancement
312,60.0,60.0,358.1539253546666,19.119662519703702,1.2098064945039049,5.316414948237167,176.08539968474076,0.0,0.1735980710219342,4.48171226578091,2000.0,25.0,0.5,1.3652123889719707,2500.0,35.59322033898305,0.8,1.0459431618637296,expanding,0.9733743307079927,0.9490187331699032,0.9763062768008689,bivariate_enhancement
313,65.0,60.0,273.57971516269424,14.421095286816348,1.4720173065830642,6.390407343602168,251.26247541093844,0.0,0.011684425440863871,7.036470051726659,769.2307692307693,44.44444444444444,0.5,1.2549471261506067,769.2307692307693,44.44444444444444,0.5,1.2549471261506067,stable,0.9739983456722272,0.9454500183514988,0.9762372438759905,bivariate_enhancement
314,70.0,60.0,162.71584223432552,8.261991235240309,1.141608858883639,2.1519435609501008,349.80814023615505,0.0,0.0,2.5176272792518812,769.2307692307693,44.44444444444444,0.5,1.2549471261506067,769.2307692307693,44.44444444444444,0.5,1.2549471261506067,stable,0.9746270939034839,0.9418865563129762,0.9765728778809655,bivariate_enhancement
315,75.0,60.0,96.53264770481306,4.585147094711838,0.9497723187742486,0.0,408.6376464846106,2.141475797613854,0.0,1.5883251421750868,2000.0,25.0,0.3333333333333333,1.3652123889719707,400.0,56.25,1.0,1.2090619551221675,aggregating,0.9748324673236048,0.9382832684570376,0.9767323367847175,bivariate_enhancement
316,80.0,60.0,238.40147200614913,12.466748444786063,0.8330337865089694,0.0,282.532024883423,0.0,0.0,0.6085107371557397,769.2307692307693,44.44444444444444,0.5,1.2549471261506067,769.2307692307693,44.44444444444444,0.5,1.2549471261506067,stable,0.9742475677724867,0.9345273223972642,0.9763699951885474,bivariate_enhancement
317,85.0,60.0,446.4623922009294,24.025688455607188,0.6949985487932591,2.1086218217113597,97.58898471028496,0.0,0.15215049773545142,4.894413291744284,400.0,56.25,1.0,1.2090619551221675,10000.0,0.0,0.25,1.0,fragmenting,0.9729671245720231,0.9304811740031602,0.9754932123664308,bivariate_enhancement
318,90.0,60.0,474.8687563176665,25.603819795425917,0.6304977997914774,2.0174417200667274,72.33888327318532,0.0,0.19242285892582903,3.5212880267069138,769.2307692307693,44.44444444444444,0.5,1.2549471261506067,769.2307692307693,44.44444444444444,0.5,1.2549471261506067,stable,0.9716416832415515,0.9263774782201329,0.974485567316761,bivariate_enhancement
319,95.0,60.0,353.5629903693678,18.86461057607599,0.6272757913846378,0.0,180.16623078278417,0.0,0.2833035618464452,0.5893649609589067,2000.0,25.0,0.3333333333333333,1.3652123889719707,400.0,56.25,1.0,1.2090619551221675,aggregating,0.9710596667177914,0.9229776917500965,0.9738891715170632,bivariate_enhancement
320,100.0,60.0,237.94225245515375,12.441236247508542,0.44720662184835097,0.0,282.94022003986333,0.0,0.4807866325202965,0.5546540979131711,2000.0,25.0,0.5,1.3652123889719707,2500.0,35.59322033898305,0.8,1.0459431618637296,expanding,0.971607285030709,0.921393846321131,0.9741048980337845,bivariate_enhancement
321,105.0,60.0,182.12127381014366,9.340070767230202,0.2757398293433444,0.0,332.55886772431677,0.0,0.5495863835463948,-0.30143392045659245,2000.0,25.0,0.5,1.3652123889719707,2500.0,35.59322033898305,0.8,1.0459431618637296,expanding,0.9732836130268162,0.9229035095310288,0.9753609744784629,bivariate_enhancement
322,110.0,60.0,139.09843541891084,6.94991307882838,0.16327398563929318,3.2261966991353024,370.8013907387459,0.0,0.5682126025841245,6.315629939301789,769.2307692307693,44.44444444444444,0.5,1.2549471261506067,769.2307692307693,44.44444444444444,0.5,1.2549471261506067,stable,0.9759692700479633,0.9285296385984838,0.9777160788611824,bivariate_enhancement
323,115.0,60.0,153.667228169676,7.759290453870889,0.3163124115395438,0.0,357.85135273806577,0.3447545208485825,0.35786089616987177,1.370876316810694,400.0,56.25,1.0,1.2090619551221675,10000.0,0.0,0.25,1.0,fragmenting,0.9794848244655869,0.9383478956373079,0.9810318690136982,bivariate_enhancement
324,120.0,60.0,168.2360209204413,8.568667828913405,0.4693508374397948,0.0,344.9013147373855,7.9629406227409545,0.1639559209480298,0.8221431057852602,400.0,56.25,1.0,1.2090619551221675,10000.0,0.0,0.25,1.0,fragmenting,0.9835439342330623,0.9511265070496274,0.9849682778983807,bivariate_enhancement
325,0.0,65.0,335.5774602037827,17.865414455765706,0.2455153560578031,0.0,196.1533687077487,1.7738150639471824,0.48252009816991753,3.0462791217145946,769.2307692307693,44.44444444444444,0.5,1.2549471261506067,769.2307692307693,44.44444444444444,0.5,1.2549471261506067,stable,0.9856292508916692,0.987227337663587,0.9900519435608988,bivariate_enhancement
326,5.0,65.0,482.7678030593513,26.04265572551952,0.502758443296353,1.7855899595236477,65.31750839168771,0.0,0.19724160552596395,4.707263218171784,769.2307692307693,44.44444444444444,0.5,1.2549471261506067,769.2307692307693,44.44444444444444,0.5,1.2549471261506067,stable,0.982161285685737,0.9839802535325451,0.9876893008022051,bivariate_enhancement
327,10.0,65.0,629.9581459149202,30.0,0.7600015305349029,2.1857714025717554,0.0,0.0,0.46490678380992323,5.067907984669113,400.0,56.25,1.0,1.2090619551221675,10000.0,0.0,0.25,1.0,fragmenting,0.9792024790144874,0.9811609616929172,0.9856376168401705,bivariate_enhancement
328,15.0,65.0,557.6104329656105,30.0,0.3082298967288404,0.7731526961062336,0.0,0.0,0.28990887824865386,4.095571712283095,2000.0,25.0,0.5,1.3652123889719707,2500.0,35.59322033898305,0.8,1.0459431618637296,expanding,0.9768922893606551,0.9788416693625503,0.983953492817424,bivariate_enhancement
329,20.0,65.0,436.4764853929944,23.470915855166357,0.0,4.961676641771448,106.4653463173383,3.357010251621947,0.1644717122318795,2.467021033717514,769.2307692307693,44.44444444444444,0.5,1.2549471261506067,769.2307692307693,44.44444444444444,0.5,1.2549471261506067,stable,0.9751806325512126,0.9767962127903338,0.9826019589295332,bivariate_enhancement
330,25.0,65.0,418.4734079311393,22.470744885063297,0.0,6.811119785397164,122.46808183898725,11.625495458236637,0.2004285431225846,3.168935169644613,769.2307692307693,44.44444444444444,0.5,1.2549471261506067,769.2307692307693,44.44444444444444,0.5,1.2549471261506067,stable,0.9739348546154698,0.9745838025775151,0.9815146839641381,bivariate_enhancement
331,30.0,65.0,521.762368228771,28.209020457153947,0.8701083579149804,0.6473222709943849,30.65567268553684,18.303838147349115,0.18682758568631916,1.3352101567813528,2000.0,25.0,0.3333333333333333,1.3652123889719707,400.0,56.25,1.0,1.2090619551221675,aggregating,0.9730678895609344,0.9717397784200456,0.9805980188910686,bivariate_enhancement
332,35.0,65.0,511.8231714250235,27.65684285694575,1.5992251478503126,1.3860384369438112,39.490514288868006,18.625313969870255,0.19415781773493035,4.350777070195533,2000.0,25.0,0.3333333333333333,1.3652123889719707,400.0,56.25,1.0,1.2090619551221675,aggregating,0.9725896213082648,0.9680289385652294,0.9797446334978062,bivariate_enhancement
333,40.0,65.0,366.01018609962074,19.556121449978928,2.085040089145957,5.4374169666037275,169.10205680033715,11.31854955248178,0.13696551467851,3.606232330187361,2000.0,25.0,0.3333333333333333,1.3652123889719707,400.0,56.25,1.0,1.2090619551221675,aggregating,0.9725001296126221,0.9636871671321174,0.978865088103682,bivariate_enhancement
334,45.0,65.0,289.0604707212859,15.281137262293663,2.342204699339272,3.549046718304293,237.50180380330139,5.373058192896146,0.0,2.8035314058966527,400.0,56.25,1.0,1.2090619551221675,10000.0,0.0,0.25,1.0,fragmenting,0.9726497908182761,0.9594045381344931,0.9779074803202038,bivariate_enhancement
335,50.0,65.0,365.10338818133795,19.505743787852108,1.8762915522553671,3.3454142318618163,169.90809939436627,2.8938735896239165,0.1152796723466961,4.7448841886014295,2000.0,25.0,0.5,1.3652123889719707,2500.0,35.59322033898305,0.8,1.0459431618637296,expanding,0.9728426479069392,0.9557685878263662,0.9769244503605251,bivariate_enhancement
336,55.0,65.0,392.862440663474,21.047913370192997,1.3054466858198863,3.397447929362602,145.23338607691204,0.45836110497635696,0.15929408114018292,1.1670536045999529,2000.0,25.0,0.5,1.3652123889719707,2500.0,35.59322033898305,0.8,1.0459431618637296,expanding,0.97304028620813,0.9526592603957272,0.9761122211889941,bivariate_enhancement
337,60.0,65.0,397.42414867337055,21.30134159296503,1.3854377409337966,4.55837205656999,141.17853451255948,0.9158907739882576,0.13541529322462423,1.9577867706596623,2000.0,25.0,0.5,1.3652123889719707,2500.0,35.59322033898305,0.8,1.0459431618637296,expanding,0.973336555994687,0.9494782844280818,0.9756903443633341,bivariate_enhancement
338,65.0,65.0,418.3247169455222,22.462484274751233,1.4574088526420097,4.970010536102402,122.60025160398027,1.2674840881688545,0.13050711872591472,5.736626019210432,2000.0,25.0,0.5,1.3652123889719707,2500.0,35.59322033898305,0.8,1.0459431618637296,expanding,0.973773465881383,0.9457228531495558,0.9757977881452758,bivariate_enhancement
339,70.0,65.0,256.137575218401,13.452087512133389,1.1909140350940646,5.132771394249783,266.7665998058658,4.258327760202093,0.0,4.557549301437804,769.2307692307693,44.44444444444444,0.5,1.2549471261506067,769.2307692307693,44.44444444444444,0.5,1.2549471261506067,stable,0.9741961956048887,0.941139010266804,0.976159983236189,bivariate_enhancement
340,75.0,65.0,134.69780997852922,6.705433887696069,0.9625554226672499,0.0,374.71305779686287,7.286293837768436,0.0,0.40951398836475195,769.2307692307693,44.44444444444444,0.5,1.2549471261506067,769.2307692307693,44.44444444444444,0.5,1.2549471261506067,stable,0.9742623475740876,0.9357745898523843,0.976227918695609,bivariate_enhancement
341,80.0,65.0,242.92673455410122,12.718151919672291,0.8921814549664089,0.0,278.50956928524334,0.5824359663450147,0.009482157629546822,-1.1096847522079947,2000.0,25.0,0.5,1.3652123889719707,2500.0,35.59322033898305,0.8,1.0459431618637296,expanding,0.9737082480610304,0.9300986743739954,0.9757680040322777,bivariate_enhancement
342,85.0,65.0,422.51738093867027,22.69541005214835,0.8630560295261211,1.8428694768999283,118.87343916562641,0.0,0.16828833847510935,3.601174736703179,2000.0,25.0,0.3333333333333333,1.3652123889719707,400.0,56.25,1.0,1.2090619551221675,aggregating,0.9726352709135735,0.924814777079977,0.9749203104516774,bivariate_enhancement
343,90.0,65.0,441.2188490499793,23.73438050277663,0.6057562179293706,1.918972622012885,102.24991195557394,0.0,0.21219465526351508,6.270403560046318,769.2307692307693,44.44444444444444,0.5,1.2549471261506067,769.2307692307693,44.44444444444444,0.5,1.2549471261506067,stable,0.9715340844269976,0.9206142004753479,0.9739998591226042,bivariate_enhancement
344,95.0,65.0,325.8460019335717,17.32477788519843,0.1583110845355692,0.025832116222650692,204.80355383682513,0.0,0.38488397510902084,1.7525046407401383,2000.0,25.0,0.5,1.3652123889719707,2500.0,35.59322033898305,0.8,1.0459431618637296,expanding,0.9710262801322153,0.918093157479586,0.9734173728506967,bivariate_enhancement
345,100.0,65.0,239.56275827243644,12.53126434846869,0.045676039587154826,0.0,281.499770424501,0.6054442625245426,0.6113179245137416,0.8853590697854596,2000.0,25.0,0.3333333333333333,1.3652123889719707,400.0,56.25,1.0,1.2090619551221675,aggregating,0.9715364182166627,0.9179149583567732,0.9736077235497691,bivariate_enhancement
346,105.0,65.0,275.16153193130316,14.508973996183508,0.6378333653565866,0.5408900517442634,249.85641606106387,0.0,0.5799087335091127,1.6447431400217787,2000.0,25.0,0.3333333333333333,1.3652123889719707,400.0,56.25,1.0,1.2090619551221675,aggregating,0.9732006181048781,0.9209917647348328,0.9749258042561615,bivariate_enhancement
347,110.0,65.0,303.6320341474694,16.090668563748302,1.0653081225427208,1.235074071305676,224.54930298002716,0.0,0.5150459291837671,3.0181930161371238,2000.0,25.0,0.3333333333333333,1.3652123889719707,400.0,56.25,1.0,1.2090619551221675,aggregating,0.9759505929152371,0.9280676598860291,0.9774758980243686,bivariate_enhancement
348,115.0,65.0,300.0253148714844,15.890295270638022,0.7517113211040147,0.0,227.75527566979164,6.229575907314779,0.3276683796549365,-2.2367450329090883,400.0,56.25,1.0,1.2090619551221675,10000.0,0.0,0.25,1.0,fragmenting,0.9795658509271494,0.9389627406113632,0.9810504774209963,bivariate_enhancement
349,120.0,65.0,296.4185955954995,15.689921977527748,0.43811451966530895,0.0,230.96124835955604,15.4189418340874,0.13332306336216293,-0.015372400726308688,2000.0,25.0,0.3333333333333333,1.3652123889719707,400.0,56.25,1.0,1.2090619551221675,aggregating,0.9837015108450481,0.9522938663629836,0.9852000284518005,bivariate_enhancement
350,0.0,70.0,369.0732993196247,19.726294406645817,2.3326719140022565,0.0,166.37928949366693,0.0,0.4781021580811682,2.5544943212997313,769.2307692307693,44.44444444444444,0.5,1.2549471261506067,769.2307692307693,44.44444444444444,0.5,1.2549471261506067,stable,0.9862014303931763,0.986930123910388,0.9901687178365536,bivariate_enhancement
351,5.0,70.0,505.43356302196895,27.30186461233161,2.1787947539696524,2.203919997442601,45.17016620269425,0.0,0.19734309211538148,1.4188422024683698,2000.0,25.0,0.5,1.3652123889719707,2500.0,35.59322033898305,0.8,1.0459431618637296,expanding,0.982884547276831,0.9836110502733192,0.9878779105216581,bivariate_enhancement
352,10.0,70.0,641.7938267243132,30.0,2.0249175939370487,6.748676664490433,0.0,0.0,0.36251617104564743,5.488008017179368,2000.0,25.0,0.3333333333333333,1.3652123889719707,400.0,56.25,1.0,1.2090619551221675,aggregating,0.98003219075904,0.9806728850322453,0.9859168375415056,bivariate_enhancement
353,15.0,70.0,507.9460889036983,27.441449383538796,1.281284254506457,2.1178373281835987,42.93680986337929,0.3098700526301475,0.20644568229627863,2.038251117170196,769.2307692307693,44.44444444444444,0.5,1.2549471261506067,769.2307692307693,44.44444444444444,0.5,1.2549471261506067,stable,0.9777337997835239,0.978110684373493,0.9842947150770069,bivariate_enhancement
354,20.0,70.0,314.05212852242573,16.669562695690317,0.4065939863207569,3.3164841902300637,215.2869968689549,2.2325945041931266,0.1928575719688166,1.0375531708917625,769.2307692307693,44.44444444444444,0.5,1.2549471261506067,769.2307692307693,44.44444444444444,0.5,1.2549471261506067,stable,0.9759061183495259,0.9756150833432093,0.9829134840669242,bivariate_enhancement
355,25.0,70.0,259.4656245192242,13.636979139956901,0.09221377221567117,6.811822273628432,263.8083337606896,7.607101584990639,0.22632871425025697,2.538906091724453,769.2307692307693,44.44444444444444,0.5,1.2549471261506067,769.2307692307693,44.44444444444444,0.5,1.2549471261506067,stable,0.9744427565521127,0.9727353118295058,0.9816807427909982,bivariate_enhancement
356,30.0,70.0,381.7528405188253,20.430713362156958,0.3759552733990083,5.264223010531312,155.10858620548868,13.844760168367351,0.22527630065201631,0.2409901240707928,2000.0,25.0,0.5,1.3652123889719707,2500.0,35.59322033898305,0.8,1.0459431618637296,expanding,0.9733575029151736,0.9691434162715787,0.980536619185534,bivariate_enhancement
357,35.0,70.0,435.2512205826292,23.402845587923842,0.6755714140480986,3.6714742460084686,107.5544705932185,14.759807896314356,0.2029097577464244,3.593781262110763,2000.0,25.0,0.5,1.3652123889719707,2500.0,35.59322033898305,0.8,1.0459431618637296,expanding,0.9727705282088036,0.9648620133540009,0.9794440227080904,bivariate_enhancement
358,40.0,70.0,406.20299752347654,21.789055417970918,0.9942371220560924,3.196437319854738,133.37511331246532,9.287722597745695,0.15763926830844127,3.797644190694655,769.2307692307693,44.44444444444444,0.5,1.2549471261506067,769.2307692307693,44.44444444444444,0.5,1.2549471261506067,stable,0.9727030729119177,0.9603646049050777,0.9783942728360773,bivariate_enhancement
359,45.0,70.0,410.276626781657,22.0153681545365,1.3682630585246947,2.699460996201694,129.754109527416,4.307675794913168,0.13624750910982653,2.789950464019834,400.0,56.25,1.0,1.2090619551221675,10000.0,0.0,0.25,1.0,fragmenting,0.97294105063921,0.9564159899932562,0.9773990208751877,bivariate_enhancement
360,50.0,70.0,459.72285374517816,24.76238076362101,1.806102445497109,2.9248123414030633,85.80190778206385,0.8405127951968223,0.18321150309361928,0.8480811220667976,400.0,56.25,1.0,1.2090619551221675,10000.0,0.0,0.25,1.0,fragmenting,0.9732047958377102,0.9534802508913773,0.9765263149602637,bivariate_enhancement
361,55.0,70.0,445.2498281684507,23.95832378713615,2.0715767420462408,3.910161158896284,98.6668194058216,0.0,0.1875113220475692,3.1110700593065514,769.2307692307693,44.44444444444444,0.5,1.2549471261506067,769.2307692307693,44.44444444444444,0.5,1.2549471261506067,stable,0.9733816447990896,0.9511205378616927,0.9759181816288031,bivariate_enhancement
362,60.0,70.0,435.8694043024553,23.437189127914184,1.8706075152296886,4.34259125592158,107.00497395337308,0.8522659183391874,0.20810891818201083,6.0175722419704565,400.0,56.25,1.0,1.2090619551221675,10000.0,0.0,0.25,1.0,fragmenting,0.9735251824987927,0.9483339570010627,0.9756541950343083,bivariate_enhancement
363,65.0,70.0,442.42079872332295,23.801155484629053,1.6651836951688075,4.169473631935258,101.18151224593515,3.395857200584929,0.22896254610324912,1.2128959318966603,769.2307692307693,44.44444444444444,0.5,1.2549471261506067,769.2307692307693,44.44444444444444,0.5,1.2549471261506067,stable,0.9736900694774934,0.9443465931002958,0.9757442472848242,bivariate_enhancement
364,70.0,70.0,276.21968457263006,14.567760254035004,1.5799990552036967,4.397020007962419,248.91583593543993,7.211921990494914,0.21976834517003682,3.857975093344651,400.0,56.25,1.0,1.2090619551221675,10000.0,0.0,0.25,1.0,fragmenting,0.9737843501173975,0.9388524258105952,0.9759354299488615,bivariate_enhancement
365,75.0,70.0,163.54596986663898,8.308109437035501,1.4529700957737646,0.0,349.070249007432,10.572705411198024,0.09176740017581785,-1.3467134782213401,400.0,56.25,1.0,1.2090619551221675,10000.0,0.0,0.25,1.0,fragmenting,0.9735816355808551,0.932106334597355,0.9757894709387448,bivariate_enhancement
366,80.0,70.0,230.41261578206075,12.022923099003375,0.8443428420825946,0.0,289.633230415946,4.465559803528522,0.08023132592776631,1.2756452153982498,769.2307692307693,44.44444444444444,0.5,1.2549471261506067,769.2307692307693,44.44444444444444,0.5,1.2549471261506067,stable,0.9729459483166699,0.9250791585067479,0.9751684411909829,bivariate_enhancement
367,85.0,70.0,346.9062343550478,18.494790797502652,0.06858328741206021,1.9350361043153477,186.08334723995753,0.0,0.1265155215857307,2.669081453256353,2000.0,25.0,0.3333333333333333,1.3652123889719707,400.0,56.25,1.0,1.2090619551221675,aggregating,0.9720206605310465,0.9190421223004481,0.9743147772121771,bivariate_enhancement
368,90.0,70.0,394.06351026911085,21.114639459395047,0.0,2.1693672060929794,144.16576864967925,0.0,0.1964727440067687,4.439111559302477,400.0,56.25,1.0,1.2090619551221675,10000.0,0.0,0.25,1.0,fragmenting,0.9711987225515609,0.9148646667618756,0.9735660102153149,bivariate_enhancement
369,95.0,70.0,383.4405006340709,20.524472257448384,0.30470998349214923,1.095761358765741,153.6084438808259,0.0,0.2950461222933382,3.5622343392690334,400.0,56.25,1.0,1.2090619551221675,10000.0,0.0,0.25,1.0,fragmenting,0.9709401086373094,0.9129799193039734,0.9731953481601627,bivariate_enhancement
370,100.0,70.0,312.2015534997674,16.5667529722093,0.6668489275833506,0.0,216.93195244465122,0.0,0.42797849273765354,2.9523539657698192,400.0,56.25,1.0,1.2090619551221675,10000.0,0.0,0.25,1.0,fragmenting,0.9715817824892543,0.9138673806317338,0.9735372189539684,bivariate_enhancement
371,105.0,70.0,226.984178078746,11.83245433770811,0.9157287818261648,0.0,292.68073059667023,0.0,0.4779607006410807,0.5092339779264248,2000.0,25.0,0.3333333333333333,1.3652123889719707,400.0,56.25,1.0,1.2090619551221675,aggregating,0.9732716822507389,0.9182840715956457,0.9749414695266501,bivariate_enhancement
372,110.0,70.0,158.22689565536854,8.012605314187141,0.9987067846945196,0.0,353.79831497300574,0.0,0.45392897796749354,1.2141634575393931,769.2307692307693,44.44444444444444,0.5,1.2549471261506067,769.2307692307693,44.44444444444444,0.5,1.2549471261506067,stable,0.9759968282700202,0.9267664211650735,0.9775689723238972,bivariate_enhancement
373,115.0,70.0,163.54003172138897,8.307779540077167,0.33512645637779925,0.0,349.0755273587653,2.909486865015555,0.2373495949990406,-1.394718263837894,400.0,56.25,1.0,1.2090619551221675,10000.0,0.0,0.25,1.0,fragmenting,0.9795945963408135,0.9388516469710122,0.9812403776674093,bivariate_enhancement
374,120.0,70.0,168.85316778740946,8.602953765967193,0.0,0.0,344.3527397445249,7.047760829675843,0.027485673476699057,1.431487397664492,2000.0,25.0,0.3333333333333333,1.3652123889719707,400.0,56.25,1.0,1.2090619551221675,aggregating,0.9837466403751849,0.9529177887670824,0.9854717137500406,bivariate_enhancement
375,0.0,75.0,297.4960953527111,15.749783075150617,4.179308888805112,0.0,230.00347079759013,0.0,0.6769467741457944,0.880535712246315,2000.0,25.0,0.3333333333333333,1.3652123889719707,400.0,56.25,1.0,1.2090619551221675,aggregating,0.9868381329185805,0.9867722784633977,0.9905399580664929,bivariate_enhancement
376,5.0,75.0,454.5114853990466,24.472860299947033,3.656661880882159,0.0,90.43423520084745,5.247271212002848,0.25332880193239316,1.2104964064522508,2000.0,25.0,0.5,1.3652123889719707,2500.0,35.59322033898305,0.8,1.0459431618637296,expanding,0.9837522721062525,0.9834039625985117,0.988406673154098,bivariate_enhancement
377,10.0,75.0,611.5268754453822,30.0,3.134014872959205,9.274888294415021,0.0,12.485080354139821,0.20117463091177096,5.135497456775028,2000.0,25.0,0.3333333333333333,1.3652123889719707,400.0,56.25,1.0,1.2090619551221675,aggregating,0.9811141012761532,0.9803181630650557,0.9865876163660091,bivariate_enhancement
378,15.0,75.0,447.94493399292986,24.108051888496103,2.1841407251265026,0.0,96.27116978406235,7.2794890424518695,0.2119162202315076,-0.32384428561107903,769.2307692307693,44.44444444444444,0.5,1.2549471261506067,769.2307692307693,44.44444444444444,0.5,1.2549471261506067,stable,0.9789427682378748,0.977401622380499,0.98502334751883,bivariate_enhancement
379,20.0,75.0,213.11914109630234,11.06217450535013,1.1393272128694119,0.0,305.00520791439794,0.0,0.4250404346059251,1.0852465457568157,2000.0,25.0,0.3333333333333333,1.3652123889719707,400.0,56.25,1.0,1.2090619551221675,aggregating,0.9770879318380071,0.974249483506462,0.983575167906364,bivariate_enhancement
380,25.0,75.0,141.15824517072588,7.064346953929216,0.2962206921100095,0.0,368.97044873713253,1.4621754787443537,0.3744815807328499,1.6507455850259727,769.2307692307693,44.44444444444444,0.5,1.2549471261506067,769.2307692307693,44.44444444444444,0.5,1.2549471261506067,stable,0.9754401434268123,0.9704192274528108,0.982190264598484,bivariate_enhancement
381,30.0,75.0,257.39048341356033,13.521693522975577,0.0,0.0,265.6529036323908,8.195019900773648,0.1878273776448695,0.5495280680024488,2000.0,25.0,0.3333333333333333,1.3652123889719707,400.0,56.25,1.0,1.2090619551221675,aggregating,0.9741091979385142,0.9657724015367871,0.980902059312373,bivariate_enhancement
382,35.0,75.0,358.1277741036579,19.11820967242544,0.0,1.4816580966259618,176.108645241193,10.756373406358422,0.153991567575488,-0.2239666354752592,400.0,56.25,1.0,1.2090619551221675,10000.0,0.0,0.25,1.0,fragmenting,0.9733369922370857,0.9606736570985319,0.9797392517993588,bivariate_enhancement
383,40.0,75.0,440.2711277304709,23.681729318359494,0.0,1.9016189719192207,103.0923309062481,8.311937812209777,0.1830566907473146,2.498079311712441,2000.0,25.0,0.5,1.3652123889719707,2500.0,35.59322033898305,0.8,1.0459431618637296,expanding,0.9731847556313649,0.9559249759225904,0.9787002281250258,bivariate_enhancement
384,45.0,75.0,512.8407065876943,27.713372588205242,0.06664626459233502,1.8921505434878825,38.58603858871614,5.118286009913486,0.20245499835258568,4.330201295051472,2000.0,25.0,0.5,1.3652123889719707,2500.0,35.59322033898305,0.8,1.0459431618637296,expanding,0.9734055738665038,0.9523946422572545,0.9777908328168514,bivariate_enhancement
385,50.0,75.0,521.0058787229063,28.166993262383688,1.5154284516050964,1.203904826409533,31.328107801861016,0.10907538178062898,0.20042621102530736,1.0729512403589703,2000.0,25.0,0.5,1.3652123889719707,2500.0,35.59322033898305,0.8,1.0459431618637296,expanding,0.9736604967776525,0.9503319547492841,0.9770822060913975,bivariate_enhancement
386,55.0,75.0,473.7675183303045,25.54263990723914,2.6892950530168576,3.6023759386574326,73.31776148417379,0.0,0.20378392776634072,3.0866271716075033,400.0,56.25,1.0,1.2090619551221675,10000.0,0.0,0.25,1.0,fragmenting,0.9737590744032438,0.9488704374114494,0.976593659177265,bivariate_enhancement
387,60.0,75.0,455.6089427061498,24.533830150341654,2.1451481294068966,4.259826465899675,89.45871759453352,0.29636183990173615,0.2507471180309461,5.723460203542285,2000.0,25.0,0.3333333333333333,1.3652123889719707,400.0,56.25,1.0,1.2090619551221675,aggregating,0.973689440643381,0.9465954943708372,0.9762642273741582,bivariate_enhancement
388,65.0,75.0,452.9751433934663,24.387507966303684,1.600111962713974,3.891619841898339,91.79987253914108,4.309363852011148,0.30146428102677036,4.806086362096571,2000.0,25.0,0.5,1.3652123889719707,2500.0,35.59322033898305,0.8,1.0459431618637296,expanding,0.9735012541250027,0.9425792000326236,0.9760638671095686,bivariate_enhancement
389,70.0,75.0,304.6373618059936,16.146520100332978,1.654475263351703,4.135906881826738,223.65567839467238,8.560006029074405,0.4754885314745549,4.818093237884088,769.2307692307693,44.44444444444444,0.5,1.2549471261506067,769.2307692307693,44.44444444444444,0.5,1.2549471261506067,stable,0.9731748745967339,0.9366426299440227,0.9758151292753975,bivariate_enhancement
390,75.0,75.0,202.509266861831,10.4727370478795,1.6840583195764016,0.0,314.436207233928,12.333084000650066,0.36563052272201213,2.426433426612157,769.2307692307693,44.44444444444444,0.5,1.2549471261506067,769.2307692307693,44.44444444444444,0.5,1.2549471261506067,stable,0.9726190675353652,0.9292880575647774,0.9752469423199983,bivariate_enhancement
391,80.0,75.0,208.10599116335445,10.783666175741914,0.583545906198708,0.0,309.4613411881294,7.460296233668465,0.1972215713456478,0.736149211405942,2000.0,25.0,0.5,1.3652123889719707,2500.0,35.59322033898305,0.8,1.0459431618637296,expanding,0.9718316862617168,0.9216586756849541,0.9743758861980337,bivariate_enhancement
392,85.0,75.0,238.90450146431274,12.494694525795152,0.0,2.5471278299879385,282.0848875872776,0.0,0.07318043683630243,4.569657426201527,400.0,56.25,1.0,1.2090619551221675,10000.0,0.0,0.25,1.0,fragmenting,0.9710032091269036,0.9150486069072326,0.9735070594150175,bivariate_enhancement
393,90.0,75.0,299.19825050163877,15.844347250091044,0.0,2.792196940459025,228.4904439985433,0.0,0.14832768025454451,7.492095471690739,2000.0,25.0,0.3333333333333333,1.3652123889719707,400.0,56.25,1.0,1.2090619551221675,aggregating,0.9704586412808005,0.9103664745476504,0.9729572571359745,bivariate_enhancement
394,95.0,75.0,384.071365152605,20.559520286255832,0.6248752822411983,1.1712550180684218,153.04767541990668,0.0,0.2647139184295702,2.7140353731711926,769.2307692307693,44.44444444444444,0.5,1.2549471261506067,769.2307692307693,44.44444444444444,0.5,1.2549471261506067,stable,0.9705303028578253,0.9082627168814239,0.97293632442553,bivariate_enhancement
395,100.0,75.0,324.5997782053764,17.255543233632025,1.5156156318779879,0.0,205.91130826188763,0.0,0.34489074887886106,-0.11706260114766076,400.0,56.25,1.0,1.2090619551221675,10000.0,0.0,0.25,1.0,fragmenting,0.9714518484147574,0.9094385073763477,0.9736417721781219,bivariate_enhancement
396,105.0,75.0,99.81699412225218,4.767610784569566,1.3006871653502514,0.0,405.71822744688694,0.0,0.3179848809123177,1.2759680435882892,2000.0,25.0,0.5,1.3652123889719707,2500.0,35.59322033898305,0.8,1.0459431618637296,expanding,0.9733219329287225,0.914645485884821,0.9752937833026997,bivariate_enhancement
397,110.0,75.0,-80.56585490920153,0.0,0.9408839881162034,0.0,566.058537697068,0.0,0.09615320961488949,1.3139094921499457,400.0,56.25,1.0,1.2090619551221675,10000.0,0.0,0.25,1.0,fragmenting,0.9761215252591743,0.9242302069579557,0.9780143432203082,bivariate_enhancement
398,115.0,75.0,-61.14899620813782,0.0,0.0,0.0,548.799107740567,0.0,0.0,-0.07269958555909417,769.2307692307693,44.44444444444444,0.5,1.2549471261506067,769.2307692307693,44.44444444444444,0.5,1.2549471261506067,stable,0.9797200978336332,0.9374589321970703,0.9816674892140556,bivariate_enhancement
399,120.0,75.0,-41.73213750707406,0.0,0.0,0.573497838524694,531.5396777840658,0.0,0.0,0.928417242616963,2000.0,25.0,0.3333333333333333,1.3652123889719707,400.0,56.25,1.0,1.2090619551221675,aggregating,0.9838496388200317,0.9524320853362409,0.9858276192343606,bivariate_enhancement
400,0.0,80.0,182.46547596941417,9.3591931094119,3.2936905818310014,0.0,332.25291024940964,0.0,0.8230222517611683,4.085275733869888,400.0,56.25,1.0,1.2090619551221675,10000.0,0.0,0.25,1.0,fragmenting,0.9874120265882348,0.9865686175480571,0.9910646795441845,bivariate_enhancement
401,5.0,80.0,296.4820091483042,15.693444952683567,2.975552296046851,0.0,230.90488075706293,5.298744440007522,0.43274254566045783,1.5686765946495584,2000.0,25.0,0.5,1.3652123889719707,2500.0,35.59322033898305,0.8,1.0459431618637296,expanding,0.9845634614479531,0.9831462646613864,0.989126416993598,bivariate_enhancement
402,10.0,80.0,410.49854232719434,22.02769679595524,2.6574140102627015,0.0,129.55685126471616,12.150469901658509,0.22909982034293752,0.16019158510146891,2000.0,25.0,0.3333333333333333,1.3652123889719707,400.0,56.25,1.0,1.2090619551221675,aggregating,0.9821381489806948,0.979884210406216,0.9874463594455531,bivariate_enhancement
403,15.0,80.0,346.87161948720103,18.492867749288948,1.9030809661000263,0.0,186.11411601137684,5.872355152634621,0.27478166077433863,1.9552009990215686,400.0,56.25,1.0,1.2090619551221675,10000.0,0.0,0.25,1.0,fragmenting,0.9800800038218098,0.9765552466753352,0.9859082885023962,bivariate_enhancement
404,20.0,80.0,243.76837308745587,12.76490961596977,1.0518157534087897,0.0,277.76144614448367,0.0,0.4228548404540956,0.7503354153910415,769.2307692307693,44.44444444444444,0.5,1.2549471261506067,769.2307692307693,44.44444444444444,0.5,1.2549471261506067,stable,0.9781782603269262,0.9726708389422565,0.9843691311758735,bivariate_enhancement
405,25.0,80.0,166.30508836770758,8.461393798205979,0.27135755015243357,0.0,346.61769922870434,0.0,0.39498969520218036,0.28256702437099873,769.2307692307693,44.44444444444444,0.5,1.2549471261506067,769.2307692307693,44.44444444444444,0.5,1.2549471261506067,stable,0.9763366251277277,0.9678210574489566,0.9828566094993118,bivariate_enhancement
406,30.0,80.0,171.77782349142296,8.765434638412387,0.0,0.0,341.7530457854018,1.6529779510360227,0.21382849818131808,1.0353916460572268,2000.0,25.0,0.3333333333333333,1.3652123889719707,400.0,56.25,1.0,1.2090619551221675,aggregating,0.9747603892987492,0.962083446536209,0.9815051415534793,bivariate_enhancement
407,35.0,80.0,219.60210784455631,11.422339324697573,0.0,0.0,299.2425708048388,5.089692327212044,0.14692506099923522,-1.3288663479624179,2000.0,25.0,0.5,1.3652123889719707,2500.0,35.59322033898305,0.8,1.0459431618637296,expanding,0.9737811465958174,0.9561801596354187,0.9803655779602761,bivariate_enhancement
408,40.0,80.0,318.24825127299124,16.902680626277295,0.0,1.126178493294437,211.5571099795633,7.021884613269883,0.1913204698462458,1.9839505686845516,769.2307692307693,44.44444444444444,0.5,1.2549471261506067,769.2307692307693,44.44444444444444,0.5,1.2549471261506067,stable,0.9734790885996526,0.9512288426879929,0.9794018156196806,bivariate_enhancement
409,45.0,80.0,418.9373438566027,22.496519103144596,0.0,3.085876250477988,122.05569434968649,7.006971851184878,0.20691740760085767,5.506822830861249,2000.0,25.0,0.5,1.3652123889719707,2500.0,35.59322033898305,0.8,1.0459431618637296,expanding,0.9735843119011273,0.9481540202173249,0.978637201101084,bivariate_enhancement
410,50.0,80.0,501.2030208274848,27.066834490415822,1.063602846087896,1.9413030964442812,48.93064815334682,1.7083892951845223,0.1997894248160669,4.150109805393574,2000.0,25.0,0.3333333333333333,1.3652123889719707,400.0,56.25,1.0,1.2090619551221675,aggregating,0.9737175272026095,0.9469484157813881,0.9781351244268521,bivariate_enhancement
411,55.0,80.0,534.3988079285128,28.91104488491738,1.9702435232269002,0.0,19.423281841321938,0.0,0.19074634402929153,1.5058426924015043,2000.0,25.0,0.5,1.3652123889719707,2500.0,35.59322033898305,0.8,1.0459431618637296,expanding,0.9736325836125431,0.9463855811924351,0.977679584313316,bivariate_enhancement
412,60.0,80.0,434.9648967289945,23.38693870716636,1.621444371971394,5.639728250284811,107.80898068533821,0.0,0.24674741308144132,4.42515382871555,2000.0,25.0,0.5,1.3652123889719707,2500.0,35.59322033898305,0.8,1.0459431618637296,expanding,0.9732720058498833,0.9448115917798234,0.9771243873167477,bivariate_enhancement
413,65.0,80.0,350.64871986555556,18.70270665919753,1.275321327794292,7.241544133665492,182.7566934528395,0.0,0.375889023849254,4.90734988610373,400.0,56.25,1.0,1.2090619551221675,10000.0,0.0,0.25,1.0,fragmenting,0.9726903654624685,0.9412488687898607,0.9764669203831614,bivariate_enhancement
414,70.0,80.0,303.10918954554325,16.06162164141907,1.6101299341071444,5.745233570092388,225.0140537372949,2.1269748320476607,0.38466683250590444,4.8935496582010805,2000.0,25.0,0.5,1.3652123889719707,2500.0,35.59322033898305,0.8,1.0459431618637296,expanding,0.9719478253296481,0.9356386932007261,0.9756280924404882,bivariate_enhancement
415,75.0,80.0,295.49213115576083,15.638451730875603,1.9607922818841657,2.7635728678006286,231.78477230599034,9.168444397472046,0.3359096714679868,3.233481067945985,400.0,56.25,1.0,1.2090619551221675,10000.0,0.0,0.25,1.0,fragmenting,0.971084897675133,0.9285456966176087,0.9745136450675252,bivariate_enhancement
416,80.0,80.0,241.21606655123568,12.623114808401983,0.5364614090773923,2.820092071958986,280.0301630655682,6.666278439007513,0.23366283885105213,4.751984782168705,2000.0,25.0,0.5,1.3652123889719707,2500.0,35.59322033898305,0.8,1.0459431618637296,expanding,0.9702038335381168,0.9208610205399556,0.9733154842617034,bivariate_enhancement
417,85.0,80.0,160.38167279721011,8.132315155400562,0.0,4.733662795586327,351.882957513591,0.6174599921308936,0.026316047586648073,2.8910231571884792,400.0,56.25,1.0,1.2090619551221675,10000.0,0.0,0.25,1.0,fragmenting,0.9695084650983902,0.9135160958097446,0.9724197632655596,bivariate_enhancement
418,90.0,80.0,184.72503750146257,9.484724305636808,0.0,4.199411301529168,330.24441110981104,0.0,0.026888746315655687,5.9965784648237594,2000.0,25.0,0.3333333333333333,1.3652123889719707,400.0,56.25,1.0,1.2090619551221675,aggregating,0.9692561331825554,0.9075080134046983,0.9720973975889492,bivariate_enhancement
419,95.0,80.0,296.7165342542803,15.706474125237794,0.14123129176200744,2.191508294935595,230.6964139961953,0.0,0.18301187525342158,3.4749570733021535,769.2307692307693,44.44444444444444,0.5,1.2549471261506067,769.2307692307693,44.44444444444444,0.5,1.2549471261506067,stable,0.9696872162976315,0.9041310180985929,0.9724814938105469,bivariate_enhancement
420,100.0,80.0,264.36340902771167,13.909078279317315,1.2175463014500134,1.215640753539351,259.454747530923,0.0,0.22348576159721176,3.559914164618855,400.0,56.25,1.0,1.2090619551221675,10000.0,0.0,0.25,1.0,fragmenting,0.970960630485483,0.904750033654028,0.9736688038066706,bivariate_enhancement
421,105.0,80.0,44.60400582893775,1.7002225460520974,1.0923769028805967,0.0,454.79643926316646,0.0,0.14696377069116445,-0.6621941483344416,2000.0,25.0,0.5,1.3652123889719707,2500.0,35.59322033898305,0.8,1.0459431618637296,expanding,0.9731218573554753,0.9102802306102051,0.9757343214850105,bivariate_enhancement
422,110.0,80.0,-127.7548775837576,0.0,0.8619636927276491,0.0,608.0043356300067,0.0,0.010423688958808464,2.393825977913236,769.2307692307693,44.44444444444444,0.5,1.2549471261506067,769.2307692307693,44.44444444444444,0.5,1.2549471261506067,stable,0.9761186853457109,0.9207814836263667,0.9786755508472365,bivariate_enhancement
423,115.0,80.0,-86.81142195909831,0.0,0.1579533304488001,0.18006541942044163,571.6101528525318,0.0,0.0,2.6853235306100682,769.2307692307693,44.44444444444444,0.5,1.2549471261506067,769.2307692307693,44.44444444444444,0.5,1.2549471261506067,stable,0.9798172462439875,0.9351308015529461,0.982331827438302,bivariate_enhancement
424,120.0,80.0,-45.86796633443912,0.0,0.0,2.2618397810896442,535.2159700750569,0.18805214696998332,0.0,5.93824625143311,2000.0,25.0,0.3333333333333333,1.3652123889719707,400.0,56.25,1.0,1.2090619551221675,aggregating,0.9839751796281894,0.9511119201362791,0.9863501041501501,bivariate_enhancement
425,0.0,85.0,73.74904487938629,3.3193913821881273,1.466774136316569,3.5170197747097767,428.8897378849899,0.0,0.7836696156725489,-0.2039719186687723,769.2307692307693,44.44444444444444,0.5,1.2549471261506067,769.2307692307693,44.44444444444444,0.5,1.2549471261506067,stable,0.9878142241802165,0.9860713555270008,0.9914674557824391,bivariate_enhancement
426,5.0,85.0,113.34383038108385,5.519101687837992,1.5523263057785037,0.0,393.69437299459213,3.0297710152102617,0.5323989140313599,1.6766332008640252,2000.0,25.0,0.5,1.3652123889719707,2500.0,35.59322033898305,0.8,1.0459431618637296,expanding,0.9851196819801282,0.9825495674812095,0.9897140361198912,bivariate_enhancement
427,10.0,85.0,152.93861588278136,7.718811993487853,1.6378784752404387,0.0,358.49900810419433,6.54812899927201,0.3214859190174232,0.8874935607790975,769.2307692307693,44.44444444444444,0.5,1.2549471261506067,769.2307692307693,44.44444444444444,0.5,1.2549471261506067,stable,0.9827738851929955,0.9790851997231045,0.988162884714285,bivariate_enhancement
428,15.0,85.0,230.34752289140016,12.019306827300008,1.2139570211211919,0.0,289.6910907631999,1.3701323524241191,0.31369041858161945,-1.189335856674954,2000.0,25.0,0.5,1.3652123889719707,2500.0,35.59322033898305,0.8,1.0459431618637296,expanding,0.9806591003311583,0.975360640062937,0.9866479904758853,bivariate_enhancement
429,20.0,85.0,316.1595680126681,16.78664266737045,0.6768192062061263,3.2089341014576793,213.41371732207278,0.0,0.3144136380909694,2.3794200268233054,2000.0,25.0,0.5,1.3652123889719707,2500.0,35.59322033898305,0.8,1.0459431618637296,expanding,0.9785510674716973,0.9708420348883676,0.9850317804200092,bivariate_enhancement
430,25.0,85.0,232.7949078772684,12.155272659848244,0.16900437553906889,1.6834000164963063,287.5156374424281,0.0,0.33517617390031124,2.1468117294988835,2000.0,25.0,0.5,1.3652123889719707,2500.0,35.59322033898305,0.8,1.0459431618637296,expanding,0.9764157538394632,0.9651890213531967,0.9834207182557458,bivariate_enhancement
431,30.0,85.0,94.19959232003606,4.45553290666867,0.0,0.0,410.7114734933013,0.0,0.28398989150035414,1.1548349876132191,2000.0,25.0,0.5,1.3652123889719707,2500.0,35.59322033898305,0.8,1.0459431618637296,expanding,0.9745526823358093,0.958692328917376,0.9820227865889121,bivariate_enhancement
432,35.0,85.0,57.50955092403742,2.4171972735576346,0.0,0.0,443.32484362307787,0.0,0.23750345006150322,0.7313582805106486,769.2307692307693,44.44444444444444,0.5,1.2549471261506067,769.2307692307693,44.44444444444444,0.5,1.2549471261506067,stable,0.9733440832172768,0.9523398374077212,0.980875555994297,bivariate_enhancement
433,40.0,85.0,143.10583852151922,7.1725465845288445,0.04526103628501876,0.6244819369934207,367.2392546475385,5.453359536860858,0.2623047014157435,1.2565201748991015,2000.0,25.0,0.3333333333333333,1.3652123889719707,400.0,56.25,1.0,1.2090619551221675,aggregating,0.9728648838150915,0.947381276575612,0.9799439894753113,bivariate_enhancement
434,45.0,85.0,262.72893082832684,13.818273934907046,0.2712319315146825,6.769324791743409,260.90761704148724,9.041084947633202,0.25758846501101246,5.2696260574858185,2000.0,25.0,0.5,1.3652123889719707,2500.0,35.59322033898305,0.8,1.0459431618637296,expanding,0.9728090489428727,0.9446119510903167,0.9793185693393852,bivariate_enhancement
435,50.0,85.0,464.2219496433761,25.012330535743118,0.5849901935760048,4.083174033117926,81.80271142811013,3.9203954602999866,0.20970104605722004,5.6370245255980365,2000.0,25.0,0.3333333333333333,1.3652123889719707,400.0,56.25,1.0,1.2090619551221675,aggregating,0.9727485447874464,0.9437280375771785,0.9789329025435755,bivariate_enhancement
436,55.0,85.0,616.0150962667796,30.0,0.7969235834472672,0.0,0.0,0.0,0.1685067464741034,-0.6120476399048478,769.2307692307693,44.44444444444444,0.5,1.2549471261506067,769.2307692307693,44.44444444444444,0.5,1.2549471261506067,stable,0.9723992585202167,0.9433691127814635,0.9784270208098956,bivariate_enhancement
437,60.0,85.0,403.8328117231276,21.657378429062643,0.858794728407447,7.4893702191567435,135.4819451349977,0.0,0.17296016112732232,4.9398194224122856,769.2307692307693,44.44444444444444,0.5,1.2549471261506067,769.2307692307693,44.44444444444444,0.5,1.2549471261506067,stable,0.9717025232124616,0.9420625492377279,0.9776391793259787,bivariate_enhancement
438,65.0,85.0,206.36121954016312,10.68673441889795,0.926907330607396,9.747842001538116,311.01224929763276,0.0,0.0,5.354871438978424,769.2307692307693,44.44444444444444,0.5,1.2549471261506067,769.2307692307693,44.44444444444444,0.5,1.2549471261506067,stable,0.9707604390986927,0.9390701976319088,0.9765775259543158,bivariate_enhancement
439,70.0,85.0,286.4339411643829,15.135218953576825,1.6083732274282612,8.216599135913572,239.8364967427708,0.0,0.14582817815279142,3.727446777423929,2000.0,25.0,0.5,1.3652123889719707,2500.0,35.59322033898305,0.8,1.0459431618637296,expanding,0.9697278678805359,0.9343980780986776,0.9752461757313649,bivariate_enhancement
440,75.0,85.0,405.9706238503066,21.77614576946148,2.3314157976876597,5.313764663235334,133.58166768861633,4.49197105638402,0.24126480467226158,5.249456421986908,2000.0,25.0,0.5,1.3652123889719707,2500.0,35.59322033898305,0.8,1.0459431618637296,expanding,0.9687518326849592,0.9283638528453833,0.9736856784742888,bivariate_enhancement
441,80.0,85.0,297.1295463702538,15.729419242791879,0.6200840002085264,7.635752745552682,230.32929211532993,4.745596994912739,0.22468198484854193,7.4038144613000485,400.0,56.25,1.0,1.2090619551221675,10000.0,0.0,0.25,1.0,fragmenting,0.9679809238011304,0.9212325247088657,0.9722072504636022,bivariate_enhancement
442,85.0,85.0,99.71942640771351,4.762190355984084,0.0,8.085497990057217,405.80495430425464,0.7536261151560024,0.0,4.902388096643079,2000.0,25.0,0.5,1.3652123889719707,2500.0,35.59322033898305,0.8,1.0459431618637296,expanding,0.9675754437459303,0.913283321899295,0.9712965406447684,bivariate_enhancement
443,90.0,85.0,74.48868649784337,3.360482583213521,0.0,6.488223212630537,428.23227866858366,0.0,0.0,6.431038231318181,2000.0,25.0,0.5,1.3652123889719707,2500.0,35.59322033898305,0.8,1.0459431618637296,expanding,0.9677066743990165,0.9054986074957125,0.9712342695102489,bivariate_enhancement
444,95.0,85.0,192.7407632985322,9.930042405474012,0.0,5.83890646486528,323.1193215124158,0.0,0.0,4.871168011485993,2000.0,25.0,0.3333333333333333,1.3652123889719707,400.0,56.25,1.0,1.2090619551221675,aggregating,0.9685457887354999,0.9000268333882103,0.9720779626699715,bivariate_enhancement
445,100.0,85.0,193.72466700950102,9.984703722750057,0.4580825906828852,5.551513266098344,322.24474043599906,0.0,0.0,5.356398722246929,769.2307692307693,44.44444444444444,0.5,1.2549471261506067,769.2307692307693,44.44444444444444,0.5,1.2549471261506067,stable,0.9702090209224634,0.8993442327491268,0.9737995469155806,bivariate_enhancement
446,105.0,85.0,32.59085813595665,1.0328254519975915,0.6327202034110704,4.091577219700133,465.4747927680385,0.0,0.0,7.530837852433063,2000.0,25.0,0.5,1.3652123889719707,2500.0,35.59322033898305,0.8,1.0459431618637296,expanding,0.9727062607778262,0.9048612784674892,0.9763179888888165,bivariate_enhancement
447,110.0,85.0,-87.49406771195785,0.0,0.748721313098993,1.186635009422156,572.2169490772959,0.0,0.11386716970598272,2.735881708545035,2000.0,25.0,0.5,1.3652123889719707,2500.0,35.59322033898305,0.8,1.0459431618637296,expanding,0.9759531585089375,0.9163199671244453,0.9795024324836233,bivariate_enhancement
448,115.0,85.0,-22.859019944536414,0.0,0.6008581591057294,1.1811219864038547,514.7635732840324,0.6491654654130852,0.13533810323563739,3.9132108620857817,2000.0,25.0,0.5,1.3652123889719707,2500.0,35.59322033898305,0.8,1.0459431618637296,expanding,0.979803325413486,0.9319714127037222,0.983154160912652,bivariate_enhancement
449,120.0,85.0,41.77602782288498,1.543112656826943,0.45299500511246565,1.1990959805033277,457.3101974907689,8.996116800711846,0.15384348991410518,0.7507982536382571,769.2307692307693,44.44444444444444,0.5,1.2549471261506067,769.2307692307693,44.44444444444444,0.5,1.2549471261506067,stable,0.9840299974690551,0.949134436249291,0.986993635540665,bivariate_enhancement
450,0.0,90.0,158.4240139370458,8.023556329835879,0.6584511128398355,6.645923283937805,353.62309872262597,2.6077767191982297,0.41631807978729224,3.5571323153372005,2000.0,25.0,0.3333333333333333,1.3652123889719707,400.0,56.25,1.0,1.2090619551221675,aggregating,0.9879460030433543,0.9851617773964155,0.9915416638795023,bivariate_enhancement
451,5.0,90.0,64.15130135156076,2.786183408420042,0.5562875255679736,4.2798695851697985,437.4210654652793,6.425294829579905,0.4551318356021533,1.988254264349758,400.0,56.25,1.0,1.2090619551221675,10000.0,0.0,0.25,1.0,fragmenting,0.9852512577180097,0.9814694172275443,0.9899285846566105,bivariate_enhancement
452,10.0,90.0,-30.12141123392422,0.0,0.4541239382961115,0.3355850452111655,521.2190322079326,10.242812939961581,0.4849093121062494,0.3560852439292519,769.2307692307693,44.44444444444444,0.5,1.2549471261506067,769.2307692307693,44.44444444444444,0.5,1.2549471261506067,stable,0.9827736177643926,0.9777901827069161,0.9884991571064938,bivariate_enhancement
453,15.0,90.0,127.20058301581346,6.288921278656304,0.44228817764256145,2.6988213273589485,381.37725954149914,5.508610796555796,0.3718187444118884,2.0364436877731724,2000.0,25.0,0.3333333333333333,1.3652123889719707,400.0,56.25,1.0,1.2090619551221675,aggregating,0.9803660673239334,0.9737654242211728,0.9870381851742781,bivariate_enhancement
454,20.0,90.0,340.4325121178228,18.135139562101266,0.45052526734863607,3.573834406153635,191.83776700637972,0.0,0.2603121293264389,0.7968664680052016,2000.0,25.0,0.3333333333333333,1.3652123889719707,400.0,56.25,1.0,1.2090619551221675,aggregating,0.9778542624499106,0.9688735154880305,0.9853979358157066,bivariate_enhancement
455,25.0,90.0,300.1340422222893,15.896335679016069,0.4042303930749735,2.2223747833652263,227.6586291357429,0.0,0.2732705644426382,3.568114397542004,2000.0,25.0,0.5,1.3652123889719707,2500.0,35.59322033898305,0.8,1.0459431618637296,expanding,0.9753107230027668,0.9628835524482536,0.9837299018125492,bivariate_enhancement
456,30.0,90.0,129.55994060864953,6.419996700480529,0.5548163002478267,0.0,379.28005279231155,0.0,0.29983091004430584,0.17102712830840394,2000.0,25.0,0.3333333333333333,1.3652123889719707,400.0,56.25,1.0,1.2090619551221675,aggregating,0.9731130980289479,0.9562621269897353,0.9822828410107673,bivariate_enhancement
457,35.0,90.0,44.54099691305701,1.6967220507253893,0.4616306392166785,0.0,454.8524471883938,0.0,0.29306878762435906,0.40369210014729406,2000.0,25.0,0.3333333333333333,1.3652123889719707,400.0,56.25,1.0,1.2090619551221675,aggregating,0.9716535458745946,0.9500733369567967,0.9810941497429531,bivariate_enhancement
458,40.0,90.0,62.188242719121064,2.6771245955067258,0.07591909634072758,5.322787407719399,439.1660064718924,5.919464215265074,0.2777260125500227,2.36760936202277,400.0,56.25,1.0,1.2090619551221675,10000.0,0.0,0.25,1.0,fragmenting,0.9709796653824224,0.9453841231748616,0.980190525512101,bivariate_enhancement
459,45.0,90.0,116.04780515033536,5.669322508351964,0.0,13.248623783883264,391.2908398663686,9.690260706215067,0.2580253696904744,3.5373650994093033,400.0,56.25,1.0,1.2090619551221675,10000.0,0.0,0.25,1.0,fragmenting,0.9707385485604629,0.9426200232578312,0.9795910858690631,bivariate_enhancement
460,50.0,90.0,272.60838650856203,14.367132583809003,0.2884851310520933,14.978218390143258,252.12587865905593,6.702283921263486,0.24158964698717736,5.982882730889309,769.2307692307693,44.44444444444444,0.5,1.2549471261506067,769.2307692307693,44.44444444444444,0.5,1.2549471261506067,stable,0.9704485717840446,0.94121582837474,0.9791056434493287,bivariate_enhancement
461,55.0,90.0,411.5265793711182,22.08480996506212,0.5552389204868552,8.790902664628627,128.64304055900604,2.333873136657226,0.21997591515042098,5.612384405957521,2000.0,25.0,0.5,1.3652123889719707,2500.0,35.59322033898305,0.8,1.0459431618637296,expanding,0.9698046121168481,0.9399932713110053,0.9784693709905864,bivariate_enhancement
462,60.0,90.0,281.9982683777848,14.888792687654712,0.5143984293774869,12.554254585825525,243.7793169975246,0.0,0.09605156470522022,6.6189005940136765,2000.0,25.0,0.5,1.3652123889719707,2500.0,35.59322033898305,0.8,1.0459431618637296,expanding,0.9687899165322974,0.9380825085050182,0.9775105417092822,bivariate_enhancement
463,65.0,90.0,166.77360776974695,8.48742265387483,0.4833647456692548,8.505165754303572,346.2012375380027,0.0,0.0,5.1878278036571635,769.2307692307693,44.44444444444444,0.5,1.2549471261506067,769.2307692307693,44.44444444444444,0.5,1.2549471261506067,stable,0.9676012229047747,0.9352773230697071,0.9762306683754769,bivariate_enhancement
464,70.0,90.0,267.19161328235646,14.06620073790869,1.121809670240813,8.975417021688894,256.940788193461,0.0,0.06487963315730494,6.464614052948989,2000.0,25.0,0.5,1.3652123889719707,2500.0,35.59322033898305,0.8,1.0459431618637296,expanding,0.9665021569481982,0.9316606461409844,0.9746858235535452,bivariate_enhancement
465,75.0,90.0,376.34813749311417,20.13045208295079,1.8399245671780595,7.461299222151143,159.9127666727874,3.417473737498059,0.21503225558599212,5.269015408078165,400.0,56.25,1.0,1.2090619551221675,10000.0,0.0,0.25,1.0,fragmenting,0.9657091513007492,0.9271241678760943,0.9729844948731051,bivariate_enhancement
466,80.0,90.0,281.83581938111615,14.879767743395343,0.35803373978183767,9.534377629537662,243.92371610567452,3.1394160339502015,0.207531076435702,9.087960678086752,769.2307692307693,44.44444444444444,0.5,1.2549471261506067,769.2307692307693,44.44444444444444,0.5,1.2549471261506067,stable,0.9653514257874866,0.9211053308366762,0.9714537467752213,bivariate_enhancement
467,85.0,90.0,114.1541223765639,5.564117909809106,0.0,8.17648845346227,392.9741134430543,0.0,0.06863919243179001,4.418649309025182,2000.0,25.0,0.5,1.3652123889719707,2500.0,35.59322033898305,0.8,1.0459431618637296,expanding,0.9654886622100102,0.9130055326853255,0.9706427824494768,bivariate_enhancement
468,90.0,90.0,77.9048255660839,3.550268087004661,0.0,7.086351043660689,425.19571060792543,0.0,0.0,7.751665548461403,400.0,56.25,1.0,1.2090619551221675,10000.0,0.0,0.25,1.0,fragmenting,0.966178605603338,0.9035351044719614,0.9708963748924373,bivariate_enhancement
469,95.0,90.0,151.182528917331,7.621251606518389,0.0,9.058232256117169,360.05997429570573,0.0,0.0,8.748868431127379,2000.0,25.0,0.5,1.3652123889719707,2500.0,35.59322033898305,0.8,1.0459431618637296,expanding,0.9675245263401495,0.8956222267366394,0.972207076442105,bivariate_enhancement
470,100.0,90.0,173.4710085276616,8.859500473758978,0.12775409135094362,8.474180173692366,340.24799241985636,0.0,0.0,6.224093243411842,2000.0,25.0,0.5,1.3652123889719707,2500.0,35.59322033898305,0.8,1.0459431618637296,expanding,0.969617688417115,0.8930726461989202,0.9744093862282449,bivariate_enhancement
471,105.0,90.0,127.53471674466255,6.307484263592364,0.6608569022889206,3.084438719249203,381.08025178252217,0.0,0.0,7.632380641333084,400.0,56.25,1.0,1.2090619551221675,10000.0,0.0,0.25,1.0,fragmenting,0.9724531158556281,0.8981597783816625,0.9772708301736148,bivariate_enhancement
472,110.0,90.0,86.1425349684176,4.007918609356533,1.0909416661810845,0.0,417.87330225029547,0.0,0.0,1.7520941033296875,2000.0,25.0,0.5,1.3652123889719707,2500.0,35.59322033898305,0.8,1.0459431618637296,expanding,0.9759292101980795,0.9105343979758788,0.9805641080121287,bivariate_enhancement
473,115.0,90.0,65.19884822256725,2.844380456809292,1.057445218367088,0.0,436.48991269105136,2.885285333105416,0.0,1.5992961967036705,769.2307692307693,44.44444444444444,0.5,1.2549471261506067,769.2307692307693,44.44444444444444,0.5,1.2549471261506067,stable,0.9798969759871258,0.9277253418815089,0.9841017877587254,bivariate_enhancement
474,120.0,90.0,44.25516147671688,1.680842304262049,1.0239487705530916,0.8630505931911718,455.1065231318072,13.590141075785226,0.007354798436537163,2.198111708257193,769.2307692307693,44.44444444444444,0.5,1.2549471261506067,769.2307692307693,44.44444444444444,0.5,1.2549471261506067,stable,0.9841546482098772,0.9463650591638316,0.9876989075957576,bivariate_enhancement
475,0.0,95.0,404.25848311777696,21.6810268398765,0.6989559410611889,2.0270622087167376,135.10357056197603,7.397448436629392,0.17873502945163766,1.4777248848002487,400.0,56.25,1.0,1.2090619551221675,10000.0,0.0,0.25,1.0,fragmenting,0.9878281780485956,0.9840067482558817,0.9913190183010231,bivariate_enhancement
476,5.0,95.0,126.58014710345206,6.2544526168584476,0.0,3.748084881831482,381.92875813026484,14.541233009921964,0.31914754245014604,0.3215436222371457,2000.0,25.0,0.5,1.3652123889719707,2500.0,35.59322033898305,0.8,1.0459431618637296,expanding,0.9849580065856754,0.9800867423455899,0.9897763253791694,bivariate_enhancement
477,10.0,95.0,-151.09818891087292,0.0,0.0,7.911913996521435,628.7539456985537,21.685017583214535,0.7601076470407873,2.2804934171994757,2000.0,25.0,0.5,1.3652123889719707,2500.0,35.59322033898305,0.8,1.0459431618637296,expanding,0.9821514882899992,0.9762071622033665,0.9884464141424727,bivariate_enhancement
478,15.0,95.0,35.20127374040561,1.1778485411336452,0.0,2.43439702254378,463.1544233418617,16.84767361097261,0.47353389137222285,2.5287876512388685,769.2307692307693,44.44444444444444,0.5,1.2549471261506067,769.2307692307693,44.44444444444444,0.5,1.2549471261506067,stable,0.979282571183317,0.9720352826573729,0.9870775192245915,bivariate_enhancement
479,20.0,95.0,324.60691387292945,17.255939659607193,0.34815016877879146,0.2463722474543184,205.9049654462849,9.347856628611902,0.22387055251153104,0.9648769406599601,2000.0,25.0,0.5,1.3652123889719707,2500.0,35.59322033898305,0.8,1.0459431618637296,expanding,0.9762794893744634,0.9671251429140193,0.98549062940203,bivariate_enhancement
480,25.0,95.0,368.18093893019335,19.676718829455183,0.9207724040686012,0.5925713258107432,167.17249872871704,6.8677803046275825,0.2232797650728153,0.2443135006264594,400.0,56.25,1.0,1.2090619551221675,10000.0,0.0,0.25,1.0,fragmenting,0.9733291811026531,0.9613745377143913,0.9838343811665551,bivariate_enhancement
481,30.0,95.0,259.0357717805965,13.61309843225536,1.6005007570757108,2.1812917139625325,264.19042508391425,6.819051410798644,0.259456311538324,2.9332500355152686,2000.0,25.0,0.5,1.3652123889719707,2500.0,35.59322033898305,0.8,1.0459431618637296,expanding,0.9708398238422168,0.9553440208610829,0.982394394565467,bivariate_enhancement
482,35.0,95.0,155.84244532669203,7.88013585148289,1.2780373049675031,6.640242354806991,355.91782637627375,7.19516628765915,0.267184311269068,4.113964387218416,400.0,56.25,1.0,1.2090619551221675,10000.0,0.0,0.25,1.0,fragmenting,0.9691520850268613,0.9499491181556456,0.9812853354165103,bivariate_enhancement
483,40.0,95.0,59.79132770761819,2.5439626504232327,0.0,14.226748982971909,441.2965975932283,8.081093689346993,0.1989794611100027,4.869861089884733,2000.0,25.0,0.5,1.3652123889719707,2500.0,35.59322033898305,0.8,1.0459431618637296,expanding,0.9682573859170414,0.9457775102801227,0.9804953927602555,bivariate_enhancement
484,45.0,95.0,-22.693914402418642,0.0,0.0,23.20513911983618,514.6168128021499,9.185322016574881,0.12267915295831713,6.1278547497819496,2000.0,25.0,0.5,1.3652123889719707,2500.0,35.59322033898305,0.8,1.0459431618637296,expanding,0.9677757304289598,0.9427420099591126,0.9797810653991493,bivariate_enhancement
485,50.0,95.0,-47.86558658517258,0.0,0.14373639351816503,27.806369932225728,536.9916325201534,9.959074295433677,0.16768959144529683,5.685528504993141,400.0,56.25,1.0,1.2090619551221675,10000.0,0.0,0.25,1.0,fragmenting,0.9672174316707999,0.9401720197907053,0.9790193907612494,bivariate_enhancement
486,55.0,95.0,-31.38260855281591,0.0,1.089916988209128,27.73224231580351,522.3400964913919,8.91684217785813,0.2743986279783981,5.568035835623808,2000.0,25.0,0.5,1.3652123889719707,2500.0,35.59322033898305,0.8,1.0459431618637296,expanding,0.9662961993623084,0.9373709322107285,0.9781404197811616,bivariate_enhancement
487,60.0,95.0,84.57834308287951,3.9210190601599733,0.5185465841258504,15.124219983107515,419.2636950374404,3.403943843077294,0.19908694421925635,4.899359665638125,2000.0,25.0,0.5,1.3652123889719707,2500.0,35.59322033898305,0.8,1.0459431618637296,expanding,0.9650599471533033,0.9342586052890404,0.9770176987384486,bivariate_enhancement
488,65.0,95.0,214.4359031284781,11.135327951582116,0.0,6.053915818555372,303.83475277468614,0.0,0.15582482753468274,2.65454944263218,400.0,56.25,1.0,1.2090619551221675,10000.0,0.0,0.25,1.0,fragmenting,0.9638089932303278,0.9311886429889343,0.9756843496193602,bivariate_enhancement
489,70.0,95.0,245.8100524829421,12.878336249052339,0.23124040429622728,7.877186316426468,275.9466200151626,0.6480138441512366,0.15260850046487917,5.7192368207508535,2000.0,25.0,0.5,1.3652123889719707,2500.0,35.59322033898305,0.8,1.0459431618637296,expanding,0.9629036950446169,0.9282905063248367,0.9742240108036928,bivariate_enhancement
490,75.0,95.0,229.97483525947365,11.998601958859647,0.6300043814075484,11.254402865113883,290.0223686582456,5.344623103780475,0.12654959350209966,6.181255029941073,2000.0,25.0,0.5,1.3652123889719707,2500.0,35.59322033898305,0.8,1.0459431618637296,expanding,0.9625902424945522,0.9250654691475173,0.9727410596727247,bivariate_enhancement
491,80.0,95.0,207.2027533851822,10.73348629917679,0.0,9.733031590076322,310.2642192131714,1.7953188089311825,0.16538296143058068,5.8343747966859905,400.0,56.25,1.0,1.2090619551221675,10000.0,0.0,0.25,1.0,fragmenting,0.9629309176594826,0.9202579353445993,0.9714719495492338,bivariate_enhancement
492,85.0,95.0,191.16960364403678,9.842755758002042,0.0,5.558085164617106,324.51590787196733,0.0,0.24378888811005955,1.9463983514585808,769.2307692307693,44.44444444444444,0.5,1.2549471261506067,769.2307692307693,44.44444444444444,0.5,1.2549471261506067,stable,0.9638531875924912,0.9124408979029808,0.9709310399444122,bivariate_enhancement
493,90.0,95.0,176.0313730275406,9.00174294597448,0.0,5.831991425663176,337.97211286440836,0.0,0.22681167250880713,4.349524673316211,2000.0,25.0,0.5,1.3652123889719707,2500.0,35.59322033898305,0.8,1.0459431618637296,expanding,0.9652814355757969,0.9018156687572724,0.9715328700969444,bivariate_enhancement
494,95.0,95.0,161.63890834825196,8.202161574902885,0.0,10.39115921591242,350.7654148015538,0.0,0.11806851270211693,8.885148364558999,769.2307692307693,44.44444444444444,0.5,1.2549471261506067,769.2307692307693,44.44444444444444,0.5,1.2549471261506067,stable,0.9672363680036845,0.8917129961377103,0.9732239061521432,bivariate_enhancement
495,100.0,95.0,195.2049196594647,10.066939981081372,0.1550382682149934,8.852157541711723,320.92896030269804,0.0,0.029270249392530617,6.588409282942989,2000.0,25.0,0.5,1.3652123889719707,2500.0,35.59322033898305,0.8,1.0459431618637296,expanding,0.9697852455687712,0.8871175734826118,0.9757183838005228,bivariate_enhancement
496,105.0,95.0,311.60941393810674,16.533856329894817,1.0954880997895853,0.43766470372867494,217.45829872168292,0.0,0.01802409981490527,2.138328215107737,769.2307692307693,44.44444444444444,0.5,1.2549471261506067,769.2307692307693,44.44444444444444,0.5,1.2549471261506067,stable,0.972922448933193,0.8913671702613012,0.9786914235143884,bivariate_enhancement
497,110.0,95.0,370.9256316559382,19.829201758663235,1.8127142965221315,0.0,164.73277186138824,0.0,0.032869159462081854,-1.2575695612222018,2000.0,25.0,0.3333333333333333,1.3652123889719707,400.0,56.25,1.0,1.2090619551221675,aggregating,0.97654593239059,0.9043870604678178,0.9818899599219177,bivariate_enhancement
498,115.0,95.0,173.34460485012144,8.852478047228969,1.5254341364654702,0.0,340.3603512443365,5.1480607316668054,0.0,2.0330775924201276,769.2307692307693,44.44444444444444,0.5,1.2549471261506067,769.2307692307693,44.44444444444444,0.5,1.2549471261506067,stable,0.9805215634685764,0.9231226978370429,0.9851800483951455,bivariate_enhancement
499,120.0,95.0,-24.236421955695363,0.0,1.2381539764088085,0.9474976349882198,515.9879306272846,14.672465035301517,0.0,2.196122949574592,2000.0,25.0,0.3333333333333333,1.3652123889719707,400.0,56.25,1.0,1.2090619551221675,aggregating,0.9846895930861567,0.9433812458503382,0.9884778241529042,bivariate_enhancement
500,0.0,100.0,456.13244589341303,24.562913660745167,1.1544716413653249,1.2665305754394267,88.99338142807731,12.712222282023172,0.1744138701695758,2.2272178280949806,2000.0,25.0,0.5,1.3652123889719707,2500.0,35.59322033898305,0.8,1.0459431618637296,expanding,0.9876974642312253,0.9830582638979807,0.9910733118574494,bivariate_enhancement
501,5.0,100.0,156.85214034006796,7.936230018892664,0.08315324319038875,0.7352888918534934,355.0203196977174,18.712435048916454,0.24626231196782974,2.6007815880132767,2000.0,25.0,0.5,1.3652123889719707,2500.0,35.59322033898305,0.8,1.0459431618637296,expanding,0.9845413779207907,0.978912503100111,0.98953895809039,bivariate_enhancement
502,10.0,100.0,-142.4281652132772,0.0,0.0,8.005969779992817,621.0472579673575,24.71264781580974,0.7479228024231592,3.4328334131044667,2000.0,25.0,0.5,1.3652123889719707,2500.0,35.59322033898305,0.8,1.0459431618637296,expanding,0.981312727068922,0.9748853002802711,0.9882686929500204,bivariate_enhancement
503,15.0,100.0,33.03173596632093,1.0573186647956072,0.0,3.29401050107257,465.0829013632703,20.086380907297787,0.4320362467743937,0.4775321185939888,2000.0,25.0,0.3333333333333333,1.3652123889719707,400.0,56.25,1.0,1.2090619551221675,aggregating,0.9779667483019284,0.9707412790809825,0.9870052367006008,bivariate_enhancement
504,20.0,100.0,313.9894608643509,16.666081159130606,0.5147910260175876,0.4812319651995496,215.3427014539103,13.098674070918003,0.18181245347043867,-0.048180505546343566,2000.0,25.0,0.5,1.3652123889719707,2500.0,35.59322033898305,0.8,1.0459431618637296,expanding,0.9745733053912303,0.9661654154443394,0.9855363413493715,bivariate_enhancement
505,25.0,100.0,415.004444218324,22.278024678795777,1.398367788958809,1.8453704495500096,125.55160513926755,10.816868349470935,0.19609221343392172,1.6839768121299492,2000.0,25.0,0.5,1.3652123889719707,2500.0,35.59322033898305,0.8,1.0459431618637296,expanding,0.9714094883689938,0.9611654974204288,0.9839727262446848,bivariate_enhancement
506,30.0,100.0,398.3408302449929,21.35226834694405,2.433874738880434,3.869440473976448,140.3637064488952,11.046024283870723,0.21498522287735022,3.296545480021309,400.0,56.25,1.0,1.2090619551221675,10000.0,0.0,0.25,1.0,fragmenting,0.9688262871244059,0.9562703614688761,0.9826558749706005,bivariate_enhancement
507,35.0,100.0,324.9132469207104,17.272958162261688,2.0934526274489027,7.5044850357802355,205.632669403813,9.992054620532823,0.22867632931497311,3.4254255681357764,2000.0,25.0,0.3333333333333333,1.3652123889719707,400.0,56.25,1.0,1.2090619551221675,aggregating,0.9670133446267164,0.9520617640111825,0.9817974816778376,bivariate_enhancement
508,40.0,100.0,183.36890037528596,9.409383354182552,0.10191564239358109,13.366057599713315,331.44986633307917,7.398334239909694,0.18978978563658722,3.521916388235565,769.2307692307693,44.44444444444444,0.5,1.2549471261506067,769.2307692307693,44.44444444444444,0.5,1.2549471261506067,stable,0.9658685999545735,0.9485180484214003,0.9811752908626873,bivariate_enhancement
509,45.0,100.0,41.442565727387624,1.524586984854868,0.0,19.06170920484159,457.6066082423221,6.665454891634007,0.13192752853526254,6.719784602755925,400.0,56.25,1.0,1.2090619551221675,10000.0,0.0,0.25,1.0,fragmenting,0.9650496694895502,0.9450909638223522,0.980391883240544,bivariate_enhancement
510,50.0,100.0,-88.01578293127903,0.0,0.49845848311579016,18.83807513821119,572.6806959389147,10.272358938768278,0.21955732733479366,5.389514889734278,2000.0,25.0,0.5,1.3652123889719707,2500.0,35.59322033898305,0.8,1.0459431618637296,expanding,0.9641765244293528,0.9412209731587492,0.9793800766050026,bivariate_enhancement
511,55.0,100.0,-165.72561403351867,0.0,1.605981826151043,13.820167725110307,641.7561013631276,12.270856676859028,0.4112102969021652,8.583777632446221,769.2307692307693,44.44444444444444,0.5,1.2549471261506067,769.2307692307693,44.44444444444444,0.5,1.2549471261506067,stable,0.9630559944716889,0.9368269480420333,0.9782098706099828,bivariate_enhancement
512,60.0,100.0,71.75041649108643,3.2083564717270234,0.6464998065716779,4.621563791061931,430.66629645236765,7.522181687262808,0.34929665519021685,3.862758047068152,2000.0,25.0,0.5,1.3652123889719707,2500.0,35.59322033898305,0.8,1.0459431618637296,expanding,0.9617889051617812,0.9324870504113844,0.9768956908593821,bivariate_enhancement
513,65.0,100.0,322.71601345020235,17.15088963612235,0.0,0.9202160546293683,207.58576582204236,2.6705654739559415,0.2643946045374222,4.141890787068867,769.2307692307693,44.44444444444444,0.5,1.2549471261506067,769.2307692307693,44.44444444444444,0.5,1.2549471261506067,stable,0.9607166206545835,0.9288949139695167,0.9755725515942736,bivariate_enhancement
514,70.0,100.0,236.85649357762034,12.380916309867796,0.0,3.345730092117569,283.90533904211526,3.5433659319845705,0.19459046482029918,4.0774604524275855,769.2307692307693,44.44444444444444,0.5,1.2549471261506067,769.2307692307693,44.44444444444444,0.5,1.2549471261506067,stable,0.9602306124778174,0.9261989598676011,0.9743698989116937,bivariate_enhancement
515,75.0,100.0,86.10433944199515,4.005796635666398,0.0,9.536727829597773,417.90725382933766,5.763555923415712,0.0,6.883438035446434,2000.0,25.0,0.3333333333333333,1.3652123889719707,400.0,56.25,1.0,1.2090619551221675,aggregating,0.9605633767912687,0.923731709510519,0.9733466298645369,bivariate_enhancement
516,80.0,100.0,102.599797437863,4.922210968770167,0.0,9.536534710974063,403.24462449967734,1.4743811760303072,0.09014846442872655,5.429079020971724,769.2307692307693,44.44444444444444,0.5,1.2549471261506067,769.2307692307693,44.44444444444444,0.5,1.2549471261506067,stable,0.9617024532036673,0.9198866861202737,0.9725699659997098,bivariate_enhancement
517,85.0,100.0,189.61564062800886,9.756424479333827,0.0,6.719495067102545,325.89720833065877,0.0,0.28385393096226286,4.927043117099224,400.0,56.25,1.0,1.2090619551221675,10000.0,0.0,0.25,1.0,fragmenting,0.9634641027585346,0.9126500049656999,0.9724092507735718,bivariate_enhancement
518,90.0,100.0,196.3877028795566,10.132650159975368,0.0,7.474702129084218,319.8775974403941,0.0,0.3203334613542024,7.059759340111656,400.0,56.25,1.0,1.2090619551221675,10000.0,0.0,0.25,1.0,fragmenting,0.9656554105137798,0.9016113959302384,0.9733000256358124,bivariate_enhancement
519,95.0,100.0,136.2899476822722,6.793885982348456,0.0,11.58253754733935,373.2978242824247,0.0,0.26262202386676275,9.11446708468117,2000.0,25.0,0.3333333333333333,1.3652123889719707,400.0,56.25,1.0,1.2090619551221675,aggregating,0.9682061385081814,0.8900523344116569,0.9751879690574341,bivariate_enhancement
520,100.0,100.0,174.206995498117,8.900388638784278,0.15405178042720064,8.26879674074901,339.59378177945155,0.0,0.15137531895487755,7.322399370235647,2000.0,25.0,0.3333333333333333,1.3652123889719707,400.0,56.25,1.0,1.2090619551221675,aggregating,0.9711496210239975,0.8837505738034777,0.977719471783444,bivariate_enhancement
521,105.0,100.0,374.2524599120612,20.01402555067007,0.9095236175269822,0.0,161.7755911892789,0.0,0.10357612593185148,-1.045803799065007,2000.0,25.0,0.3333333333333333,1.3652123889719707,400.0,56.25,1.0,1.2090619551221675,aggregating,0.9744837537876753,0.8870416795507887,0.9805490877745946,bivariate_enhancement
522,110.0,100.0,486.89165028389186,26.271758349105106,1.5029186106531167,1.4495852317697744,61.65186641431832,0.0,0.18302629406440463,2.0136968930935577,400.0,56.25,1.0,1.2090619551221675,10000.0,0.0,0.25,1.0,fragmenting,0.9781198605589716,0.9003189886015532,0.9834682162938462,bivariate_enhancement
523,115.0,100.0,206.20260746620883,10.677922637011601,1.366967805897838,0.0,311.1532378078143,5.943283372402223,0.0,-1.4820100618200958,2000.0,25.0,0.5,1.3652123889719707,2500.0,35.59322033898305,0.8,1.0459431618637296,expanding,0.9819531284189104,0.9201761887067329,0.9864216393490688,bivariate_enhancement
524,120.0,100.0,-74.4864353514742,0.0,1.231017001142559,0.5717108719649984,560.6546092013104,13.19499094644998,0.0,-0.39546641332860055,769.2307692307693,44.44444444444444,0.5,1.2549471261506067,769.2307692307693,44.44444444444444,0.5,1.2549471261506067,stable,0.9858747789112975,0.9416687249744581,0.9893982541127705,bivariate_enhancement
525,0.0,105.0,119.4306640065558,5.857259111475322,2.480127504619217,0.0,388.28385421639484,19.239012141881012,0.09315852303625032,-0.12807757029759043,2000.0,25.0,0.5,1.3652123889719707,2500.0,35.59322033898305,0.8,1.0459431618637296,expanding,0.987919764701611,0.982861102778729,0.9911664154300076,bivariate_enhancement
526,5.0,105.0,96.93384281985307,4.607435712214059,1.7351062169618596,0.0,408.28102860457506,16.736290506494615,0.22533216339453133,1.2014688037062649,2000.0,25.0,0.5,1.3652123889719707,2500.0,35.59322033898305,0.8,1.0459431618637296,expanding,0.9845245209173454,0.9785825859383621,0.9896351348264907,bivariate_enhancement
527,10.0,105.0,74.43702163315037,3.3576123129527984,0.9900849293045018,0.0,428.2782029927552,14.23356887110822,0.3729651607512079,-0.028436163922477196,769.2307692307693,44.44444444444444,0.5,1.2549471261506067,769.2307692307693,44.44444444444444,0.5,1.2549471261506067,stable,0.9809520998391716,0.9745124435855628,0.988400822572376,bivariate_enhancement
528,15.0,105.0,184.6066186614045,9.478145481189138,0.9254425590725044,3.3405513655162853,330.3496723009738,10.831116463729463,0.3041914459739985,-1.4285915087395256,2000.0,25.0,0.3333333333333333,1.3652123889719707,400.0,56.25,1.0,1.2090619551221675,aggregating,0.9772811249344114,0.9705714528911319,0.9872351288842984,bivariate_enhancement
529,20.0,105.0,324.25764195964905,17.23653566442495,1.0119955038239208,5.928248312713079,206.21542936920085,7.2287238847968505,0.22829600622485494,2.32566288451119,769.2307692307693,44.44444444444444,0.5,1.2549471261506067,769.2307692307693,44.44444444444444,0.5,1.2549471261506067,stable,0.9737488574003379,0.9666072678151506,0.9859184511559087,bivariate_enhancement
530,25.0,105.0,441.0856584892442,23.726981027180233,1.5983537429296573,3.8476645224542594,102.36830356511626,6.864504860590503,0.2151765863770003,2.8671820110170425,400.0,56.25,1.0,1.2090619551221675,10000.0,0.0,0.25,1.0,fragmenting,0.9706968637645156,0.9626818998238426,0.9845256327840024,bivariate_enhancement
531,30.0,105.0,533.4657621800122,28.85920901000068,2.6241453273548063,0.7944476041051016,20.252655839989142,8.448181517306203,0.18862389418710893,5.28689494322982,2000.0,25.0,0.5,1.3652123889719707,2500.0,35.59322033898305,0.8,1.0459431618637296,expanding,0.9683238868866407,0.9591561822855413,0.9834404066676885,bivariate_enhancement
532,35.0,105.0,535.9192240306801,28.995512446148894,2.5734658103675576,0.8009575730090421,18.07180086161768,8.047832857289617,0.1870001854696789,1.0405949284533873,769.2307692307693,44.44444444444444,0.5,1.2549471261506067,769.2307692307693,44.44444444444444,0.5,1.2549471261506067,stable,0.9665536480408078,0.9561918322811092,0.9828495903721032,bivariate_enhancement
533,40.0,105.0,430.46071567322747,23.136706426290417,1.2310209716854277,3.528177199884455,111.81269717935334,5.266653817194288,0.22166091231730048,2.936738329061353,769.2307692307693,44.44444444444444,0.5,1.2549471261506067,769.2307692307693,44.44444444444444,0.5,1.2549471261506067,stable,0.9651586901849629,0.9532340664162346,0.9824084489078678,bivariate_enhancement
534,45.0,105.0,325.8948662348448,17.327492568602487,0.49660375516274907,3.9030799502812568,204.76011890236018,4.465088694788425,0.25701365298701095,5.2940798853332005,769.2307692307693,44.44444444444444,0.5,1.2549471261506067,769.2307692307693,44.44444444444444,0.5,1.2549471261506067,stable,0.963932058034522,0.9494729770690569,0.9817109896432511,bivariate_enhancement
535,50.0,105.0,223.8811951314727,11.66006639619293,1.2633360824885065,2.095859926267656,295.4389376609131,8.75116045942662,0.36069465989448124,2.849298375479763,2000.0,25.0,0.5,1.3652123889719707,2500.0,35.59322033898305,0.8,1.0459431618637296,expanding,0.9627533237296888,0.9446269399282619,0.9806307701331242,bivariate_enhancement
536,55.0,105.0,148.57662766811956,7.476479314895531,1.7036241763218212,0.0,362.3763309616715,11.493119103845887,0.5011752505845527,0.9713176398606259,769.2307692307693,44.44444444444444,0.5,1.2549471261506067,769.2307692307693,44.44444444444444,0.5,1.2549471261506067,stable,0.9615966615608786,0.9391721636101193,0.9792905263760322,bivariate_enhancement
537,60.0,105.0,337.78677834259844,17.98815435236658,0.683331663882193,0.0,194.18953036213475,1.6639499479932796,0.26738037602771403,0.8749345736896336,2000.0,25.0,0.5,1.3652123889719707,2500.0,35.59322033898305,0.8,1.0459431618637296,expanding,0.9605640859976001,0.9340479413692758,0.9778464263326372,bivariate_enhancement
538,65.0,105.0,540.0794534761962,29.22663630423312,0.0,3.849807981530971,14.373819132270071,0.0,0.20198242099419958,5.548776539440361,769.2307692307693,44.44444444444444,0.5,1.2549471261506067,769.2307692307693,44.44444444444444,0.5,1.2549471261506067,stable,0.9599152405335047,0.930019491517516,0.9765457985833952,bivariate_enhancement
539,70.0,105.0,299.82795431216766,15.879330795120426,0.0,0.0,227.93070727807319,0.0,0.14788062028191146,1.5195199424377717,2000.0,25.0,0.5,1.3652123889719707,2500.0,35.59322033898305,0.8,1.0459431618637296,expanding,0.9599649318996719,0.9272496121656206,0.9756189785592894,bivariate_enhancement
540,75.0,105.0,-2.065636801588923,0.0,0.0,1.183236666289031,496.2805660458568,0.0,0.0,1.3988699414490409,2000.0,25.0,0.5,1.3652123889719707,2500.0,35.59322033898305,0.8,1.0459431618637296,expanding,0.9608907823908681,0.9251181328888008,0.9750845591607571,bivariate_enhancement
541,80.0,105.0,-32.671446082215994,0.0,0.0,12.493372896415078,523.4857298508587,0.0,0.0,8.176904148959231,2000.0,25.0,0.5,1.3652123889719707,2500.0,35.59322033898305,0.8,1.0459431618637296,expanding,0.9626383761301971,0.9219695306420942,0.9748359182331652,bivariate_enhancement
542,85.0,105.0,42.802581454571545,1.6001434141428637,0.0,20.358501438886066,456.39770537371425,0.0,0.07408414945381503,6.991830515428141,2000.0,25.0,0.5,1.3652123889719707,2500.0,35.59322033898305,0.8,1.0459431618637296,expanding,0.9649883230605919,0.9154919119462828,0.9750449086235812,bivariate_enhancement
543,90.0,105.0,43.341994750322655,1.6301108194623697,0.0,21.370738033088017,455.9182268886021,0.0,0.15673324712593745,9.622436046060317,769.2307692307693,44.44444444444444,0.5,1.2549471261506067,769.2307692307693,44.44444444444444,0.5,1.2549471261506067,stable,0.9676972545151654,0.9047520022062434,0.9760894408143669,bivariate_enhancement
544,95.0,105.0,-18.564103821456968,0.0,0.0,17.30981735942822,510.9458700635173,0.0,0.23608855328561817,9.397374054527328,769.2307692307693,44.44444444444444,0.5,1.2549471261506067,769.2307692307693,44.44444444444444,0.5,1.2549471261506067,stable,0.9706249246474911,0.8926895348388271,0.9779532088382324,bivariate_enhancement
545,100.0,105.0,-4.172393087568771,0.0,0.36941717642814176,8.52134667434205,498.1532383000611,0.0,0.3060126367908877,6.9085469292444115,769.2307692307693,44.44444444444444,0.5,1.2549471261506067,769.2307692307693,44.44444444444444,0.5,1.2549471261506067,stable,0.9737602753722463,0.8854213254733415,0.9802906101346714,bivariate_enhancement
546,105.0,105.0,129.48100197500557,6.415611220833643,0.0,0.0,379.3502204666617,0.0,0.26197530277974096,0.48381373213901596,2000.0,25.0,0.3333333333333333,1.3652123889719707,400.0,56.25,1.0,1.2090619551221675,aggregating,0.9771000114704754,0.887968067678097,0.982792654481577,bivariate_enhancement
547,110.0,105.0,200.21030641512147,10.345017023062304,0.0,0.0,316.47972763100313,0.0,0.21510154137365356,-0.29177068778633286,400.0,56.25,1.0,1.2090619551221675,10000.0,0.0,0.25,1.0,fragmenting,0.980575324896192,0.9010734709298922,0.9853227752067266,bivariate_enhancement
548,115.0,105.0,-12.218796945827208,0.0,0.40273502011338175,0.0,505.3055972851798,2.8133918231537303,0.0,-0.8605737016577868,400.0,56.25,1.0,1.2090619551221675,10000.0,0.0,0.25,1.0,fragmenting,0.984112895647556,0.9211627159378389,0.9878938589642228,bivariate_enhancement
549,120.0,105.0,-224.64790030677585,0.0,1.1352963332013273,5.1159313746612884,694.1314669393563,7.1525048228534756,0.0,6.713840604211634,2000.0,25.0,0.5,1.3652123889719707,2500.0,35.59322033898305,0.8,1.0459431618637296,expanding,0.98764881567609,0.942856737916167,0.9905328532424666,bivariate_enhancement
550,0.0,110.0,-118.10784605634592,0.0,3.2925700253700922,0.0,599.4291964945297,23.52199758441549,0.05893598644233883,-1.139718894500163,2000.0,25.0,0.5,1.3652123889719707,2500.0,35.59322033898305,0.8,1.0459431618637296,expanding,0.9887898416550439,0.9837750811760497,0.9918290471489672,bivariate_enhancement
551,5.0,110.0,60.94789910664228,2.6082166170356826,2.93732968002138,0.0,440.26853412742906,15.13809103345595,0.12970284699775048,0.497975345156914,2000.0,25.0,0.5,1.3652123889719707,2500.0,35.59322033898305,0.8,1.0459431618637296,expanding,0.9853780401787305,0.9795550466015026,0.9903650614836235,bivariate_enhancement
552,10.0,110.0,240.0036442696306,12.555758014979478,2.5820893346726694,0.0,281.10787176032835,6.754184482496403,0.1760794829101746,-0.7519863361164519,2000.0,25.0,0.3333333333333333,1.3652123889719707,400.0,56.25,1.0,1.2090619551221675,aggregating,0.9817178608137694,0.9756129775297652,0.9891917002717638,bivariate_enhancement
553,15.0,110.0,279.98496354388976,14.776942419104989,2.045253165468934,3.629376542611423,245.56892129432018,4.051268718260707,0.2185617654730898,2.9356602678007784,2000.0,25.0,0.3333333333333333,1.3652123889719707,400.0,56.25,1.0,1.2090619551221675,aggregating,0.9780043962372444,0.972050559774342,0.9881319729043392,bivariate_enhancement
554,20.0,110.0,289.0608548428759,15.281158602381996,1.4680623687418604,11.852187198776019,237.50146236188806,2.610795351074756,0.26007401881857106,1.8557367133922926,400.0,56.25,1.0,1.2090619551221675,10000.0,0.0,0.25,1.0,fragmenting,0.9746322670507421,0.968871935688102,0.9869935009642431,bivariate_enhancement
555,25.0,110.0,409.01950883927617,21.945528268848676,1.8186905561167446,7.208023460503144,130.87154769842118,3.1918002594667003,0.23915353440983567,2.886526961678612,400.0,56.25,1.0,1.2090619551221675,10000.0,0.0,0.25,1.0,fragmenting,0.9719936152363026,0.9661233720561929,0.9858335689675636,bivariate_enhancement
556,30.0,110.0,584.3815257371297,30.0,2.826556629416262,0.0,0.0,5.301081891603363,0.16287887762104286,2.1316444416548572,2000.0,25.0,0.5,1.3652123889719707,2500.0,35.59322033898305,0.8,1.0459431618637296,expanding,0.9700957229845729,0.96390501097684,0.9849882546349816,bivariate_enhancement
557,35.0,110.0,657.5639614713173,30.0,3.014913621587119,0.0,0.0,5.354763539465551,0.12443192169751709,5.436958521137364,2000.0,25.0,0.3333333333333333,1.3652123889719707,400.0,56.25,1.0,1.2090619551221675,aggregating,0.9685422354226473,0.961991937997093,0.9845831641402851,bivariate_enhancement
558,40.0,110.0,608.1308998091059,30.0,2.2198597164035796,0.6230717059108419,0.0,2.9417252061983628,0.139941809742911,4.146653122323407,400.0,56.25,1.0,1.2090619551221675,10000.0,0.0,0.25,1.0,fragmenting,0.9669769016025043,0.959521353342824,0.9843257919644445,bivariate_enhancement
559,45.0,110.0,557.6411526489741,30.0,1.7023058197317,2.382101606615748,0.0,2.445436387421572,0.1605174362750618,3.9528948689300596,2000.0,25.0,0.5,1.3652123889719707,2500.0,35.59322033898305,0.8,1.0459431618637296,expanding,0.9654016799141907,0.9556542469807655,0.9838129987580159,bivariate_enhancement
560,50.0,110.0,491.19046566687393,26.510581425937442,1.7632009160304185,1.8348412927826465,57.830697185000936,7.300271844546711,0.20877162807471691,3.7754716344657298,400.0,56.25,1.0,1.2090619551221675,10000.0,0.0,0.25,1.0,fragmenting,0.9640434231765459,0.9504250245323957,0.982841490405027,bivariate_enhancement
561,55.0,110.0,426.2156234154772,22.90086796752651,1.5135842714736982,0.0,115.58611251957585,10.822873291811366,0.29297864658364475,-1.7816414886758938,769.2307692307693,44.44444444444444,0.5,1.2549471261506067,769.2307692307693,44.44444444444444,0.5,1.2549471261506067,stable,0.9630657913923446,0.944681026249803,0.9815275761786123,bivariate_enhancement
562,60.0,110.0,573.1459058838261,30.0,0.5821156642700137,5.6718654991921,0.0,0.0,0.1639084457597439,5.924848160679533,400.0,56.25,1.0,1.2090619551221675,10000.0,0.0,0.25,1.0,fragmenting,0.9625015786045231,0.9394449187761762,0.9800879943174945,bivariate_enhancement
563,65.0,110.0,732.7516708359018,30.0,0.0,18.327117802889806,0.0,0.0,0.27051748294107847,12.670022873940864,2000.0,25.0,0.3333333333333333,1.3652123889719707,400.0,56.25,1.0,1.2090619551221675,aggregating,0.9624090145726596,0.9353724398227006,0.9788599811185533,bivariate_enhancement
564,70.0,110.0,404.57019865677984,21.698344369821104,0.0,0.0,134.82649008286236,0.0,0.16935546083616257,1.1003581229691464,769.2307692307693,44.44444444444444,0.5,1.2549471261506067,769.2307692307693,44.44444444444444,0.5,1.2549471261506067,stable,0.9629388699229291,0.9326235473498974,0.9781631405965555,bivariate_enhancement
565,75.0,110.0,24.044776304480468,0.5580431280266929,0.0,0.0,473.07130995157286,0.0,0.0312640280026647,0.5623957770292913,2000.0,25.0,0.3333333333333333,1.3652123889719707,400.0,56.25,1.0,1.2090619551221675,aggregating,0.9642038087696888,0.9307140911811908,0.9779870066960347,bivariate_enhancement
566,80.0,110.0,-60.49324613845096,0.0,0.0,12.220950691400793,548.2162187897342,0.0,0.0,7.772288792592786,769.2307692307693,44.44444444444444,0.5,1.2549471261506067,769.2307692307693,44.44444444444444,0.5,1.2549471261506067,stable,0.9661608658047871,0.9281198922366025,0.9781268703984523,bivariate_enhancement
567,85.0,110.0,-33.14468700035553,0.0,0.0,32.306425226103,523.9063884447605,0.0,0.0,10.954369725207412,2000.0,25.0,0.3333333333333333,1.3652123889719707,400.0,56.25,1.0,1.2090619551221675,aggregating,0.9686378904827837,0.922519905641565,0.9785913854003541,bivariate_enhancement
568,90.0,110.0,-62.79421481775766,0.0,0.0,35.56643528550432,550.2615242824513,0.0,0.0,8.253869090366353,2000.0,25.0,0.3333333333333333,1.3652123889719707,400.0,56.25,1.0,1.2090619551221675,aggregating,0.9714233923887388,0.9127019373864924,0.9796433901812173,bivariate_enhancement
569,95.0,110.0,-139.94214843140765,0.0,0.30179048299143785,22.860583726384316,618.8374652723624,0.0,0.16255883623237133,8.150503658328914,2000.0,25.0,0.3333333333333333,1.3652123889719707,400.0,56.25,1.0,1.2090619551221675,aggregating,0.9743552337293254,0.9011442753678074,0.9813042260238788,bivariate_enhancement
570,100.0,110.0,-160.60898008797753,0.0,0.5907765265437477,8.315288392739618,637.2079823004244,0.0,0.48274856475650646,8.230993599349762,400.0,56.25,1.0,1.2090619551221675,10000.0,0.0,0.25,1.0,fragmenting,0.9773800413343227,0.8937965197803004,0.9832959167620432,bivariate_enhancement
571,105.0,110.0,-101.55535855724537,0.0,0.0,0.0,584.715874273107,0.0,0.7223170552654006,0.20179468241908993,769.2307692307693,44.44444444444444,0.5,1.2549471261506067,769.2307692307693,44.44444444444444,0.5,1.2549471261506067,stable,0.9804842233468193,0.8958800852028835,0.9853757465368409,bivariate_enhancement
572,110.0,110.0,-73.51043171799813,0.0,0.0,0.0,559.7870504159984,0.0,0.8287021886230519,2.6499516404889634,2000.0,25.0,0.5,1.3652123889719707,2500.0,35.59322033898305,0.8,1.0459431618637296,expanding,0.9836140389148916,0.9082442519557625,0.9874706464089253,bivariate_enhancement
573,115.0,110.0,-185.0046309904349,0.0,0.0,0.0,658.893005324831,1.552656485116629,0.4526331562557967,0.5712895811621685,2000.0,25.0,0.5,1.3652123889719707,2500.0,35.59322033898305,0.8,1.0459431618637296,expanding,0.9867177142601906,0.9273192225078147,0.9896333074705933,bivariate_enhancement
574,120.0,110.0,-296.49883026287165,0.0,0.8253569440006249,6.3869385262307485,757.9989602336636,3.163955982686167,0.0,5.796494989803497,769.2307692307693,44.44444444444444,0.5,1.2549471261506067,769.2307692307693,44.44444444444444,0.5,1.2549471261506067,stable,0.9897618842431121,0.9477618447366195,0.9919017935855784,bivariate_enhancement
575,0.0,115.0,90.5883670885554,4.254909282697522,1.7955525048573775,0.0,413.92145147683965,17.707863148994765,0.0,-1.842279216556092,2000.0,25.0,0.5,1.3652123889719707,2500.0,35.59322033898305,0.8,1.0459431618637296,expanding,0.9903697635784708,0.9857992842906494,0.993047552766838,bivariate_enhancement
576,5.0,115.0,132.65754752495212,6.592085973608451,2.11577034487713,0.0,376.5266244222648,15.240644372641517,0.0,-3.466284560137268,2000.0,25.0,0.5,1.3652123889719707,2500.0,35.59322033898305,0.8,1.0459431618637296,expanding,0.9872516802072031,0.9818990963251201,0.9917462127702302,bivariate_enhancement
577,10.0,115.0,174.7267279613489,8.929262664519381,2.4359881848968827,0.2013198855713636,339.1317973676899,12.77342559628827,0.0,-0.11779817936993003,2000.0,25.0,0.5,1.3652123889719707,2500.0,35.59322033898305,0.8,1.0459431618637296,expanding,0.9838526230465634,0.9783113659159244,0.9906955638794497,bivariate_enhancement
578,15.0,115.0,122.4788882696819,6.026604903871217,2.154369774743176,8.83433039037988,385.57432153806053,8.41079611424002,0.004023577698390929,1.7937559937287957,2000.0,25.0,0.5,1.3652123889719707,2500.0,35.59322033898305,0.8,1.0459431618637296,expanding,0.9804304242143435,0.9752922167810374,0.9897788914746483,bivariate_enhancement
579,20.0,115.0,49.27171077177855,1.9595394873210308,1.7390099756620339,21.528034571061813,450.6473682028635,3.626964253148439,0.11033859691380214,2.9281359030495464,400.0,56.25,1.0,1.2090619551221675,10000.0,0.0,0.25,1.0,fragmenting,0.9774742776509117,0.9729596137666442,0.9888559815429195,bivariate_enhancement
580,25.0,115.0,115.2902215453062,5.627234530294789,2.130606235776908,21.34164687138569,391.96424751528343,0.7775606532477388,0.2055183955709896,5.309052021681233,2000.0,25.0,0.5,1.3652123889719707,2500.0,35.59322033898305,0.8,1.0459431618637296,expanding,0.9754077778876281,0.971296733423442,0.9879593174768548,bivariate_enhancement
581,30.0,115.0,256.3560315936835,13.464223977426858,3.083601142619591,12.075405106795289,266.57241636117027,0.0,0.23008581889894467,5.615439364513142,400.0,56.25,1.0,1.2090619551221675,10000.0,0.0,0.25,1.0,fragmenting,0.974091418978952,0.9701361442695363,0.9873054949966236,bivariate_enhancement
582,35.0,115.0,377.08312039995434,20.17128446666413,3.2828172601607593,6.0262109954247185,159.2594485333739,0.0,0.22891771181008821,3.5581412074066434,2000.0,25.0,0.5,1.3652123889719707,2500.0,35.59322033898305,0.8,1.0459431618637296,expanding,0.9728763528266532,0.968986644682591,0.9870198537758526,bivariate_enhancement
583,40.0,115.0,473.4037437156977,25.52243020642765,2.5774988305401068,2.6529054381377035,73.6411166971576,0.0,0.20931431215757446,1.1048720872387858,2000.0,25.0,0.5,1.3652123889719707,2500.0,35.59322033898305,0.8,1.0459431618637296,expanding,0.9713153027114682,0.9669378838955601,0.9869093853995579,bivariate_enhancement
584,45.0,115.0,552.2103756431263,29.90057642461813,1.8949998886864086,1.2148389270318443,3.5907772061099408,1.2389965827090885,0.17339216868712037,4.278261654753654,2000.0,25.0,0.5,1.3652123889719707,2500.0,35.59322033898305,0.8,1.0459431618637296,expanding,0.9696040188421701,0.9633018531992383,0.9865901980451733,bivariate_enhancement
585,50.0,115.0,557.8550523291975,30.0,1.0705083033336973,1.7959179269377754,0.0,6.165777619744736,0.15360397310260163,4.396178354323724,2000.0,25.0,0.5,1.3652123889719707,2500.0,35.59322033898305,0.8,1.0459431618637296,expanding,0.9682730469292915,0.9583483343430043,0.9858230565723612,bivariate_enhancement
586,55.0,115.0,538.8700123685737,29.15944513158743,0.028974219040489912,2.218955351702575,15.44887789460114,10.636340404180705,0.15924709507146168,3.9953420417248453,2000.0,25.0,0.5,1.3652123889719707,2500.0,35.59322033898305,0.8,1.0459431618637296,expanding,0.9676345782340126,0.953058157886879,0.9846811942745827,bivariate_enhancement
587,60.0,115.0,670.4574790287767,30.0,0.0,4.288109754942549,0.0,0.48095014287589005,0.09394153659291891,7.766417568571506,2000.0,25.0,0.5,1.3652123889719707,2500.0,35.59322033898305,0.8,1.0459431618637296,expanding,0.9676064876824939,0.9483511497960894,0.9833807252165736,bivariate_enhancement
588,65.0,115.0,814.3133861973142,30.0,0.0,8.863480755202088,0.0,0.0,0.14976442035139606,8.48350051087952,769.2307692307693,44.44444444444444,0.5,1.2549471261506067,769.2307692307693,44.44444444444444,0.5,1.2549471261506067,stable,0.968000062121774,0.9447063338736781,0.9823053569062138,bivariate_enhancement
589,70.0,115.0,697.280969246689,30.0,0.0,5.74586668296986,0.0,0.0,0.1163661246316168,9.923888408718593,2000.0,25.0,0.5,1.3652123889719707,2500.0,35.59322033898305,0.8,1.0459431618637296,expanding,0.9687928538735431,0.9422567893666738,0.9817846929163483,bivariate_enhancement
590,75.0,115.0,564.4169414839987,30.0,0.0,2.995569951348488,0.0,0.0,0.15746297086240751,3.8761054169896383,2000.0,25.0,0.3333333333333333,1.3652123889719707,400.0,56.25,1.0,1.2090619551221675,aggregating,0.9700654032741522,0.9406457170339733,0.9817952310775098,bivariate_enhancement
591,80.0,115.0,395.20744939261846,21.178191632923248,0.0,2.7206687249435633,143.14893387322803,0.050225385348182855,0.23381965650305664,5.0711453774267214,2000.0,25.0,0.5,1.3652123889719707,2500.0,35.59322033898305,0.8,1.0459431618637296,expanding,0.9718311566515299,0.9385714761337074,0.9821255218483314,bivariate_enhancement
592,85.0,115.0,209.80410277801636,10.878005709889797,0.0,12.554401483588254,307.9519086417632,3.9336044435094806,0.14049562809259525,5.153237350886265,400.0,56.25,1.0,1.2090619551221675,10000.0,0.0,0.25,1.0,fragmenting,0.9740049583554948,0.9339530367589153,0.9826959224898344,bivariate_enhancement
593,90.0,115.0,42.1623191393544,1.564573285519689,0.0,22.435460251749067,456.96682743168503,3.2241970194108673,0.019475691064992307,8.000539175369255,2000.0,25.0,0.5,1.3652123889719707,2500.0,35.59322033898305,0.8,1.0459431618637296,expanding,0.976450800857023,0.9255793762463769,0.9836445305502354,bivariate_enhancement
594,95.0,115.0,-110.67816201935642,0.0,0.32751219603847437,23.50168809708029,592.8250329060946,0.0,0.015918394999699298,11.918205705025402,400.0,56.25,1.0,1.2090619551221675,10000.0,0.0,0.25,1.0,fragmenting,0.9790288328270107,0.9154402447992507,0.9850032126032179,bivariate_enhancement
595,100.0,115.0,-218.3029599546427,0.0,0.8391086701753614,15.919691803479056,688.4915199596824,0.0,0.20556383109901794,9.51924643180689,2000.0,25.0,0.3333333333333333,1.3652123889719707,400.0,56.25,1.0,1.2090619551221675,aggregating,0.9816585522814214,0.9088033378027955,0.986581532862937,bivariate_enhancement
596,105.0,115.0,-270.7837807678794,0.0,0.0,0.0,735.1411384603373,4.209714248721481,0.6012075698947781,2.188619291604024,400.0,56.25,1.0,1.2090619551221675,10000.0,0.0,0.25,1.0,fragmenting,0.9843095574801223,0.9105413343849573,0.9882105445927162,bivariate_enhancement
597,110.0,115.0,-288.90844404069566,0.0,0.0,0.0,751.2519502583962,8.98812327711135,0.8270568464949746,1.3683818509857404,400.0,56.25,1.0,1.2090619551221675,10000.0,0.0,0.25,1.0,fragmenting,0.9869356207577679,0.9214472408530356,0.9898598444432899,bivariate_enhancement
598,115.0,115.0,-152.43039838161766,0.0,0.0,0.0,629.9381318947713,8.703124097530816,0.19747744506210177,0.2529360423829463,769.2307692307693,44.44444444444444,0.5,1.2549471261506067,769.2307692307693,44.44444444444444,0.5,1.2549471261506067,stable,0.9894956535362186,0.9381969532221959,0.9915948572459562,bivariate_enhancement
599,120.0,115.0,-15.952352722539686,0.0,0.0,0.0,508.6243135311464,8.41812491795028,0.0,1.7249039632359362,2000.0,25.0,0.5,1.3652123889719707,2500.0,35.59322033898305,0.8,1.0459431618637296,expanding,0.9919732218135973,0.955957801924408,0.9934505439940045,bivariate_enhancement
